solid OpenSCAD_Model
  facet normal 1 -0 0
    outer loop
      vertex 45 29.9195 -8.43608
      vertex 45 32.5 -11.75
      vertex 45 32.5 0
    endloop
  endfacet
  facet normal 1 0 0
    outer loop
      vertex 45 32.5 -11.75
      vertex 45 30.4817 -11.1537
      vertex 45 30.498 -11.5511
    endloop
  endfacet
  facet normal 1 0 0
    outer loop
      vertex 45 32.5 -11.75
      vertex 45 30.4493 -10.7572
      vertex 45 30.4817 -11.1537
    endloop
  endfacet
  facet normal 1 0 0
    outer loop
      vertex 45 32.5 -11.75
      vertex 45 30.4008 -10.3624
      vertex 45 30.4493 -10.7572
    endloop
  endfacet
  facet normal 1 0 0
    outer loop
      vertex 45 32.5 -11.75
      vertex 45 30.3361 -9.96994
      vertex 45 30.4008 -10.3624
    endloop
  endfacet
  facet normal 1 0 0
    outer loop
      vertex 45 32.5 -11.75
      vertex 45 30.2555 -9.58042
      vertex 45 30.3361 -9.96994
    endloop
  endfacet
  facet normal 1 0 0
    outer loop
      vertex 45 32.5 -11.75
      vertex 45 30.1591 -9.19451
      vertex 45 30.2555 -9.58042
    endloop
  endfacet
  facet normal 1 0 0
    outer loop
      vertex 45 32.5 -11.75
      vertex 45 30.0471 -8.81285
      vertex 45 30.1591 -9.19451
    endloop
  endfacet
  facet normal 1 0 0
    outer loop
      vertex 45 32.5 -11.75
      vertex 45 29.9195 -8.43608
      vertex 45 30.0471 -8.81285
    endloop
  endfacet
  facet normal 1 0 0
    outer loop
      vertex 45 32.5 0
      vertex 45 29.7767 -8.06482
      vertex 45 29.9195 -8.43608
    endloop
  endfacet
  facet normal 1 0 0
    outer loop
      vertex 45 32.5 0
      vertex 45 29.6189 -7.6997
      vertex 45 29.7767 -8.06482
    endloop
  endfacet
  facet normal 1 0 0
    outer loop
      vertex 45 32.5 0
      vertex 45 29.4463 -7.34132
      vertex 45 29.6189 -7.6997
    endloop
  endfacet
  facet normal 1 0 0
    outer loop
      vertex 45 32.5 0
      vertex 45 29.2593 -6.99028
      vertex 45 29.4463 -7.34132
    endloop
  endfacet
  facet normal 1 0 0
    outer loop
      vertex 45 32.5 0
      vertex 45 29.058 -6.64716
      vertex 45 29.2593 -6.99028
    endloop
  endfacet
  facet normal 1 0 0
    outer loop
      vertex 45 32.5 0
      vertex 45 28.843 -6.31254
      vertex 45 29.058 -6.64716
    endloop
  endfacet
  facet normal 1 0 0
    outer loop
      vertex 45 32.5 0
      vertex 45 28.6145 -5.98696
      vertex 45 28.843 -6.31254
    endloop
  endfacet
  facet normal 1 0 0
    outer loop
      vertex 45 32.5 0
      vertex 45 28.3729 -5.67097
      vertex 45 28.6145 -5.98696
    endloop
  endfacet
  facet normal 1 0 0
    outer loop
      vertex 45 32.5 0
      vertex 45 28.1186 -5.36511
      vertex 45 28.3729 -5.67097
    endloop
  endfacet
  facet normal 1 0 0
    outer loop
      vertex 45 32.5 0
      vertex 45 27.852 -5.06987
      vertex 45 28.1186 -5.36511
    endloop
  endfacet
  facet normal 1 0 0
    outer loop
      vertex 45 32.5 0
      vertex 45 27.5736 -4.78575
      vertex 45 27.852 -5.06987
    endloop
  endfacet
  facet normal 1 0 0
    outer loop
      vertex 45 32.5 0
      vertex 45 27.2839 -4.51322
      vertex 45 27.5736 -4.78575
    endloop
  endfacet
  facet normal 1 0 0
    outer loop
      vertex 45 32.5 0
      vertex 45 26.9833 -4.25273
      vertex 45 27.2839 -4.51322
    endloop
  endfacet
  facet normal 1 0 0
    outer loop
      vertex 45 32.5 0
      vertex 45 26.6723 -4.00473
      vertex 45 26.9833 -4.25273
    endloop
  endfacet
  facet normal 1 0 0
    outer loop
      vertex 45 32.5 0
      vertex 45 26.3514 -3.76961
      vertex 45 26.6723 -4.00473
    endloop
  endfacet
  facet normal 1 0 0
    outer loop
      vertex 45 32.5 0
      vertex 45 26.0212 -3.54778
      vertex 45 26.3514 -3.76961
    endloop
  endfacet
  facet normal 1 0 0
    outer loop
      vertex 45 32.5 0
      vertex 45 25.6823 -3.3396
      vertex 45 26.0212 -3.54778
    endloop
  endfacet
  facet normal 1 0 0
    outer loop
      vertex 45 32.5 0
      vertex 45 25.3352 -3.14541
      vertex 45 25.6823 -3.3396
    endloop
  endfacet
  facet normal 1 0 0
    outer loop
      vertex 45 32.5 0
      vertex 45 24.9804 -2.96555
      vertex 45 25.3352 -3.14541
    endloop
  endfacet
  facet normal 1 0 0
    outer loop
      vertex 45 32.5 0
      vertex 45 24.6185 -2.80031
      vertex 45 24.9804 -2.96555
    endloop
  endfacet
  facet normal 1 0 0
    outer loop
      vertex 45 32.5 0
      vertex 45 24.2503 -2.64997
      vertex 45 24.6185 -2.80031
    endloop
  endfacet
  facet normal 1 0 0
    outer loop
      vertex 45 32.5 0
      vertex 45 23.8762 -2.51477
      vertex 45 24.2503 -2.64997
    endloop
  endfacet
  facet normal 1 0 0
    outer loop
      vertex 45 32.5 0
      vertex 45 23.4969 -2.39494
      vertex 45 23.8762 -2.51477
    endloop
  endfacet
  facet normal 1 0 0
    outer loop
      vertex 45 32.5 0
      vertex 45 23.113 -2.29069
      vertex 45 23.4969 -2.39494
    endloop
  endfacet
  facet normal 1 0 0
    outer loop
      vertex 45 32.5 0
      vertex 45 22.7252 -2.20217
      vertex 45 23.113 -2.29069
    endloop
  endfacet
  facet normal 1 0 0
    outer loop
      vertex 45 32.5 0
      vertex 45 22.3341 -2.12955
      vertex 45 22.7252 -2.20217
    endloop
  endfacet
  facet normal 1 0 0
    outer loop
      vertex 45 32.5 0
      vertex 45 21.9404 -2.07294
      vertex 45 22.3341 -2.12955
    endloop
  endfacet
  facet normal 1 0 0
    outer loop
      vertex 45 32.5 0
      vertex 45 21.5447 -2.03244
      vertex 45 21.9404 -2.07294
    endloop
  endfacet
  facet normal 1 0 0
    outer loop
      vertex 45 32.5 0
      vertex 45 21.1477 -2.00811
      vertex 45 21.5447 -2.03244
    endloop
  endfacet
  facet normal 1 0 0
    outer loop
      vertex 45 32.5 0
      vertex 45 20.75 -2
      vertex 45 21.1477 -2.00811
    endloop
  endfacet
  facet normal 1 -0 0
    outer loop
      vertex 45 9 0
      vertex 45 20.75 -2
      vertex 45 32.5 0
    endloop
  endfacet
  facet normal 1 0 0
    outer loop
      vertex 45 20.75 -2
      vertex 45 9 0
      vertex 45 20.3523 -2.00811
    endloop
  endfacet
  facet normal 1 0 0
    outer loop
      vertex 45 20.3523 -2.00811
      vertex 45 9 0
      vertex 45 19.9553 -2.03244
    endloop
  endfacet
  facet normal 1 0 0
    outer loop
      vertex 45 19.9553 -2.03244
      vertex 45 9 0
      vertex 45 19.5596 -2.07294
    endloop
  endfacet
  facet normal 1 0 0
    outer loop
      vertex 45 19.5596 -2.07294
      vertex 45 9 0
      vertex 45 19.1659 -2.12955
    endloop
  endfacet
  facet normal 1 0 0
    outer loop
      vertex 45 9 0
      vertex 45 18.7748 -2.20217
      vertex 45 19.1659 -2.12955
    endloop
  endfacet
  facet normal 1 0 0
    outer loop
      vertex 45 9 0
      vertex 45 18.387 -2.29069
      vertex 45 18.7748 -2.20217
    endloop
  endfacet
  facet normal 1 0 0
    outer loop
      vertex 45 9 0
      vertex 45 18.0031 -2.39494
      vertex 45 18.387 -2.29069
    endloop
  endfacet
  facet normal 1 0 0
    outer loop
      vertex 45 9 0
      vertex 45 17.6238 -2.51477
      vertex 45 18.0031 -2.39494
    endloop
  endfacet
  facet normal 1 0 0
    outer loop
      vertex 45 9 0
      vertex 45 17.2497 -2.64997
      vertex 45 17.6238 -2.51477
    endloop
  endfacet
  facet normal 1 0 0
    outer loop
      vertex 45 9 0
      vertex 45 16.8815 -2.80031
      vertex 45 17.2497 -2.64997
    endloop
  endfacet
  facet normal 1 0 0
    outer loop
      vertex 45 9 0
      vertex 45 16.5196 -2.96555
      vertex 45 16.8815 -2.80031
    endloop
  endfacet
  facet normal 1 0 0
    outer loop
      vertex 45 9 0
      vertex 45 16.1648 -3.14541
      vertex 45 16.5196 -2.96555
    endloop
  endfacet
  facet normal 1 0 0
    outer loop
      vertex 45 9 0
      vertex 45 15.8177 -3.3396
      vertex 45 16.1648 -3.14541
    endloop
  endfacet
  facet normal 1 0 0
    outer loop
      vertex 45 9 0
      vertex 45 15.4788 -3.54778
      vertex 45 15.8177 -3.3396
    endloop
  endfacet
  facet normal 1 0 0
    outer loop
      vertex 45 9 0
      vertex 45 15.1486 -3.76961
      vertex 45 15.4788 -3.54778
    endloop
  endfacet
  facet normal 1 0 0
    outer loop
      vertex 45 9 0
      vertex 45 14.8277 -4.00473
      vertex 45 15.1486 -3.76961
    endloop
  endfacet
  facet normal 1 0 0
    outer loop
      vertex 45 9 0
      vertex 45 14.5167 -4.25273
      vertex 45 14.8277 -4.00473
    endloop
  endfacet
  facet normal 1 0 0
    outer loop
      vertex 45 9 0
      vertex 45 14.2161 -4.51322
      vertex 45 14.5167 -4.25273
    endloop
  endfacet
  facet normal 1 0 0
    outer loop
      vertex 45 9 0
      vertex 45 13.9264 -4.78575
      vertex 45 14.2161 -4.51322
    endloop
  endfacet
  facet normal 1 0 0
    outer loop
      vertex 45 9 0
      vertex 45 13.648 -5.06987
      vertex 45 13.9264 -4.78575
    endloop
  endfacet
  facet normal 1 0 0
    outer loop
      vertex 45 9 0
      vertex 45 13.3814 -5.36511
      vertex 45 13.648 -5.06987
    endloop
  endfacet
  facet normal 1 0 0
    outer loop
      vertex 45 9 0
      vertex 45 13.1271 -5.67097
      vertex 45 13.3814 -5.36511
    endloop
  endfacet
  facet normal 1 0 0
    outer loop
      vertex 45 9 0
      vertex 45 12.8855 -5.98696
      vertex 45 13.1271 -5.67097
    endloop
  endfacet
  facet normal 1 0 0
    outer loop
      vertex 45 9 0
      vertex 45 12.657 -6.31254
      vertex 45 12.8855 -5.98696
    endloop
  endfacet
  facet normal 1 0 0
    outer loop
      vertex 45 9 0
      vertex 45 12.442 -6.64716
      vertex 45 12.657 -6.31254
    endloop
  endfacet
  facet normal 1 0 0
    outer loop
      vertex 45 9 0
      vertex 45 12.2407 -6.99028
      vertex 45 12.442 -6.64716
    endloop
  endfacet
  facet normal 1 0 0
    outer loop
      vertex 45 9 0
      vertex 45 12.0537 -7.34132
      vertex 45 12.2407 -6.99028
    endloop
  endfacet
  facet normal 1 0 0
    outer loop
      vertex 45 9 0
      vertex 45 11.8811 -7.6997
      vertex 45 12.0537 -7.34132
    endloop
  endfacet
  facet normal 1 0 0
    outer loop
      vertex 45 9 0
      vertex 45 11.7233 -8.06482
      vertex 45 11.8811 -7.6997
    endloop
  endfacet
  facet normal 1 0 0
    outer loop
      vertex 45 9 0
      vertex 45 11.5805 -8.43608
      vertex 45 11.7233 -8.06482
    endloop
  endfacet
  facet normal 1 0 0
    outer loop
      vertex 45 9 -11.75
      vertex 45 11.5805 -8.43608
      vertex 45 9 0
    endloop
  endfacet
  facet normal 1 0 0
    outer loop
      vertex 45 11.5805 -8.43608
      vertex 45 9 -11.75
      vertex 45 11.4529 -8.81285
    endloop
  endfacet
  facet normal 1 0 0
    outer loop
      vertex 45 11.4529 -8.81285
      vertex 45 9 -11.75
      vertex 45 11.3409 -9.19451
    endloop
  endfacet
  facet normal 1 0 0
    outer loop
      vertex 45 11.3409 -9.19451
      vertex 45 9 -11.75
      vertex 45 11.2445 -9.58042
    endloop
  endfacet
  facet normal 1 0 0
    outer loop
      vertex 45 11.2445 -9.58042
      vertex 45 9 -11.75
      vertex 45 11.1639 -9.96994
    endloop
  endfacet
  facet normal 1 0 0
    outer loop
      vertex 45 11.1639 -9.96994
      vertex 45 9 -11.75
      vertex 45 11.0992 -10.3624
    endloop
  endfacet
  facet normal 1 0 0
    outer loop
      vertex 45 11.0992 -10.3624
      vertex 45 9 -11.75
      vertex 45 11.0507 -10.7572
    endloop
  endfacet
  facet normal 1 0 0
    outer loop
      vertex 45 11.0507 -10.7572
      vertex 45 9 -11.75
      vertex 45 11.0183 -11.1537
    endloop
  endfacet
  facet normal 1 0 0
    outer loop
      vertex 45 11.0183 -11.1537
      vertex 45 9 -11.75
      vertex 45 11.002 -11.5511
    endloop
  endfacet
  facet normal 1 0 0
    outer loop
      vertex 45 11.002 -11.5511
      vertex 45 9 -11.75
      vertex 45 11.002 -11.75
    endloop
  endfacet
  facet normal 1 0 0
    outer loop
      vertex 45 32.5 -11.75
      vertex 45 30.498 -11.5511
      vertex 45 30.498 -11.75
    endloop
  endfacet
  facet normal -0 0 -1
    outer loop
      vertex 18.2346 39.6522 0
      vertex 5.2952 6.67417 0
      vertex 17.8889 39.8371 0
    endloop
  endfacet
  facet normal 0 0 -1
    outer loop
      vertex 17.0384 41.1098 0
      vertex 6.65418 64.708 0
      vertex 6.7 65.1 0
    endloop
  endfacet
  facet normal 0 0 -1
    outer loop
      vertex 4.90115 6.69712 0
      vertex 17.8889 39.8371 0
      vertex 5.2952 6.67417 0
    endloop
  endfacet
  facet normal 0 0 -1
    outer loop
      vertex 17.0384 41.1098 0
      vertex 6.51917 64.337 0
      vertex 6.65418 64.708 0
    endloop
  endfacet
  facet normal -0 0 -1
    outer loop
      vertex 17.8889 39.8371 0
      vertex 4.90115 6.69712 0
      vertex 17.5858 40.0858 0
    endloop
  endfacet
  facet normal 0 0 -1
    outer loop
      vertex 17.0384 41.1098 0
      vertex 6.30227 64.0073 0
      vertex 6.51917 64.337 0
    endloop
  endfacet
  facet normal -0 0 -1
    outer loop
      vertex 17.5858 40.0858 0
      vertex 4.90115 6.69712 0
      vertex 17.3371 40.3889 0
    endloop
  endfacet
  facet normal 0 0 -1
    outer loop
      vertex 17.0384 41.1098 0
      vertex 6.01517 63.7364 0
      vertex 6.30227 64.0073 0
    endloop
  endfacet
  facet normal 0 0 -1
    outer loop
      vertex 4.51243 6.62858 0
      vertex 17.3371 40.3889 0
      vertex 4.90115 6.69712 0
    endloop
  endfacet
  facet normal 0 0 -1
    outer loop
      vertex 17.0384 41.1098 0
      vertex 5.67334 63.539 0
      vertex 6.01517 63.7364 0
    endloop
  endfacet
  facet normal -0 0 -1
    outer loop
      vertex 17.3371 40.3889 0
      vertex 4.51243 6.62858 0
      vertex 17.1522 40.7346 0
    endloop
  endfacet
  facet normal 0 0 -1
    outer loop
      vertex 17.0384 41.1098 0
      vertex 5.2952 63.4258 0
      vertex 5.67334 63.539 0
    endloop
  endfacet
  facet normal 0 0 -1
    outer loop
      vertex 4.15 6.47224 0
      vertex 17.1522 40.7346 0
      vertex 4.51243 6.62858 0
    endloop
  endfacet
  facet normal 0 0 -1
    outer loop
      vertex 17.0384 41.1098 0
      vertex 4.90115 63.4029 0
      vertex 5.2952 63.4258 0
    endloop
  endfacet
  facet normal -0 0 -1
    outer loop
      vertex 17.1522 40.7346 0
      vertex 4.15 6.47224 0
      vertex 17.0384 41.1098 0
    endloop
  endfacet
  facet normal 0 0 -1
    outer loop
      vertex 17.0384 41.1098 0
      vertex 4.51243 63.4714 0
      vertex 4.90115 63.4029 0
    endloop
  endfacet
  facet normal 0 0 -1
    outer loop
      vertex 3.83339 6.23654 0
      vertex 17.0384 41.1098 0
      vertex 4.15 6.47224 0
    endloop
  endfacet
  facet normal 0 0 -1
    outer loop
      vertex 17.0384 41.1098 0
      vertex 4.15 63.6278 0
      vertex 4.51243 63.4714 0
    endloop
  endfacet
  facet normal 0 0 -1
    outer loop
      vertex 3.83339 63.8635 0
      vertex 17.0384 41.1098 0
      vertex 3.83339 6.23654 0
    endloop
  endfacet
  facet normal 0 0 -1
    outer loop
      vertex 17.0384 41.1098 0
      vertex 3.83339 63.8635 0
      vertex 4.15 63.6278 0
    endloop
  endfacet
  facet normal 0 0 -1
    outer loop
      vertex 3.57967 5.93417 0
      vertex 3.83339 63.8635 0
      vertex 3.83339 6.23654 0
    endloop
  endfacet
  facet normal 0 0 -1
    outer loop
      vertex 3.57967 5.93417 0
      vertex 3.57967 64.1658 0
      vertex 3.83339 63.8635 0
    endloop
  endfacet
  facet normal 0 0 -1
    outer loop
      vertex 0 0 0
      vertex 3.57967 5.93417 0
      vertex 3.40252 5.58143 0
    endloop
  endfacet
  facet normal -0 0 -1
    outer loop
      vertex 3.57967 5.93417 0
      vertex 0 0 0
      vertex 3.57967 64.1658 0
    endloop
  endfacet
  facet normal 0 0 -1
    outer loop
      vertex 0 0 0
      vertex 3.40252 5.58143 0
      vertex 3.31149 5.19736 0
    endloop
  endfacet
  facet normal 0 0 -1
    outer loop
      vertex 0 70.1 0
      vertex 3.57967 64.1658 0
      vertex 0 0 0
    endloop
  endfacet
  facet normal 0 0 -1
    outer loop
      vertex 80 0 0
      vertex 76.5192 5.76296 0
      vertex 80 70.1 0
    endloop
  endfacet
  facet normal 0 0 -1
    outer loop
      vertex 80 70.1 0
      vertex 76.6542 64.708 0
      vertex 76.7 65.1 0
    endloop
  endfacet
  facet normal 0 0 -1
    outer loop
      vertex 76.5192 64.337 0
      vertex 80 70.1 0
      vertex 76.5192 5.76296 0
    endloop
  endfacet
  facet normal 0 0 -1
    outer loop
      vertex 80 70.1 0
      vertex 76.5192 64.337 0
      vertex 76.6542 64.708 0
    endloop
  endfacet
  facet normal 0 0 -1
    outer loop
      vertex 76.3023 6.09274 0
      vertex 76.5192 64.337 0
      vertex 76.5192 5.76296 0
    endloop
  endfacet
  facet normal 0 0 -1
    outer loop
      vertex 76.3023 6.09274 0
      vertex 76.3023 64.0073 0
      vertex 76.5192 64.337 0
    endloop
  endfacet
  facet normal 0 0 -1
    outer loop
      vertex 76.0152 6.36361 0
      vertex 76.3023 64.0073 0
      vertex 76.3023 6.09274 0
    endloop
  endfacet
  facet normal 0 0 -1
    outer loop
      vertex 76.0152 6.36361 0
      vertex 76.0152 63.7364 0
      vertex 76.3023 64.0073 0
    endloop
  endfacet
  facet normal 0 0 -1
    outer loop
      vertex 75.6733 6.56097 0
      vertex 76.0152 63.7364 0
      vertex 76.0152 6.36361 0
    endloop
  endfacet
  facet normal 0 0 -1
    outer loop
      vertex 75.6733 6.56097 0
      vertex 75.6733 63.539 0
      vertex 76.0152 63.7364 0
    endloop
  endfacet
  facet normal 0 0 -1
    outer loop
      vertex 75.2952 6.67417 0
      vertex 75.6733 63.539 0
      vertex 75.6733 6.56097 0
    endloop
  endfacet
  facet normal 0 0 -1
    outer loop
      vertex 75.2952 6.67417 0
      vertex 75.2952 63.4258 0
      vertex 75.6733 63.539 0
    endloop
  endfacet
  facet normal 0 0 -1
    outer loop
      vertex 74.9012 6.69712 0
      vertex 75.2952 63.4258 0
      vertex 75.2952 6.67417 0
    endloop
  endfacet
  facet normal 0 0 -1
    outer loop
      vertex 74.9012 6.69712 0
      vertex 74.9012 63.4029 0
      vertex 75.2952 63.4258 0
    endloop
  endfacet
  facet normal 0 0 -1
    outer loop
      vertex 45 32.5 0
      vertex 74.9012 6.69712 0
      vertex 74.5124 6.62858 0
    endloop
  endfacet
  facet normal 0 0 -1
    outer loop
      vertex 74.9012 6.69712 0
      vertex 45 32.5 0
      vertex 74.9012 63.4029 0
    endloop
  endfacet
  facet normal 0 0 -1
    outer loop
      vertex 45 32.5 0
      vertex 74.5124 6.62858 0
      vertex 74.15 6.47224 0
    endloop
  endfacet
  facet normal -0 0 -1
    outer loop
      vertex 74.9012 63.4029 0
      vertex 45 32.5 0
      vertex 74.5124 63.4714 0
    endloop
  endfacet
  facet normal 0 0 -1
    outer loop
      vertex 45 32.5 0
      vertex 74.15 6.47224 0
      vertex 73.8334 6.23654 0
    endloop
  endfacet
  facet normal -0 0 -1
    outer loop
      vertex 74.5124 63.4714 0
      vertex 45 32.5 0
      vertex 74.15 63.6278 0
    endloop
  endfacet
  facet normal 0 0 -1
    outer loop
      vertex 45 9 0
      vertex 73.8334 6.23654 0
      vertex 73.5797 5.93417 0
    endloop
  endfacet
  facet normal -0 0 -1
    outer loop
      vertex 74.15 63.6278 0
      vertex 45 32.5 0
      vertex 73.8334 63.8635 0
    endloop
  endfacet
  facet normal 0 0 -1
    outer loop
      vertex 45 9 0
      vertex 73.5797 5.93417 0
      vertex 73.4025 5.58143 0
    endloop
  endfacet
  facet normal -0 0 -1
    outer loop
      vertex 73.8334 63.8635 0
      vertex 45 32.5 0
      vertex 73.5797 64.1658 0
    endloop
  endfacet
  facet normal 0 0 -1
    outer loop
      vertex 45 9 0
      vertex 73.4025 5.58143 0
      vertex 73.3115 5.19736 0
    endloop
  endfacet
  facet normal -0 0 -1
    outer loop
      vertex 73.5797 64.1658 0
      vertex 45 32.5 0
      vertex 73.4025 64.5186 0
    endloop
  endfacet
  facet normal 0 0 -1
    outer loop
      vertex 76.6542 5.39205 0
      vertex 80 0 0
      vertex 76.7 5 0
    endloop
  endfacet
  facet normal 0 0 -1
    outer loop
      vertex 80 0 0
      vertex 76.6542 4.60795 0
      vertex 76.7 5 0
    endloop
  endfacet
  facet normal 0 0 -1
    outer loop
      vertex 80 0 0
      vertex 76.5192 4.23704 0
      vertex 76.6542 4.60795 0
    endloop
  endfacet
  facet normal 0 0 -1
    outer loop
      vertex 80 0 0
      vertex 76.3023 3.90726 0
      vertex 76.5192 4.23704 0
    endloop
  endfacet
  facet normal 0 0 -1
    outer loop
      vertex 80 0 0
      vertex 76.0152 3.63639 0
      vertex 76.3023 3.90726 0
    endloop
  endfacet
  facet normal 0 0 -1
    outer loop
      vertex 80 0 0
      vertex 75.6733 3.43903 0
      vertex 76.0152 3.63639 0
    endloop
  endfacet
  facet normal 0 0 -1
    outer loop
      vertex 80 0 0
      vertex 75.2952 3.32583 0
      vertex 75.6733 3.43903 0
    endloop
  endfacet
  facet normal 0 0 -1
    outer loop
      vertex 80 0 0
      vertex 74.9012 3.30288 0
      vertex 75.2952 3.32583 0
    endloop
  endfacet
  facet normal 0 0 -1
    outer loop
      vertex 80 0 0
      vertex 74.5124 3.37142 0
      vertex 74.9012 3.30288 0
    endloop
  endfacet
  facet normal 0 0 -1
    outer loop
      vertex 80 0 0
      vertex 74.15 3.52776 0
      vertex 74.5124 3.37142 0
    endloop
  endfacet
  facet normal 0 0 -1
    outer loop
      vertex 45 9 0
      vertex 73.3115 5.19736 0
      vertex 73.3115 4.80264 0
    endloop
  endfacet
  facet normal -0 0 -1
    outer loop
      vertex 73.4025 64.5186 0
      vertex 45 32.5 0
      vertex 73.3115 64.9026 0
    endloop
  endfacet
  facet normal 0 0 -1
    outer loop
      vertex 73.8334 6.23654 0
      vertex 45 9 0
      vertex 45 32.5 0
    endloop
  endfacet
  facet normal 0 0 -1
    outer loop
      vertex 73.4025 4.41857 0
      vertex 45 9 0
      vertex 73.3115 4.80264 0
    endloop
  endfacet
  facet normal 0 0 -1
    outer loop
      vertex 73.5797 4.06583 0
      vertex 45 9 0
      vertex 73.4025 4.41857 0
    endloop
  endfacet
  facet normal 0 0 -1
    outer loop
      vertex 73.8334 3.76346 0
      vertex 45 9 0
      vertex 73.5797 4.06583 0
    endloop
  endfacet
  facet normal 0 0 -1
    outer loop
      vertex 74.15 3.52776 0
      vertex 45 9 0
      vertex 73.8334 3.76346 0
    endloop
  endfacet
  facet normal 0 0 -1
    outer loop
      vertex 80 0 0
      vertex 45 9 0
      vertex 74.15 3.52776 0
    endloop
  endfacet
  facet normal 0 0 -1
    outer loop
      vertex 80 0 0
      vertex 35 9 0
      vertex 45 9 0
    endloop
  endfacet
  facet normal 0 0 -1
    outer loop
      vertex 19 39.5 0
      vertex 35 32.5 0
      vertex 35 9 0
    endloop
  endfacet
  facet normal 0 0 -1
    outer loop
      vertex 35 32.5 0
      vertex 20.9616 41.1098 0
      vertex 21 41.5 0
    endloop
  endfacet
  facet normal 0 0 -1
    outer loop
      vertex 35 32.5 0
      vertex 20.8478 40.7346 0
      vertex 20.9616 41.1098 0
    endloop
  endfacet
  facet normal 0 0 -1
    outer loop
      vertex 35 32.5 0
      vertex 20.6629 40.3889 0
      vertex 20.8478 40.7346 0
    endloop
  endfacet
  facet normal 0 0 -1
    outer loop
      vertex 35 32.5 0
      vertex 20.4142 40.0858 0
      vertex 20.6629 40.3889 0
    endloop
  endfacet
  facet normal 0 0 -1
    outer loop
      vertex 35 32.5 0
      vertex 20.1111 39.8371 0
      vertex 20.4142 40.0858 0
    endloop
  endfacet
  facet normal 0 0 -1
    outer loop
      vertex 35 32.5 0
      vertex 19.7654 39.6522 0
      vertex 20.1111 39.8371 0
    endloop
  endfacet
  facet normal 0 0 -1
    outer loop
      vertex 35 32.5 0
      vertex 19.3902 39.5384 0
      vertex 19.7654 39.6522 0
    endloop
  endfacet
  facet normal 0 0 -1
    outer loop
      vertex 35 32.5 0
      vertex 19 39.5 0
      vertex 19.3902 39.5384 0
    endloop
  endfacet
  facet normal 0 0 -1
    outer loop
      vertex 6.65418 5.39205 0
      vertex 35 9 0
      vertex 6.7 5 0
    endloop
  endfacet
  facet normal 0 0 -1
    outer loop
      vertex 6.51917 5.76296 0
      vertex 35 9 0
      vertex 6.65418 5.39205 0
    endloop
  endfacet
  facet normal 0 0 -1
    outer loop
      vertex 6.30227 6.09274 0
      vertex 35 9 0
      vertex 6.51917 5.76296 0
    endloop
  endfacet
  facet normal -0 0 -1
    outer loop
      vertex 35 9 0
      vertex 6.30227 6.09274 0
      vertex 19 39.5 0
    endloop
  endfacet
  facet normal 0 0 -1
    outer loop
      vertex 6.01517 6.36361 0
      vertex 19 39.5 0
      vertex 6.30227 6.09274 0
    endloop
  endfacet
  facet normal 0 0 -1
    outer loop
      vertex 5.2952 6.67417 0
      vertex 18.2346 39.6522 0
      vertex 5.67334 6.56097 0
    endloop
  endfacet
  facet normal -0 0 -1
    outer loop
      vertex 18.6098 39.5384 0
      vertex 5.67334 6.56097 0
      vertex 18.2346 39.6522 0
    endloop
  endfacet
  facet normal 0 0 -1
    outer loop
      vertex 5.67334 6.56097 0
      vertex 18.6098 39.5384 0
      vertex 6.01517 6.36361 0
    endloop
  endfacet
  facet normal -0 0 -1
    outer loop
      vertex 19 39.5 0
      vertex 6.01517 6.36361 0
      vertex 18.6098 39.5384 0
    endloop
  endfacet
  facet normal 0 0 -1
    outer loop
      vertex 0 0 0
      vertex 35 9 0
      vertex 80 0 0
    endloop
  endfacet
  facet normal 0 0 -1
    outer loop
      vertex 35 9 0
      vertex 6.65418 4.60795 0
      vertex 6.7 5 0
    endloop
  endfacet
  facet normal 0 0 -1
    outer loop
      vertex 35 9 0
      vertex 6.51917 4.23704 0
      vertex 6.65418 4.60795 0
    endloop
  endfacet
  facet normal 0 0 -1
    outer loop
      vertex 35 9 0
      vertex 6.30227 3.90726 0
      vertex 6.51917 4.23704 0
    endloop
  endfacet
  facet normal 0 0 -1
    outer loop
      vertex 35 9 0
      vertex 6.01517 3.63639 0
      vertex 6.30227 3.90726 0
    endloop
  endfacet
  facet normal 0 0 -1
    outer loop
      vertex 35 9 0
      vertex 5.67334 3.43903 0
      vertex 6.01517 3.63639 0
    endloop
  endfacet
  facet normal 0 0 -1
    outer loop
      vertex 35 9 0
      vertex 0 0 0
      vertex 5.67334 3.43903 0
    endloop
  endfacet
  facet normal 0 0 -1
    outer loop
      vertex 5.67334 3.43903 0
      vertex 0 0 0
      vertex 5.2952 3.32583 0
    endloop
  endfacet
  facet normal 0 0 -1
    outer loop
      vertex 0 0 0
      vertex 3.31149 5.19736 0
      vertex 3.31149 4.80264 0
    endloop
  endfacet
  facet normal 0 0 -1
    outer loop
      vertex 3.57967 64.1658 0
      vertex 0 70.1 0
      vertex 3.40252 64.5186 0
    endloop
  endfacet
  facet normal 0 0 -1
    outer loop
      vertex 3.40252 64.5186 0
      vertex 0 70.1 0
      vertex 3.31149 64.9026 0
    endloop
  endfacet
  facet normal -0 0 -1
    outer loop
      vertex 3.40252 4.41857 0
      vertex 0 0 0
      vertex 3.31149 4.80264 0
    endloop
  endfacet
  facet normal -0 0 -1
    outer loop
      vertex 3.57967 4.06583 0
      vertex 0 0 0
      vertex 3.40252 4.41857 0
    endloop
  endfacet
  facet normal -0 0 -1
    outer loop
      vertex 3.83339 3.76346 0
      vertex 0 0 0
      vertex 3.57967 4.06583 0
    endloop
  endfacet
  facet normal -0 0 -1
    outer loop
      vertex 4.15 3.52776 0
      vertex 0 0 0
      vertex 3.83339 3.76346 0
    endloop
  endfacet
  facet normal -0 0 -1
    outer loop
      vertex 4.51243 3.37142 0
      vertex 0 0 0
      vertex 4.15 3.52776 0
    endloop
  endfacet
  facet normal -0 0 -1
    outer loop
      vertex 4.90115 3.30288 0
      vertex 0 0 0
      vertex 4.51243 3.37142 0
    endloop
  endfacet
  facet normal 0 0 -1
    outer loop
      vertex 5.2952 3.32583 0
      vertex 0 0 0
      vertex 4.90115 3.30288 0
    endloop
  endfacet
  facet normal 0 0 -1
    outer loop
      vertex 76.5192 5.76296 0
      vertex 80 0 0
      vertex 76.6542 5.39205 0
    endloop
  endfacet
  facet normal 0 0 -1
    outer loop
      vertex 76.6542 65.4921 0
      vertex 80 70.1 0
      vertex 76.7 65.1 0
    endloop
  endfacet
  facet normal 0 0 -1
    outer loop
      vertex 76.5192 65.863 0
      vertex 80 70.1 0
      vertex 76.6542 65.4921 0
    endloop
  endfacet
  facet normal 0 0 -1
    outer loop
      vertex 76.3023 66.1927 0
      vertex 80 70.1 0
      vertex 76.5192 65.863 0
    endloop
  endfacet
  facet normal 0 0 -1
    outer loop
      vertex 76.0152 66.4636 0
      vertex 80 70.1 0
      vertex 76.3023 66.1927 0
    endloop
  endfacet
  facet normal 0 0 -1
    outer loop
      vertex 75.6733 66.661 0
      vertex 80 70.1 0
      vertex 76.0152 66.4636 0
    endloop
  endfacet
  facet normal 0 0 -1
    outer loop
      vertex 75.2952 66.7742 0
      vertex 80 70.1 0
      vertex 75.6733 66.661 0
    endloop
  endfacet
  facet normal 0 0 -1
    outer loop
      vertex 74.9012 66.7971 0
      vertex 80 70.1 0
      vertex 75.2952 66.7742 0
    endloop
  endfacet
  facet normal 0 0 -1
    outer loop
      vertex 74.5124 66.7286 0
      vertex 80 70.1 0
      vertex 74.9012 66.7971 0
    endloop
  endfacet
  facet normal 0 0 -1
    outer loop
      vertex 74.15 66.5722 0
      vertex 80 70.1 0
      vertex 74.5124 66.7286 0
    endloop
  endfacet
  facet normal 0 0 -1
    outer loop
      vertex 20.4142 42.9142 0
      vertex 73.3115 64.9026 0
      vertex 45 32.5 0
    endloop
  endfacet
  facet normal -0 0 -1
    outer loop
      vertex 73.3115 64.9026 0
      vertex 20.4142 42.9142 0
      vertex 73.3115 65.2974 0
    endloop
  endfacet
  facet normal 0 0 -1
    outer loop
      vertex 20.1111 43.1629 0
      vertex 73.3115 65.2974 0
      vertex 20.4142 42.9142 0
    endloop
  endfacet
  facet normal 0 0 -1
    outer loop
      vertex 6.65418 65.4921 0
      vertex 73.3115 65.2974 0
      vertex 20.1111 43.1629 0
    endloop
  endfacet
  facet normal 0 0 -1
    outer loop
      vertex 20.6629 42.6111 0
      vertex 45 32.5 0
      vertex 35 32.5 0
    endloop
  endfacet
  facet normal 0 0 -1
    outer loop
      vertex 20.9616 41.8902 0
      vertex 35 32.5 0
      vertex 21 41.5 0
    endloop
  endfacet
  facet normal 0 0 -1
    outer loop
      vertex 20.8478 42.2654 0
      vertex 35 32.5 0
      vertex 20.9616 41.8902 0
    endloop
  endfacet
  facet normal 0 0 -1
    outer loop
      vertex 20.6629 42.6111 0
      vertex 35 32.5 0
      vertex 20.8478 42.2654 0
    endloop
  endfacet
  facet normal 0 0 -1
    outer loop
      vertex 20.4142 42.9142 0
      vertex 45 32.5 0
      vertex 20.6629 42.6111 0
    endloop
  endfacet
  facet normal 0 0 -1
    outer loop
      vertex 73.3115 65.2974 0
      vertex 6.65418 65.4921 0
      vertex 73.4025 65.6814 0
    endloop
  endfacet
  facet normal 0 0 -1
    outer loop
      vertex 6.51917 65.863 0
      vertex 73.4025 65.6814 0
      vertex 6.65418 65.4921 0
    endloop
  endfacet
  facet normal 0 0 -1
    outer loop
      vertex 73.4025 65.6814 0
      vertex 6.51917 65.863 0
      vertex 73.5797 66.0342 0
    endloop
  endfacet
  facet normal 0 0 -1
    outer loop
      vertex 6.30227 66.1927 0
      vertex 73.5797 66.0342 0
      vertex 6.51917 65.863 0
    endloop
  endfacet
  facet normal 0 0 -1
    outer loop
      vertex 6.7 65.1 0
      vertex 20.1111 43.1629 0
      vertex 19.7654 43.3478 0
    endloop
  endfacet
  facet normal 0 0 -1
    outer loop
      vertex 6.7 65.1 0
      vertex 19.7654 43.3478 0
      vertex 19.3902 43.4616 0
    endloop
  endfacet
  facet normal 0 0 -1
    outer loop
      vertex 6.7 65.1 0
      vertex 19.3902 43.4616 0
      vertex 19 43.5 0
    endloop
  endfacet
  facet normal 0 0 -1
    outer loop
      vertex 6.7 65.1 0
      vertex 19 43.5 0
      vertex 18.6098 43.4616 0
    endloop
  endfacet
  facet normal 0 0 -1
    outer loop
      vertex 6.7 65.1 0
      vertex 18.6098 43.4616 0
      vertex 18.2346 43.3478 0
    endloop
  endfacet
  facet normal 0 0 -1
    outer loop
      vertex 17.0384 41.1098 0
      vertex 6.7 65.1 0
      vertex 17 41.5 0
    endloop
  endfacet
  facet normal 0 0 -1
    outer loop
      vertex 17 41.5 0
      vertex 6.7 65.1 0
      vertex 17.0384 41.8902 0
    endloop
  endfacet
  facet normal 0 0 -1
    outer loop
      vertex 6.7 65.1 0
      vertex 17.1522 42.2654 0
      vertex 17.0384 41.8902 0
    endloop
  endfacet
  facet normal 0 0 -1
    outer loop
      vertex 6.7 65.1 0
      vertex 17.3371 42.6111 0
      vertex 17.1522 42.2654 0
    endloop
  endfacet
  facet normal 0 0 -1
    outer loop
      vertex 6.7 65.1 0
      vertex 17.5858 42.9142 0
      vertex 17.3371 42.6111 0
    endloop
  endfacet
  facet normal 0 0 -1
    outer loop
      vertex 6.7 65.1 0
      vertex 17.8889 43.1629 0
      vertex 17.5858 42.9142 0
    endloop
  endfacet
  facet normal 0 0 -1
    outer loop
      vertex 6.7 65.1 0
      vertex 18.2346 43.3478 0
      vertex 17.8889 43.1629 0
    endloop
  endfacet
  facet normal 0 0 -1
    outer loop
      vertex 20.1111 43.1629 0
      vertex 6.7 65.1 0
      vertex 6.65418 65.4921 0
    endloop
  endfacet
  facet normal 0 0 -1
    outer loop
      vertex 73.5797 66.0342 0
      vertex 6.30227 66.1927 0
      vertex 73.8334 66.3365 0
    endloop
  endfacet
  facet normal 0 0 -1
    outer loop
      vertex 6.01517 66.4636 0
      vertex 73.8334 66.3365 0
      vertex 6.30227 66.1927 0
    endloop
  endfacet
  facet normal 0 0 -1
    outer loop
      vertex 73.8334 66.3365 0
      vertex 6.01517 66.4636 0
      vertex 74.15 66.5722 0
    endloop
  endfacet
  facet normal 0 0 -1
    outer loop
      vertex 5.67334 66.661 0
      vertex 74.15 66.5722 0
      vertex 6.01517 66.4636 0
    endloop
  endfacet
  facet normal 0 0 -1
    outer loop
      vertex 74.15 66.5722 0
      vertex 5.67334 66.661 0
      vertex 80 70.1 0
    endloop
  endfacet
  facet normal 0 0 -1
    outer loop
      vertex 0 70.1 0
      vertex 5.67334 66.661 0
      vertex 5.2952 66.7742 0
    endloop
  endfacet
  facet normal 0 0 -1
    outer loop
      vertex 0 70.1 0
      vertex 5.2952 66.7742 0
      vertex 4.90115 66.7971 0
    endloop
  endfacet
  facet normal 0 0 -1
    outer loop
      vertex 5.67334 66.661 0
      vertex 0 70.1 0
      vertex 80 70.1 0
    endloop
  endfacet
  facet normal 0 0 -1
    outer loop
      vertex 4.51243 66.7286 0
      vertex 0 70.1 0
      vertex 4.90115 66.7971 0
    endloop
  endfacet
  facet normal 0 0 -1
    outer loop
      vertex 4.15 66.5722 0
      vertex 0 70.1 0
      vertex 4.51243 66.7286 0
    endloop
  endfacet
  facet normal 0 0 -1
    outer loop
      vertex 3.83339 66.3365 0
      vertex 0 70.1 0
      vertex 4.15 66.5722 0
    endloop
  endfacet
  facet normal 0 0 -1
    outer loop
      vertex 3.57967 66.0342 0
      vertex 0 70.1 0
      vertex 3.83339 66.3365 0
    endloop
  endfacet
  facet normal 0 0 -1
    outer loop
      vertex 3.40252 65.6814 0
      vertex 0 70.1 0
      vertex 3.57967 66.0342 0
    endloop
  endfacet
  facet normal 0 0 -1
    outer loop
      vertex 3.31149 65.2974 0
      vertex 0 70.1 0
      vertex 3.40252 65.6814 0
    endloop
  endfacet
  facet normal 0 0 -1
    outer loop
      vertex 3.31149 64.9026 0
      vertex 0 70.1 0
      vertex 3.31149 65.2974 0
    endloop
  endfacet
  facet normal 0 0 -1
    outer loop
      vertex 35 30.498 -11.75
      vertex 45 32.5 -11.75
      vertex 45 30.498 -11.75
    endloop
  endfacet
  facet normal -0 0 -1
    outer loop
      vertex 45 32.5 -11.75
      vertex 35 30.498 -11.75
      vertex 35 32.5 -11.75
    endloop
  endfacet
  facet normal 0 0 -1
    outer loop
      vertex 35 9 -11.75
      vertex 45 11.002 -11.75
      vertex 45 9 -11.75
    endloop
  endfacet
  facet normal -0 0 -1
    outer loop
      vertex 45 11.002 -11.75
      vertex 35 9 -11.75
      vertex 35 11.002 -11.75
    endloop
  endfacet
  facet normal -1 0 0
    outer loop
      vertex 35 11.002 -11.75
      vertex 35 9 -11.75
      vertex 35 11.002 -11.5511
    endloop
  endfacet
  facet normal -1 0 0
    outer loop
      vertex 35 30.498 -11.5511
      vertex 35 32.5 -11.75
      vertex 35 30.498 -11.75
    endloop
  endfacet
  facet normal -1 0 0
    outer loop
      vertex 35 30.4817 -11.1537
      vertex 35 32.5 -11.75
      vertex 35 30.498 -11.5511
    endloop
  endfacet
  facet normal -1 0 0
    outer loop
      vertex 35 30.4493 -10.7572
      vertex 35 32.5 -11.75
      vertex 35 30.4817 -11.1537
    endloop
  endfacet
  facet normal -1 0 0
    outer loop
      vertex 35 30.4008 -10.3624
      vertex 35 32.5 -11.75
      vertex 35 30.4493 -10.7572
    endloop
  endfacet
  facet normal -1 0 0
    outer loop
      vertex 35 30.3361 -9.96994
      vertex 35 32.5 -11.75
      vertex 35 30.4008 -10.3624
    endloop
  endfacet
  facet normal -1 0 0
    outer loop
      vertex 35 30.2555 -9.58042
      vertex 35 32.5 -11.75
      vertex 35 30.3361 -9.96994
    endloop
  endfacet
  facet normal -1 0 0
    outer loop
      vertex 35 30.1591 -9.19451
      vertex 35 32.5 -11.75
      vertex 35 30.2555 -9.58042
    endloop
  endfacet
  facet normal -1 0 0
    outer loop
      vertex 35 30.0471 -8.81285
      vertex 35 32.5 -11.75
      vertex 35 30.1591 -9.19451
    endloop
  endfacet
  facet normal -1 0 0
    outer loop
      vertex 35 29.9195 -8.43608
      vertex 35 32.5 -11.75
      vertex 35 30.0471 -8.81285
    endloop
  endfacet
  facet normal -1 0 0
    outer loop
      vertex 35 32.5 -11.75
      vertex 35 29.9195 -8.43608
      vertex 35 32.5 0
    endloop
  endfacet
  facet normal -1 0 0
    outer loop
      vertex 35 29.7767 -8.06482
      vertex 35 32.5 0
      vertex 35 29.9195 -8.43608
    endloop
  endfacet
  facet normal -1 0 0
    outer loop
      vertex 35 29.6189 -7.6997
      vertex 35 32.5 0
      vertex 35 29.7767 -8.06482
    endloop
  endfacet
  facet normal -1 0 0
    outer loop
      vertex 35 29.4463 -7.34132
      vertex 35 32.5 0
      vertex 35 29.6189 -7.6997
    endloop
  endfacet
  facet normal -1 0 0
    outer loop
      vertex 35 29.2593 -6.99028
      vertex 35 32.5 0
      vertex 35 29.4463 -7.34132
    endloop
  endfacet
  facet normal -1 0 0
    outer loop
      vertex 35 29.058 -6.64716
      vertex 35 32.5 0
      vertex 35 29.2593 -6.99028
    endloop
  endfacet
  facet normal -1 0 0
    outer loop
      vertex 35 28.843 -6.31254
      vertex 35 32.5 0
      vertex 35 29.058 -6.64716
    endloop
  endfacet
  facet normal -1 0 0
    outer loop
      vertex 35 28.6145 -5.98696
      vertex 35 32.5 0
      vertex 35 28.843 -6.31254
    endloop
  endfacet
  facet normal -1 0 0
    outer loop
      vertex 35 28.3729 -5.67097
      vertex 35 32.5 0
      vertex 35 28.6145 -5.98696
    endloop
  endfacet
  facet normal -1 0 0
    outer loop
      vertex 35 28.1186 -5.36511
      vertex 35 32.5 0
      vertex 35 28.3729 -5.67097
    endloop
  endfacet
  facet normal -1 0 0
    outer loop
      vertex 35 27.852 -5.06987
      vertex 35 32.5 0
      vertex 35 28.1186 -5.36511
    endloop
  endfacet
  facet normal -1 0 0
    outer loop
      vertex 35 27.5736 -4.78575
      vertex 35 32.5 0
      vertex 35 27.852 -5.06987
    endloop
  endfacet
  facet normal -1 0 0
    outer loop
      vertex 35 27.2839 -4.51322
      vertex 35 32.5 0
      vertex 35 27.5736 -4.78575
    endloop
  endfacet
  facet normal -1 0 0
    outer loop
      vertex 35 26.9833 -4.25273
      vertex 35 32.5 0
      vertex 35 27.2839 -4.51322
    endloop
  endfacet
  facet normal -1 0 0
    outer loop
      vertex 35 26.6723 -4.00473
      vertex 35 32.5 0
      vertex 35 26.9833 -4.25273
    endloop
  endfacet
  facet normal -1 0 0
    outer loop
      vertex 35 26.3514 -3.76961
      vertex 35 32.5 0
      vertex 35 26.6723 -4.00473
    endloop
  endfacet
  facet normal -1 0 0
    outer loop
      vertex 35 26.0212 -3.54778
      vertex 35 32.5 0
      vertex 35 26.3514 -3.76961
    endloop
  endfacet
  facet normal -1 0 0
    outer loop
      vertex 35 25.6823 -3.3396
      vertex 35 32.5 0
      vertex 35 26.0212 -3.54778
    endloop
  endfacet
  facet normal -1 0 0
    outer loop
      vertex 35 25.3352 -3.14541
      vertex 35 32.5 0
      vertex 35 25.6823 -3.3396
    endloop
  endfacet
  facet normal -1 0 0
    outer loop
      vertex 35 24.9804 -2.96555
      vertex 35 32.5 0
      vertex 35 25.3352 -3.14541
    endloop
  endfacet
  facet normal -1 0 0
    outer loop
      vertex 35 24.6185 -2.80031
      vertex 35 32.5 0
      vertex 35 24.9804 -2.96555
    endloop
  endfacet
  facet normal -1 0 0
    outer loop
      vertex 35 24.2503 -2.64997
      vertex 35 32.5 0
      vertex 35 24.6185 -2.80031
    endloop
  endfacet
  facet normal -1 0 0
    outer loop
      vertex 35 23.8762 -2.51477
      vertex 35 32.5 0
      vertex 35 24.2503 -2.64997
    endloop
  endfacet
  facet normal -1 0 0
    outer loop
      vertex 35 23.4969 -2.39494
      vertex 35 32.5 0
      vertex 35 23.8762 -2.51477
    endloop
  endfacet
  facet normal -1 0 0
    outer loop
      vertex 35 23.113 -2.29069
      vertex 35 32.5 0
      vertex 35 23.4969 -2.39494
    endloop
  endfacet
  facet normal -1 0 0
    outer loop
      vertex 35 22.7252 -2.20217
      vertex 35 32.5 0
      vertex 35 23.113 -2.29069
    endloop
  endfacet
  facet normal -1 0 0
    outer loop
      vertex 35 22.3341 -2.12955
      vertex 35 32.5 0
      vertex 35 22.7252 -2.20217
    endloop
  endfacet
  facet normal -1 0 0
    outer loop
      vertex 35 21.9404 -2.07294
      vertex 35 32.5 0
      vertex 35 22.3341 -2.12955
    endloop
  endfacet
  facet normal -1 0 0
    outer loop
      vertex 35 21.5447 -2.03244
      vertex 35 32.5 0
      vertex 35 21.9404 -2.07294
    endloop
  endfacet
  facet normal -1 0 0
    outer loop
      vertex 35 21.1477 -2.00811
      vertex 35 32.5 0
      vertex 35 21.5447 -2.03244
    endloop
  endfacet
  facet normal -1 0 0
    outer loop
      vertex 35 20.75 -2
      vertex 35 32.5 0
      vertex 35 21.1477 -2.00811
    endloop
  endfacet
  facet normal -1 0 0
    outer loop
      vertex 35 9 0
      vertex 35 20.75 -2
      vertex 35 20.3523 -2.00811
    endloop
  endfacet
  facet normal -1 0 0
    outer loop
      vertex 35 9 0
      vertex 35 20.3523 -2.00811
      vertex 35 19.9553 -2.03244
    endloop
  endfacet
  facet normal -1 0 0
    outer loop
      vertex 35 9 0
      vertex 35 19.9553 -2.03244
      vertex 35 19.5596 -2.07294
    endloop
  endfacet
  facet normal -1 0 0
    outer loop
      vertex 35 9 0
      vertex 35 19.5596 -2.07294
      vertex 35 19.1659 -2.12955
    endloop
  endfacet
  facet normal -1 0 0
    outer loop
      vertex 35 9 -11.75
      vertex 35 11.0183 -11.1537
      vertex 35 11.002 -11.5511
    endloop
  endfacet
  facet normal -1 0 0
    outer loop
      vertex 35 9 -11.75
      vertex 35 11.0507 -10.7572
      vertex 35 11.0183 -11.1537
    endloop
  endfacet
  facet normal -1 0 0
    outer loop
      vertex 35 9 -11.75
      vertex 35 11.0992 -10.3624
      vertex 35 11.0507 -10.7572
    endloop
  endfacet
  facet normal -1 0 0
    outer loop
      vertex 35 9 -11.75
      vertex 35 11.1639 -9.96994
      vertex 35 11.0992 -10.3624
    endloop
  endfacet
  facet normal -1 0 0
    outer loop
      vertex 35 9 -11.75
      vertex 35 11.2445 -9.58042
      vertex 35 11.1639 -9.96994
    endloop
  endfacet
  facet normal -1 0 0
    outer loop
      vertex 35 9 -11.75
      vertex 35 11.3409 -9.19451
      vertex 35 11.2445 -9.58042
    endloop
  endfacet
  facet normal -1 0 0
    outer loop
      vertex 35 9 -11.75
      vertex 35 11.4529 -8.81285
      vertex 35 11.3409 -9.19451
    endloop
  endfacet
  facet normal -1 0 0
    outer loop
      vertex 35 9 -11.75
      vertex 35 11.5805 -8.43608
      vertex 35 11.4529 -8.81285
    endloop
  endfacet
  facet normal -1 0 0
    outer loop
      vertex 35 9 0
      vertex 35 11.5805 -8.43608
      vertex 35 9 -11.75
    endloop
  endfacet
  facet normal -1 0 0
    outer loop
      vertex 35 11.5805 -8.43608
      vertex 35 9 0
      vertex 35 11.7233 -8.06482
    endloop
  endfacet
  facet normal -1 0 0
    outer loop
      vertex 35 11.7233 -8.06482
      vertex 35 9 0
      vertex 35 11.8811 -7.6997
    endloop
  endfacet
  facet normal -1 0 0
    outer loop
      vertex 35 11.8811 -7.6997
      vertex 35 9 0
      vertex 35 12.0537 -7.34132
    endloop
  endfacet
  facet normal -1 0 0
    outer loop
      vertex 35 12.0537 -7.34132
      vertex 35 9 0
      vertex 35 12.2407 -6.99028
    endloop
  endfacet
  facet normal -1 0 0
    outer loop
      vertex 35 12.2407 -6.99028
      vertex 35 9 0
      vertex 35 12.442 -6.64716
    endloop
  endfacet
  facet normal -1 0 0
    outer loop
      vertex 35 20.75 -2
      vertex 35 9 0
      vertex 35 32.5 0
    endloop
  endfacet
  facet normal -1 0 0
    outer loop
      vertex 35 18.7748 -2.20217
      vertex 35 9 0
      vertex 35 19.1659 -2.12955
    endloop
  endfacet
  facet normal -1 0 0
    outer loop
      vertex 35 18.387 -2.29069
      vertex 35 9 0
      vertex 35 18.7748 -2.20217
    endloop
  endfacet
  facet normal -1 0 0
    outer loop
      vertex 35 18.0031 -2.39494
      vertex 35 9 0
      vertex 35 18.387 -2.29069
    endloop
  endfacet
  facet normal -1 0 0
    outer loop
      vertex 35 17.6238 -2.51477
      vertex 35 9 0
      vertex 35 18.0031 -2.39494
    endloop
  endfacet
  facet normal -1 0 0
    outer loop
      vertex 35 17.2497 -2.64997
      vertex 35 9 0
      vertex 35 17.6238 -2.51477
    endloop
  endfacet
  facet normal -1 0 0
    outer loop
      vertex 35 16.8815 -2.80031
      vertex 35 9 0
      vertex 35 17.2497 -2.64997
    endloop
  endfacet
  facet normal -1 0 0
    outer loop
      vertex 35 16.5196 -2.96555
      vertex 35 9 0
      vertex 35 16.8815 -2.80031
    endloop
  endfacet
  facet normal -1 0 0
    outer loop
      vertex 35 16.1648 -3.14541
      vertex 35 9 0
      vertex 35 16.5196 -2.96555
    endloop
  endfacet
  facet normal -1 0 0
    outer loop
      vertex 35 15.8177 -3.3396
      vertex 35 9 0
      vertex 35 16.1648 -3.14541
    endloop
  endfacet
  facet normal -1 0 0
    outer loop
      vertex 35 15.4788 -3.54778
      vertex 35 9 0
      vertex 35 15.8177 -3.3396
    endloop
  endfacet
  facet normal -1 0 0
    outer loop
      vertex 35 15.1486 -3.76961
      vertex 35 9 0
      vertex 35 15.4788 -3.54778
    endloop
  endfacet
  facet normal -1 0 0
    outer loop
      vertex 35 14.8277 -4.00473
      vertex 35 9 0
      vertex 35 15.1486 -3.76961
    endloop
  endfacet
  facet normal -1 0 0
    outer loop
      vertex 35 14.5167 -4.25273
      vertex 35 9 0
      vertex 35 14.8277 -4.00473
    endloop
  endfacet
  facet normal -1 0 0
    outer loop
      vertex 35 14.2161 -4.51322
      vertex 35 9 0
      vertex 35 14.5167 -4.25273
    endloop
  endfacet
  facet normal -1 0 0
    outer loop
      vertex 35 13.9264 -4.78575
      vertex 35 9 0
      vertex 35 14.2161 -4.51322
    endloop
  endfacet
  facet normal -1 0 0
    outer loop
      vertex 35 13.648 -5.06987
      vertex 35 9 0
      vertex 35 13.9264 -4.78575
    endloop
  endfacet
  facet normal -1 0 0
    outer loop
      vertex 35 13.3814 -5.36511
      vertex 35 9 0
      vertex 35 13.648 -5.06987
    endloop
  endfacet
  facet normal -1 0 0
    outer loop
      vertex 35 13.1271 -5.67097
      vertex 35 9 0
      vertex 35 13.3814 -5.36511
    endloop
  endfacet
  facet normal -1 0 0
    outer loop
      vertex 35 12.8855 -5.98696
      vertex 35 9 0
      vertex 35 13.1271 -5.67097
    endloop
  endfacet
  facet normal -1 0 0
    outer loop
      vertex 35 12.657 -6.31254
      vertex 35 9 0
      vertex 35 12.8855 -5.98696
    endloop
  endfacet
  facet normal -1 0 0
    outer loop
      vertex 35 12.442 -6.64716
      vertex 35 9 0
      vertex 35 12.657 -6.31254
    endloop
  endfacet
  facet normal 0 1 -0
    outer loop
      vertex 45 32.5 -11.75
      vertex 35 32.5 0
      vertex 45 32.5 0
    endloop
  endfacet
  facet normal 0 1 0
    outer loop
      vertex 35 32.5 0
      vertex 45 32.5 -11.75
      vertex 35 32.5 -11.75
    endloop
  endfacet
  facet normal 0 -1 0
    outer loop
      vertex 35 9 -11.75
      vertex 45 9 0
      vertex 35 9 0
    endloop
  endfacet
  facet normal 0 -1 -0
    outer loop
      vertex 45 9 0
      vertex 35 9 -11.75
      vertex 45 9 -11.75
    endloop
  endfacet
  facet normal 0 0.415344 -0.909664
    outer loop
      vertex 35 16.5196 -2.96555
      vertex 45 16.8815 -2.80031
      vertex 45 16.5196 -2.96555
    endloop
  endfacet
  facet normal 0 0.415344 -0.909664
    outer loop
      vertex 45 16.8815 -2.80031
      vertex 35 16.5196 -2.96555
      vertex 35 16.8815 -2.80031
    endloop
  endfacet
  facet normal 0 0.917939 -0.396721
    outer loop
      vertex 45 11.7233 -8.06482
      vertex 35 11.8811 -7.6997
      vertex 45 11.8811 -7.6997
    endloop
  endfacet
  facet normal 0 0.917939 -0.396721
    outer loop
      vertex 35 11.8811 -7.6997
      vertex 45 11.7233 -8.06482
      vertex 35 11.7233 -8.06482
    endloop
  endfacet
  facet normal 0 -0.71426 -0.69988
    outer loop
      vertex 35 27.852 -5.06987
      vertex 45 27.5736 -4.78575
      vertex 35 27.5736 -4.78575
    endloop
  endfacet
  facet normal 0 -0.71426 -0.69988
    outer loop
      vertex 45 27.5736 -4.78575
      vertex 35 27.852 -5.06987
      vertex 45 27.852 -5.06987
    endloop
  endfacet
  facet normal 0 0.301248 -0.953546
    outer loop
      vertex 35 17.6238 -2.51477
      vertex 45 18.0031 -2.39494
      vertex 45 17.6238 -2.51477
    endloop
  endfacet
  facet normal 0 0.301248 -0.953546
    outer loop
      vertex 45 18.0031 -2.39494
      vertex 35 17.6238 -2.51477
      vertex 35 18.0031 -2.39494
    endloop
  endfacet
  facet normal 0 0.794406 -0.607388
    outer loop
      vertex 45 12.8855 -5.98696
      vertex 35 13.1271 -5.67097
      vertex 45 13.1271 -5.67097
    endloop
  endfacet
  facet normal 0 0.794406 -0.607388
    outer loop
      vertex 35 13.1271 -5.67097
      vertex 45 12.8855 -5.98696
      vertex 35 12.8855 -5.98696
    endloop
  endfacet
  facet normal 0 0.841308 -0.540557
    outer loop
      vertex 45 12.442 -6.64716
      vertex 35 12.657 -6.31254
      vertex 45 12.657 -6.31254
    endloop
  endfacet
  facet normal 0 0.841308 -0.540557
    outer loop
      vertex 35 12.657 -6.31254
      vertex 45 12.442 -6.64716
      vertex 35 12.442 -6.64716
    endloop
  endfacet
  facet normal 0 0.222538 -0.974924
    outer loop
      vertex 35 18.387 -2.29069
      vertex 45 18.7748 -2.20217
      vertex 45 18.387 -2.29069
    endloop
  endfacet
  facet normal 0 0.222538 -0.974924
    outer loop
      vertex 45 18.7748 -2.20217
      vertex 35 18.387 -2.29069
      vertex 35 18.7748 -2.20217
    endloop
  endfacet
  facet normal 0 -0.933339 -0.358996
    outer loop
      vertex 35 29.9195 -8.43608
      vertex 45 29.7767 -8.06482
      vertex 35 29.7767 -8.06482
    endloop
  endfacet
  facet normal 0 -0.933339 -0.358996
    outer loop
      vertex 45 29.7767 -8.06482
      vertex 35 29.9195 -8.43608
      vertex 45 29.9195 -8.43608
    endloop
  endfacet
  facet normal 0 -0.623468 -0.781849
    outer loop
      vertex 35 26.6723 -4.00473
      vertex 45 26.9833 -4.25273
      vertex 45 26.6723 -4.00473
    endloop
  endfacet
  facet normal -0 -0.623468 -0.781849
    outer loop
      vertex 45 26.9833 -4.25273
      vertex 35 26.6723 -4.00473
      vertex 35 26.9833 -4.25273
    endloop
  endfacet
  facet normal 0 -0.99916 -0.0409821
    outer loop
      vertex 35 30.498 -11.5511
      vertex 45 30.4817 -11.1537
      vertex 35 30.4817 -11.1537
    endloop
  endfacet
  facet normal 0 -0.99916 -0.0409821
    outer loop
      vertex 45 30.4817 -11.1537
      vertex 35 30.498 -11.5511
      vertex 45 30.498 -11.5511
    endloop
  endfacet
  facet normal 0 -0.768942 -0.639319
    outer loop
      vertex 35 28.3729 -5.67097
      vertex 45 28.1186 -5.36511
      vertex 35 28.1186 -5.36511
    endloop
  endfacet
  facet normal 0 -0.768942 -0.639319
    outer loop
      vertex 45 28.1186 -5.36511
      vertex 35 28.3729 -5.67097
      vertex 45 28.3729 -5.67097
    endloop
  endfacet
  facet normal 0 0.685193 -0.728362
    outer loop
      vertex 35 13.9264 -4.78575
      vertex 45 14.2161 -4.51322
      vertex 45 13.9264 -4.78575
    endloop
  endfacet
  facet normal 0 0.685193 -0.728362
    outer loop
      vertex 45 14.2161 -4.51322
      vertex 35 13.9264 -4.78575
      vertex 35 14.2161 -4.51322
    endloop
  endfacet
  facet normal 0 0.020388 -0.999792
    outer loop
      vertex 35 20.3523 -2.00811
      vertex 45 20.75 -2
      vertex 45 20.3523 -2.00811
    endloop
  endfacet
  facet normal 0 0.020388 -0.999792
    outer loop
      vertex 45 20.75 -2
      vertex 35 20.3523 -2.00811
      vertex 35 20.75 -2
    endloop
  endfacet
  facet normal 0 0.742188 -0.670192
    outer loop
      vertex 45 13.3814 -5.36511
      vertex 35 13.648 -5.06987
      vertex 45 13.648 -5.06987
    endloop
  endfacet
  facet normal 0 0.742188 -0.670192
    outer loop
      vertex 35 13.648 -5.06987
      vertex 45 13.3814 -5.36511
      vertex 35 13.3814 -5.36511
    endloop
  endfacet
  facet normal 0 -0.862522 -0.50602
    outer loop
      vertex 35 29.2593 -6.99028
      vertex 45 29.058 -6.64716
      vertex 35 29.058 -6.64716
    endloop
  endfacet
  facet normal 0 -0.862522 -0.50602
    outer loop
      vertex 45 29.058 -6.64716
      vertex 35 29.2593 -6.99028
      vertex 45 29.2593 -6.99028
    endloop
  endfacet
  facet normal 0 -0.452154 -0.89194
    outer loop
      vertex 35 24.9804 -2.96555
      vertex 45 25.3352 -3.14541
      vertex 45 24.9804 -2.96555
    endloop
  endfacet
  facet normal -0 -0.452154 -0.89194
    outer loop
      vertex 45 25.3352 -3.14541
      vertex 35 24.9804 -2.96555
      vertex 35 25.3352 -3.14541
    endloop
  endfacet
  facet normal 0 -0.523415 -0.852078
    outer loop
      vertex 35 25.6823 -3.3396
      vertex 45 26.0212 -3.54778
      vertex 45 25.6823 -3.3396
    endloop
  endfacet
  facet normal -0 -0.523415 -0.852078
    outer loop
      vertex 45 26.0212 -3.54778
      vertex 35 25.6823 -3.3396
      vertex 35 26.0212 -3.54778
    endloop
  endfacet
  facet normal 0 0.0611699 -0.998127
    outer loop
      vertex 35 19.9553 -2.03244
      vertex 45 20.3523 -2.00811
      vertex 45 19.9553 -2.03244
    endloop
  endfacet
  facet normal 0 0.0611699 -0.998127
    outer loop
      vertex 45 20.3523 -2.00811
      vertex 35 19.9553 -2.03244
      vertex 35 20.3523 -2.00811
    endloop
  endfacet
  facet normal 0 0.768942 -0.639319
    outer loop
      vertex 45 13.1271 -5.67097
      vertex 35 13.3814 -5.36511
      vertex 45 13.3814 -5.36511
    endloop
  endfacet
  facet normal 0 0.768942 -0.639319
    outer loop
      vertex 35 13.3814 -5.36511
      vertex 45 13.1271 -5.67097
      vertex 35 13.1271 -5.67097
    endloop
  endfacet
  facet normal 0 -0.900956 -0.433911
    outer loop
      vertex 35 29.6189 -7.6997
      vertex 45 29.4463 -7.34132
      vertex 35 29.4463 -7.34132
    endloop
  endfacet
  facet normal 0 -0.900956 -0.433911
    outer loop
      vertex 45 29.4463 -7.34132
      vertex 35 29.6189 -7.6997
      vertex 45 29.6189 -7.6997
    endloop
  endfacet
  facet normal 0 -0.986682 -0.162662
    outer loop
      vertex 35 30.4008 -10.3624
      vertex 45 30.3361 -9.96994
      vertex 35 30.3361 -9.96994
    endloop
  endfacet
  facet normal 0 -0.986682 -0.162662
    outer loop
      vertex 45 30.3361 -9.96994
      vertex 35 30.4008 -10.3624
      vertex 45 30.4008 -10.3624
    endloop
  endfacet
  facet normal 0 -0.339885 -0.940467
    outer loop
      vertex 35 23.8762 -2.51477
      vertex 45 24.2503 -2.64997
      vertex 45 23.8762 -2.51477
    endloop
  endfacet
  facet normal -0 -0.339885 -0.940467
    outer loop
      vertex 45 24.2503 -2.64997
      vertex 35 23.8762 -2.51477
      vertex 35 24.2503 -2.64997
    endloop
  endfacet
  facet normal 0 0.933339 -0.358996
    outer loop
      vertex 45 11.5805 -8.43608
      vertex 35 11.7233 -8.06482
      vertex 45 11.7233 -8.06482
    endloop
  endfacet
  facet normal 0 0.933339 -0.358996
    outer loop
      vertex 35 11.7233 -8.06482
      vertex 45 11.5805 -8.43608
      vertex 35 11.5805 -8.43608
    endloop
  endfacet
  facet normal 0 0.996678 -0.0814435
    outer loop
      vertex 45 11.0183 -11.1537
      vertex 35 11.0507 -10.7572
      vertex 45 11.0507 -10.7572
    endloop
  endfacet
  facet normal 0 0.996678 -0.0814435
    outer loop
      vertex 35 11.0507 -10.7572
      vertex 45 11.0183 -11.1537
      vertex 35 11.0183 -11.1537
    endloop
  endfacet
  facet normal 0 -0.841308 -0.540557
    outer loop
      vertex 35 29.058 -6.64716
      vertex 45 28.843 -6.31254
      vertex 35 28.843 -6.31254
    endloop
  endfacet
  facet normal 0 -0.841308 -0.540557
    outer loop
      vertex 45 28.843 -6.31254
      vertex 35 29.058 -6.64716
      vertex 45 29.058 -6.64716
    endloop
  endfacet
  facet normal 0 0.654887 -0.755726
    outer loop
      vertex 35 14.2161 -4.51322
      vertex 45 14.5167 -4.25273
      vertex 45 14.2161 -4.51322
    endloop
  endfacet
  facet normal 0 0.654887 -0.755726
    outer loop
      vertex 45 14.5167 -4.25273
      vertex 35 14.2161 -4.51322
      vertex 35 14.5167 -4.25273
    endloop
  endfacet
  facet normal 0 0.523415 -0.852078
    outer loop
      vertex 35 15.4788 -3.54778
      vertex 45 15.8177 -3.3396
      vertex 45 15.4788 -3.54778
    endloop
  endfacet
  facet normal 0 0.523415 -0.852078
    outer loop
      vertex 45 15.8177 -3.3396
      vertex 35 15.4788 -3.54778
      vertex 35 15.8177 -3.3396
    endloop
  endfacet
  facet normal 0 -0.55765 -0.830077
    outer loop
      vertex 35 26.0212 -3.54778
      vertex 45 26.3514 -3.76961
      vertex 45 26.0212 -3.54778
    endloop
  endfacet
  facet normal -0 -0.55765 -0.830077
    outer loop
      vertex 45 26.3514 -3.76961
      vertex 35 26.0212 -3.54778
      vertex 35 26.3514 -3.76961
    endloop
  endfacet
  facet normal 0 -0.262064 -0.96505
    outer loop
      vertex 35 23.113 -2.29069
      vertex 45 23.4969 -2.39494
      vertex 45 23.113 -2.29069
    endloop
  endfacet
  facet normal -0 -0.262064 -0.96505
    outer loop
      vertex 45 23.4969 -2.39494
      vertex 35 23.113 -2.29069
      vertex 35 23.4969 -2.39494
    endloop
  endfacet
  facet normal 0 0.947157 -0.320772
    outer loop
      vertex 45 11.4529 -8.81285
      vertex 35 11.5805 -8.43608
      vertex 45 11.5805 -8.43608
    endloop
  endfacet
  facet normal 0 0.947157 -0.320772
    outer loop
      vertex 35 11.5805 -8.43608
      vertex 45 11.4529 -8.81285
      vertex 35 11.4529 -8.81285
    endloop
  endfacet
  facet normal 0 -0.742188 -0.670192
    outer loop
      vertex 35 28.1186 -5.36511
      vertex 45 27.852 -5.06987
      vertex 35 27.852 -5.06987
    endloop
  endfacet
  facet normal 0 -0.742188 -0.670192
    outer loop
      vertex 45 27.852 -5.06987
      vertex 35 28.1186 -5.36511
      vertex 45 28.1186 -5.36511
    endloop
  endfacet
  facet normal 0 0.992539 -0.12193
    outer loop
      vertex 45 11.0507 -10.7572
      vertex 35 11.0992 -10.3624
      vertex 45 11.0992 -10.3624
    endloop
  endfacet
  facet normal 0 0.992539 -0.12193
    outer loop
      vertex 35 11.0992 -10.3624
      vertex 45 11.0507 -10.7572
      vertex 35 11.0507 -10.7572
    endloop
  endfacet
  facet normal 0 -0.415344 -0.909664
    outer loop
      vertex 35 24.6185 -2.80031
      vertex 45 24.9804 -2.96555
      vertex 45 24.6185 -2.80031
    endloop
  endfacet
  facet normal -0 -0.415344 -0.909664
    outer loop
      vertex 45 24.9804 -2.96555
      vertex 35 24.6185 -2.80031
      vertex 35 24.9804 -2.96555
    endloop
  endfacet
  facet normal 0 0.591026 -0.806653
    outer loop
      vertex 35 14.8277 -4.00473
      vertex 45 15.1486 -3.76961
      vertex 45 14.8277 -4.00473
    endloop
  endfacet
  facet normal 0 0.591026 -0.806653
    outer loop
      vertex 45 15.1486 -3.76961
      vertex 35 14.8277 -4.00473
      vertex 35 15.1486 -3.76961
    endloop
  endfacet
  facet normal 0 1 -0
    outer loop
      vertex 45 11.002 -11.75
      vertex 35 11.002 -11.5511
      vertex 45 11.002 -11.5511
    endloop
  endfacet
  facet normal 0 1 0
    outer loop
      vertex 35 11.002 -11.5511
      vertex 45 11.002 -11.75
      vertex 35 11.002 -11.75
    endloop
  endfacet
  facet normal 0 -0.992539 -0.12193
    outer loop
      vertex 35 30.4493 -10.7572
      vertex 45 30.4008 -10.3624
      vertex 35 30.4008 -10.3624
    endloop
  endfacet
  facet normal 0 -0.992539 -0.12193
    outer loop
      vertex 45 30.4008 -10.3624
      vertex 35 30.4493 -10.7572
      vertex 45 30.4493 -10.7572
    endloop
  endfacet
  facet normal 0 0.55765 -0.830077
    outer loop
      vertex 35 15.1486 -3.76961
      vertex 45 15.4788 -3.54778
      vertex 45 15.1486 -3.76961
    endloop
  endfacet
  facet normal 0 0.55765 -0.830077
    outer loop
      vertex 45 15.4788 -3.54778
      vertex 35 15.1486 -3.76961
      vertex 35 15.4788 -3.54778
    endloop
  endfacet
  facet normal 0 -0.0611699 -0.998127
    outer loop
      vertex 35 21.1477 -2.00811
      vertex 45 21.5447 -2.03244
      vertex 45 21.1477 -2.00811
    endloop
  endfacet
  facet normal -0 -0.0611699 -0.998127
    outer loop
      vertex 45 21.5447 -2.03244
      vertex 35 21.1477 -2.00811
      vertex 35 21.5447 -2.03244
    endloop
  endfacet
  facet normal 0 -0.996678 -0.0814435
    outer loop
      vertex 35 30.4817 -11.1537
      vertex 45 30.4493 -10.7572
      vertex 35 30.4493 -10.7572
    endloop
  endfacet
  facet normal 0 -0.996678 -0.0814435
    outer loop
      vertex 45 30.4493 -10.7572
      vertex 35 30.4817 -11.1537
      vertex 45 30.4817 -11.1537
    endloop
  endfacet
  facet normal 0 -0.685193 -0.728362
    outer loop
      vertex 35 27.2839 -4.51322
      vertex 45 27.5736 -4.78575
      vertex 45 27.2839 -4.51322
    endloop
  endfacet
  facet normal -0 -0.685193 -0.728362
    outer loop
      vertex 45 27.5736 -4.78575
      vertex 35 27.2839 -4.51322
      vertex 35 27.5736 -4.78575
    endloop
  endfacet
  facet normal 0 0.378014 -0.9258
    outer loop
      vertex 35 16.8815 -2.80031
      vertex 45 17.2497 -2.64997
      vertex 45 16.8815 -2.80031
    endloop
  endfacet
  facet normal 0 0.378014 -0.9258
    outer loop
      vertex 45 17.2497 -2.64997
      vertex 35 16.8815 -2.80031
      vertex 35 17.2497 -2.64997
    endloop
  endfacet
  facet normal 0 -0.654887 -0.755726
    outer loop
      vertex 35 26.9833 -4.25273
      vertex 45 27.2839 -4.51322
      vertex 45 26.9833 -4.25273
    endloop
  endfacet
  facet normal -0 -0.654887 -0.755726
    outer loop
      vertex 45 27.2839 -4.51322
      vertex 35 26.9833 -4.25273
      vertex 35 27.2839 -4.51322
    endloop
  endfacet
  facet normal 0 -0.591026 -0.806653
    outer loop
      vertex 35 26.3514 -3.76961
      vertex 45 26.6723 -4.00473
      vertex 45 26.3514 -3.76961
    endloop
  endfacet
  facet normal -0 -0.591026 -0.806653
    outer loop
      vertex 45 26.6723 -4.00473
      vertex 35 26.3514 -3.76961
      vertex 35 26.6723 -4.00473
    endloop
  endfacet
  facet normal 0 0.101818 -0.994803
    outer loop
      vertex 35 19.5596 -2.07294
      vertex 45 19.9553 -2.03244
      vertex 45 19.5596 -2.07294
    endloop
  endfacet
  facet normal 0 0.101818 -0.994803
    outer loop
      vertex 45 19.9553 -2.03244
      vertex 35 19.5596 -2.07294
      vertex 35 19.9553 -2.03244
    endloop
  endfacet
  facet normal 0 0.182561 -0.983195
    outer loop
      vertex 35 18.7748 -2.20217
      vertex 45 19.1659 -2.12955
      vertex 45 18.7748 -2.20217
    endloop
  endfacet
  facet normal 0 0.182561 -0.983195
    outer loop
      vertex 45 19.1659 -2.12955
      vertex 35 18.7748 -2.20217
      vertex 35 19.1659 -2.12955
    endloop
  endfacet
  facet normal 0 -0.979256 -0.202629
    outer loop
      vertex 35 30.3361 -9.96994
      vertex 45 30.2555 -9.58042
      vertex 35 30.2555 -9.58042
    endloop
  endfacet
  facet normal 0 -0.979256 -0.202629
    outer loop
      vertex 45 30.2555 -9.58042
      vertex 35 30.3361 -9.96994
      vertex 45 30.3361 -9.96994
    endloop
  endfacet
  facet normal 0 0.862522 -0.50602
    outer loop
      vertex 45 12.2407 -6.99028
      vertex 35 12.442 -6.64716
      vertex 45 12.442 -6.64716
    endloop
  endfacet
  facet normal 0 0.862522 -0.50602
    outer loop
      vertex 35 12.442 -6.64716
      vertex 45 12.2407 -6.99028
      vertex 35 12.2407 -6.99028
    endloop
  endfacet
  facet normal 0 -0.301248 -0.953546
    outer loop
      vertex 35 23.4969 -2.39494
      vertex 45 23.8762 -2.51477
      vertex 45 23.4969 -2.39494
    endloop
  endfacet
  facet normal -0 -0.301248 -0.953546
    outer loop
      vertex 45 23.8762 -2.51477
      vertex 35 23.4969 -2.39494
      vertex 35 23.8762 -2.51477
    endloop
  endfacet
  facet normal 0 0.959537 -0.281581
    outer loop
      vertex 45 11.3409 -9.19451
      vertex 35 11.4529 -8.81285
      vertex 45 11.4529 -8.81285
    endloop
  endfacet
  facet normal 0 0.959537 -0.281581
    outer loop
      vertex 35 11.4529 -8.81285
      vertex 45 11.3409 -9.19451
      vertex 35 11.3409 -9.19451
    endloop
  endfacet
  facet normal 0 0.71426 -0.69988
    outer loop
      vertex 45 13.648 -5.06987
      vertex 35 13.9264 -4.78575
      vertex 45 13.9264 -4.78575
    endloop
  endfacet
  facet normal 0 0.71426 -0.69988
    outer loop
      vertex 35 13.9264 -4.78575
      vertex 45 13.648 -5.06987
      vertex 35 13.648 -5.06987
    endloop
  endfacet
  facet normal 0 0.142326 -0.98982
    outer loop
      vertex 35 19.1659 -2.12955
      vertex 45 19.5596 -2.07294
      vertex 45 19.1659 -2.12955
    endloop
  endfacet
  facet normal 0 0.142326 -0.98982
    outer loop
      vertex 45 19.5596 -2.07294
      vertex 35 19.1659 -2.12955
      vertex 35 19.5596 -2.07294
    endloop
  endfacet
  facet normal 0 -0.378014 -0.9258
    outer loop
      vertex 35 24.2503 -2.64997
      vertex 45 24.6185 -2.80031
      vertex 45 24.2503 -2.64997
    endloop
  endfacet
  facet normal -0 -0.378014 -0.9258
    outer loop
      vertex 45 24.6185 -2.80031
      vertex 35 24.2503 -2.64997
      vertex 35 24.6185 -2.80031
    endloop
  endfacet
  facet normal 0 -0.222538 -0.974924
    outer loop
      vertex 35 22.7252 -2.20217
      vertex 45 23.113 -2.29069
      vertex 45 22.7252 -2.20217
    endloop
  endfacet
  facet normal -0 -0.222538 -0.974924
    outer loop
      vertex 45 23.113 -2.29069
      vertex 35 22.7252 -2.20217
      vertex 35 23.113 -2.29069
    endloop
  endfacet
  facet normal 0 0.99916 -0.0409821
    outer loop
      vertex 45 11.002 -11.5511
      vertex 35 11.0183 -11.1537
      vertex 45 11.0183 -11.1537
    endloop
  endfacet
  facet normal 0 0.99916 -0.0409821
    outer loop
      vertex 35 11.0183 -11.1537
      vertex 45 11.002 -11.5511
      vertex 35 11.002 -11.5511
    endloop
  endfacet
  facet normal 0 0.81853 -0.574464
    outer loop
      vertex 45 12.657 -6.31254
      vertex 35 12.8855 -5.98696
      vertex 45 12.8855 -5.98696
    endloop
  endfacet
  facet normal 0 0.81853 -0.574464
    outer loop
      vertex 35 12.8855 -5.98696
      vertex 45 12.657 -6.31254
      vertex 35 12.657 -6.31254
    endloop
  endfacet
  facet normal 0 0.970188 -0.242352
    outer loop
      vertex 45 11.2445 -9.58042
      vertex 35 11.3409 -9.19451
      vertex 45 11.3409 -9.19451
    endloop
  endfacet
  facet normal 0 0.970188 -0.242352
    outer loop
      vertex 35 11.3409 -9.19451
      vertex 45 11.2445 -9.58042
      vertex 35 11.2445 -9.58042
    endloop
  endfacet
  facet normal 0 -0.81853 -0.574464
    outer loop
      vertex 35 28.843 -6.31254
      vertex 45 28.6145 -5.98696
      vertex 35 28.6145 -5.98696
    endloop
  endfacet
  facet normal 0 -0.81853 -0.574464
    outer loop
      vertex 45 28.6145 -5.98696
      vertex 35 28.843 -6.31254
      vertex 45 28.843 -6.31254
    endloop
  endfacet
  facet normal 0 -0.970188 -0.242352
    outer loop
      vertex 35 30.2555 -9.58042
      vertex 45 30.1591 -9.19451
      vertex 35 30.1591 -9.19451
    endloop
  endfacet
  facet normal 0 -0.970188 -0.242352
    outer loop
      vertex 45 30.1591 -9.19451
      vertex 35 30.2555 -9.58042
      vertex 45 30.2555 -9.58042
    endloop
  endfacet
  facet normal 0 -0.182561 -0.983195
    outer loop
      vertex 35 22.3341 -2.12955
      vertex 45 22.7252 -2.20217
      vertex 45 22.3341 -2.12955
    endloop
  endfacet
  facet normal -0 -0.182561 -0.983195
    outer loop
      vertex 45 22.7252 -2.20217
      vertex 35 22.3341 -2.12955
      vertex 35 22.7252 -2.20217
    endloop
  endfacet
  facet normal 0 -0.794406 -0.607388
    outer loop
      vertex 35 28.6145 -5.98696
      vertex 45 28.3729 -5.67097
      vertex 35 28.3729 -5.67097
    endloop
  endfacet
  facet normal 0 -0.794406 -0.607388
    outer loop
      vertex 45 28.3729 -5.67097
      vertex 35 28.6145 -5.98696
      vertex 45 28.6145 -5.98696
    endloop
  endfacet
  facet normal 0 -0.959537 -0.281581
    outer loop
      vertex 35 30.1591 -9.19451
      vertex 45 30.0471 -8.81285
      vertex 35 30.0471 -8.81285
    endloop
  endfacet
  facet normal 0 -0.959537 -0.281581
    outer loop
      vertex 45 30.0471 -8.81285
      vertex 35 30.1591 -9.19451
      vertex 45 30.1591 -9.19451
    endloop
  endfacet
  facet normal 0 -0.142326 -0.98982
    outer loop
      vertex 35 21.9404 -2.07294
      vertex 45 22.3341 -2.12955
      vertex 45 21.9404 -2.07294
    endloop
  endfacet
  facet normal -0 -0.142326 -0.98982
    outer loop
      vertex 45 22.3341 -2.12955
      vertex 35 21.9404 -2.07294
      vertex 35 22.3341 -2.12955
    endloop
  endfacet
  facet normal 0 -0.101818 -0.994803
    outer loop
      vertex 35 21.5447 -2.03244
      vertex 45 21.9404 -2.07294
      vertex 45 21.5447 -2.03244
    endloop
  endfacet
  facet normal -0 -0.101818 -0.994803
    outer loop
      vertex 45 21.9404 -2.07294
      vertex 35 21.5447 -2.03244
      vertex 35 21.9404 -2.07294
    endloop
  endfacet
  facet normal 0 -0.947157 -0.320772
    outer loop
      vertex 35 30.0471 -8.81285
      vertex 45 29.9195 -8.43608
      vertex 35 29.9195 -8.43608
    endloop
  endfacet
  facet normal 0 -0.947157 -0.320772
    outer loop
      vertex 45 29.9195 -8.43608
      vertex 35 30.0471 -8.81285
      vertex 45 30.0471 -8.81285
    endloop
  endfacet
  facet normal 0 0.623468 -0.781849
    outer loop
      vertex 35 14.5167 -4.25273
      vertex 45 14.8277 -4.00473
      vertex 45 14.5167 -4.25273
    endloop
  endfacet
  facet normal 0 0.623468 -0.781849
    outer loop
      vertex 45 14.8277 -4.00473
      vertex 35 14.5167 -4.25273
      vertex 35 14.8277 -4.00473
    endloop
  endfacet
  facet normal 0 -0.488247 -0.872705
    outer loop
      vertex 35 25.3352 -3.14541
      vertex 45 25.6823 -3.3396
      vertex 45 25.3352 -3.14541
    endloop
  endfacet
  facet normal -0 -0.488247 -0.872705
    outer loop
      vertex 45 25.6823 -3.3396
      vertex 35 25.3352 -3.14541
      vertex 35 25.6823 -3.3396
    endloop
  endfacet
  facet normal 0 0.900956 -0.433911
    outer loop
      vertex 45 11.8811 -7.6997
      vertex 35 12.0537 -7.34132
      vertex 45 12.0537 -7.34132
    endloop
  endfacet
  facet normal 0 0.900956 -0.433911
    outer loop
      vertex 35 12.0537 -7.34132
      vertex 45 11.8811 -7.6997
      vertex 35 11.8811 -7.6997
    endloop
  endfacet
  facet normal 0 0.979256 -0.202629
    outer loop
      vertex 45 11.1639 -9.96994
      vertex 35 11.2445 -9.58042
      vertex 45 11.2445 -9.58042
    endloop
  endfacet
  facet normal 0 0.979256 -0.202629
    outer loop
      vertex 35 11.2445 -9.58042
      vertex 45 11.1639 -9.96994
      vertex 35 11.1639 -9.96994
    endloop
  endfacet
  facet normal 0 -1 0
    outer loop
      vertex 35 30.498 -11.75
      vertex 45 30.498 -11.5511
      vertex 35 30.498 -11.5511
    endloop
  endfacet
  facet normal 0 -1 -0
    outer loop
      vertex 45 30.498 -11.5511
      vertex 35 30.498 -11.75
      vertex 45 30.498 -11.75
    endloop
  endfacet
  facet normal 0 -0.917939 -0.396721
    outer loop
      vertex 35 29.7767 -8.06482
      vertex 45 29.6189 -7.6997
      vertex 35 29.6189 -7.6997
    endloop
  endfacet
  facet normal 0 -0.917939 -0.396721
    outer loop
      vertex 45 29.6189 -7.6997
      vertex 35 29.7767 -8.06482
      vertex 45 29.7767 -8.06482
    endloop
  endfacet
  facet normal 0 0.262064 -0.96505
    outer loop
      vertex 35 18.0031 -2.39494
      vertex 45 18.387 -2.29069
      vertex 45 18.0031 -2.39494
    endloop
  endfacet
  facet normal 0 0.262064 -0.96505
    outer loop
      vertex 45 18.387 -2.29069
      vertex 35 18.0031 -2.39494
      vertex 35 18.387 -2.29069
    endloop
  endfacet
  facet normal 0 -0.020388 -0.999792
    outer loop
      vertex 35 20.75 -2
      vertex 45 21.1477 -2.00811
      vertex 45 20.75 -2
    endloop
  endfacet
  facet normal -0 -0.020388 -0.999792
    outer loop
      vertex 45 21.1477 -2.00811
      vertex 35 20.75 -2
      vertex 35 21.1477 -2.00811
    endloop
  endfacet
  facet normal 0 0.339885 -0.940467
    outer loop
      vertex 35 17.2497 -2.64997
      vertex 45 17.6238 -2.51477
      vertex 45 17.2497 -2.64997
    endloop
  endfacet
  facet normal 0 0.339885 -0.940467
    outer loop
      vertex 45 17.6238 -2.51477
      vertex 35 17.2497 -2.64997
      vertex 35 17.6238 -2.51477
    endloop
  endfacet
  facet normal 0 0.986682 -0.162662
    outer loop
      vertex 45 11.0992 -10.3624
      vertex 35 11.1639 -9.96994
      vertex 45 11.1639 -9.96994
    endloop
  endfacet
  facet normal 0 0.986682 -0.162662
    outer loop
      vertex 35 11.1639 -9.96994
      vertex 45 11.0992 -10.3624
      vertex 35 11.0992 -10.3624
    endloop
  endfacet
  facet normal 0 -0.882584 -0.470155
    outer loop
      vertex 35 29.4463 -7.34132
      vertex 45 29.2593 -6.99028
      vertex 35 29.2593 -6.99028
    endloop
  endfacet
  facet normal 0 -0.882584 -0.470155
    outer loop
      vertex 45 29.2593 -6.99028
      vertex 35 29.4463 -7.34132
      vertex 45 29.4463 -7.34132
    endloop
  endfacet
  facet normal 0 0.488247 -0.872705
    outer loop
      vertex 35 15.8177 -3.3396
      vertex 45 16.1648 -3.14541
      vertex 45 15.8177 -3.3396
    endloop
  endfacet
  facet normal 0 0.488247 -0.872705
    outer loop
      vertex 45 16.1648 -3.14541
      vertex 35 15.8177 -3.3396
      vertex 35 16.1648 -3.14541
    endloop
  endfacet
  facet normal 0 0.452154 -0.89194
    outer loop
      vertex 35 16.1648 -3.14541
      vertex 45 16.5196 -2.96555
      vertex 45 16.1648 -3.14541
    endloop
  endfacet
  facet normal 0 0.452154 -0.89194
    outer loop
      vertex 45 16.5196 -2.96555
      vertex 35 16.1648 -3.14541
      vertex 35 16.5196 -2.96555
    endloop
  endfacet
  facet normal 0 0.882584 -0.470155
    outer loop
      vertex 45 12.0537 -7.34132
      vertex 35 12.2407 -6.99028
      vertex 45 12.2407 -6.99028
    endloop
  endfacet
  facet normal 0 0.882584 -0.470155
    outer loop
      vertex 35 12.2407 -6.99028
      vertex 45 12.0537 -7.34132
      vertex 35 12.0537 -7.34132
    endloop
  endfacet
  facet normal 1 -0 0
    outer loop
      vertex 80 0 3
      vertex 80 70.1 0
      vertex 80 70.1 3
    endloop
  endfacet
  facet normal 1 0 0
    outer loop
      vertex 80 70.1 0
      vertex 80 0 3
      vertex 80 0 0
    endloop
  endfacet
  facet normal 0 0 1
    outer loop
      vertex 18.2346 43.3478 3
      vertex 6.5 62.5019 3
      vertex 17.8889 43.1629 3
    endloop
  endfacet
  facet normal 0 0 1
    outer loop
      vertex 17.0384 41.1098 3
      vertex 7.97433 5.39158 3
      vertex 8 5 3
    endloop
  endfacet
  facet normal -0 0 1
    outer loop
      vertex 6.14805 62.3284 3
      vertex 17.8889 43.1629 3
      vertex 6.5 62.5019 3
    endloop
  endfacet
  facet normal 0 0 1
    outer loop
      vertex 17.0384 41.1098 3
      vertex 7.89778 5.77646 3
      vertex 7.97433 5.39158 3
    endloop
  endfacet
  facet normal 0 0 1
    outer loop
      vertex 17.8889 43.1629 3
      vertex 6.14805 62.3284 3
      vertex 17.5858 42.9142 3
    endloop
  endfacet
  facet normal 0 0 1
    outer loop
      vertex 17.0384 41.1098 3
      vertex 7.77164 6.14805 3
      vertex 7.89778 5.77646 3
    endloop
  endfacet
  facet normal -0 0 1
    outer loop
      vertex 5.77646 62.2022 3
      vertex 17.5858 42.9142 3
      vertex 6.14805 62.3284 3
    endloop
  endfacet
  facet normal 0 0 1
    outer loop
      vertex 17.0384 41.1098 3
      vertex 7.59808 6.5 3
      vertex 7.77164 6.14805 3
    endloop
  endfacet
  facet normal 0 0 1
    outer loop
      vertex 17.5858 42.9142 3
      vertex 5.77646 62.2022 3
      vertex 17.3371 42.6111 3
    endloop
  endfacet
  facet normal 0 0 1
    outer loop
      vertex 17.0384 41.1098 3
      vertex 7.38006 6.82628 3
      vertex 7.59808 6.5 3
    endloop
  endfacet
  facet normal -0 0 1
    outer loop
      vertex 5.39158 62.1257 3
      vertex 17.3371 42.6111 3
      vertex 5.77646 62.2022 3
    endloop
  endfacet
  facet normal 0 0 1
    outer loop
      vertex 17.0384 41.1098 3
      vertex 7.12132 7.12132 3
      vertex 7.38006 6.82628 3
    endloop
  endfacet
  facet normal -0 0 1
    outer loop
      vertex 5 62.1 3
      vertex 17.3371 42.6111 3
      vertex 5.39158 62.1257 3
    endloop
  endfacet
  facet normal 0 0 1
    outer loop
      vertex 17.0384 41.1098 3
      vertex 6.82628 7.38006 3
      vertex 7.12132 7.12132 3
    endloop
  endfacet
  facet normal 0 0 1
    outer loop
      vertex 17.3371 42.6111 3
      vertex 5 62.1 3
      vertex 17.1522 42.2654 3
    endloop
  endfacet
  facet normal 0 0 1
    outer loop
      vertex 17.0384 41.1098 3
      vertex 6.5 7.59808 3
      vertex 6.82628 7.38006 3
    endloop
  endfacet
  facet normal 0 0 1
    outer loop
      vertex 4.60842 62.1257 3
      vertex 17.1522 42.2654 3
      vertex 5 62.1 3
    endloop
  endfacet
  facet normal 0 0 1
    outer loop
      vertex 17.0384 41.1098 3
      vertex 6.14805 7.77164 3
      vertex 6.5 7.59808 3
    endloop
  endfacet
  facet normal 0 0 1
    outer loop
      vertex 17.1522 42.2654 3
      vertex 4.60842 62.1257 3
      vertex 17.0384 41.8902 3
    endloop
  endfacet
  facet normal 0 0 1
    outer loop
      vertex 17.0384 41.1098 3
      vertex 5.77646 7.89778 3
      vertex 6.14805 7.77164 3
    endloop
  endfacet
  facet normal 0 0 1
    outer loop
      vertex 4.22354 62.2022 3
      vertex 17.0384 41.8902 3
      vertex 4.60842 62.1257 3
    endloop
  endfacet
  facet normal 0 0 1
    outer loop
      vertex 17.0384 41.1098 3
      vertex 5.39158 7.97433 3
      vertex 5.77646 7.89778 3
    endloop
  endfacet
  facet normal 0 0 1
    outer loop
      vertex 3.85195 62.3284 3
      vertex 17.0384 41.8902 3
      vertex 4.22354 62.2022 3
    endloop
  endfacet
  facet normal 0 0 1
    outer loop
      vertex 17.0384 41.1098 3
      vertex 5 8 3
      vertex 5.39158 7.97433 3
    endloop
  endfacet
  facet normal 0 0 1
    outer loop
      vertex 17.0384 41.8902 3
      vertex 3.85195 62.3284 3
      vertex 17 41.5 3
    endloop
  endfacet
  facet normal 0 0 1
    outer loop
      vertex 17.0384 41.1098 3
      vertex 4.60842 7.97433 3
      vertex 5 8 3
    endloop
  endfacet
  facet normal 0 0 1
    outer loop
      vertex 3.5 62.5019 3
      vertex 17 41.5 3
      vertex 3.85195 62.3284 3
    endloop
  endfacet
  facet normal 0 0 1
    outer loop
      vertex 17.0384 41.1098 3
      vertex 4.22354 7.89778 3
      vertex 4.60842 7.97433 3
    endloop
  endfacet
  facet normal 0 0 1
    outer loop
      vertex 17 41.5 3
      vertex 3.5 62.5019 3
      vertex 17.0384 41.1098 3
    endloop
  endfacet
  facet normal 0 0 1
    outer loop
      vertex 17.0384 41.1098 3
      vertex 3.85195 7.77164 3
      vertex 4.22354 7.89778 3
    endloop
  endfacet
  facet normal 0 0 1
    outer loop
      vertex 3.17372 62.7199 3
      vertex 17.0384 41.1098 3
      vertex 3.5 62.5019 3
    endloop
  endfacet
  facet normal 0 0 1
    outer loop
      vertex 17.0384 41.1098 3
      vertex 3.5 7.59808 3
      vertex 3.85195 7.77164 3
    endloop
  endfacet
  facet normal 0 0 1
    outer loop
      vertex 3.17372 7.38006 3
      vertex 17.0384 41.1098 3
      vertex 3.17372 62.7199 3
    endloop
  endfacet
  facet normal 0 0 1
    outer loop
      vertex 17.0384 41.1098 3
      vertex 3.17372 7.38006 3
      vertex 3.5 7.59808 3
    endloop
  endfacet
  facet normal 0 0 1
    outer loop
      vertex 2.87868 62.9787 3
      vertex 3.17372 7.38006 3
      vertex 3.17372 62.7199 3
    endloop
  endfacet
  facet normal 0 0 1
    outer loop
      vertex 2.87868 62.9787 3
      vertex 2.87868 7.12132 3
      vertex 3.17372 7.38006 3
    endloop
  endfacet
  facet normal 0 0 1
    outer loop
      vertex 2.61994 63.2737 3
      vertex 2.87868 7.12132 3
      vertex 2.87868 62.9787 3
    endloop
  endfacet
  facet normal 0 0 1
    outer loop
      vertex 2.61994 63.2737 3
      vertex 2.61994 6.82628 3
      vertex 2.87868 7.12132 3
    endloop
  endfacet
  facet normal 0 0 1
    outer loop
      vertex 2.40192 63.6 3
      vertex 2.61994 6.82628 3
      vertex 2.61994 63.2737 3
    endloop
  endfacet
  facet normal 0 0 1
    outer loop
      vertex 2.40192 63.6 3
      vertex 2.40192 6.5 3
      vertex 2.61994 6.82628 3
    endloop
  endfacet
  facet normal 0 0 1
    outer loop
      vertex 2.22836 63.952 3
      vertex 2.40192 6.5 3
      vertex 2.40192 63.6 3
    endloop
  endfacet
  facet normal 0 0 1
    outer loop
      vertex 2.22836 63.952 3
      vertex 2.22836 6.14805 3
      vertex 2.40192 6.5 3
    endloop
  endfacet
  facet normal 0 0 1
    outer loop
      vertex 2.10222 64.3235 3
      vertex 2.22836 6.14805 3
      vertex 2.22836 63.952 3
    endloop
  endfacet
  facet normal 0 0 1
    outer loop
      vertex 2.10222 64.3235 3
      vertex 2.10222 5.77646 3
      vertex 2.22836 6.14805 3
    endloop
  endfacet
  facet normal 0 0 1
    outer loop
      vertex 0 70.1 3
      vertex 2.10222 64.3235 3
      vertex 2.02567 64.7084 3
    endloop
  endfacet
  facet normal 0 0 1
    outer loop
      vertex 2.10222 64.3235 3
      vertex 0 70.1 3
      vertex 2.10222 5.77646 3
    endloop
  endfacet
  facet normal 0 0 1
    outer loop
      vertex 0 70.1 3
      vertex 2.02567 64.7084 3
      vertex 2 65.1 3
    endloop
  endfacet
  facet normal 0 0 1
    outer loop
      vertex 0 0 3
      vertex 2.10222 5.77646 3
      vertex 0 70.1 3
    endloop
  endfacet
  facet normal 0 0 1
    outer loop
      vertex 80 70.1 3
      vertex 77.8978 64.3235 3
      vertex 80 0 3
    endloop
  endfacet
  facet normal 0 0 1
    outer loop
      vertex 80 0 3
      vertex 77.9743 5.39158 3
      vertex 78 5 3
    endloop
  endfacet
  facet normal -0 0 1
    outer loop
      vertex 77.8978 5.77646 3
      vertex 80 0 3
      vertex 77.8978 64.3235 3
    endloop
  endfacet
  facet normal 0 0 1
    outer loop
      vertex 80 0 3
      vertex 77.8978 5.77646 3
      vertex 77.9743 5.39158 3
    endloop
  endfacet
  facet normal -0 0 1
    outer loop
      vertex 77.7716 63.952 3
      vertex 77.8978 5.77646 3
      vertex 77.8978 64.3235 3
    endloop
  endfacet
  facet normal 0 0 1
    outer loop
      vertex 77.7716 63.952 3
      vertex 77.7716 6.14805 3
      vertex 77.8978 5.77646 3
    endloop
  endfacet
  facet normal -0 0 1
    outer loop
      vertex 77.5981 63.6 3
      vertex 77.7716 6.14805 3
      vertex 77.7716 63.952 3
    endloop
  endfacet
  facet normal 0 0 1
    outer loop
      vertex 77.5981 63.6 3
      vertex 77.5981 6.5 3
      vertex 77.7716 6.14805 3
    endloop
  endfacet
  facet normal -0 0 1
    outer loop
      vertex 77.3801 63.2737 3
      vertex 77.5981 6.5 3
      vertex 77.5981 63.6 3
    endloop
  endfacet
  facet normal 0 0 1
    outer loop
      vertex 77.3801 63.2737 3
      vertex 77.3801 6.82628 3
      vertex 77.5981 6.5 3
    endloop
  endfacet
  facet normal -0 0 1
    outer loop
      vertex 77.1213 62.9787 3
      vertex 77.3801 6.82628 3
      vertex 77.3801 63.2737 3
    endloop
  endfacet
  facet normal 0 0 1
    outer loop
      vertex 77.1213 62.9787 3
      vertex 77.1213 7.12132 3
      vertex 77.3801 6.82628 3
    endloop
  endfacet
  facet normal -0 0 1
    outer loop
      vertex 76.8263 62.7199 3
      vertex 77.1213 7.12132 3
      vertex 77.1213 62.9787 3
    endloop
  endfacet
  facet normal 0 0 1
    outer loop
      vertex 76.8263 62.7199 3
      vertex 76.8263 7.38006 3
      vertex 77.1213 7.12132 3
    endloop
  endfacet
  facet normal -0 0 1
    outer loop
      vertex 76.5 62.5019 3
      vertex 76.8263 7.38006 3
      vertex 76.8263 62.7199 3
    endloop
  endfacet
  facet normal 0 0 1
    outer loop
      vertex 76.5 62.5019 3
      vertex 76.5 7.59808 3
      vertex 76.8263 7.38006 3
    endloop
  endfacet
  facet normal -0 0 1
    outer loop
      vertex 76.148 62.3284 3
      vertex 76.5 7.59808 3
      vertex 76.5 62.5019 3
    endloop
  endfacet
  facet normal 0 0 1
    outer loop
      vertex 76.148 62.3284 3
      vertex 76.148 7.77164 3
      vertex 76.5 7.59808 3
    endloop
  endfacet
  facet normal -0 0 1
    outer loop
      vertex 75.7765 62.2022 3
      vertex 76.148 7.77164 3
      vertex 76.148 62.3284 3
    endloop
  endfacet
  facet normal 0 0 1
    outer loop
      vertex 75.7765 62.2022 3
      vertex 75.7765 7.89778 3
      vertex 76.148 7.77164 3
    endloop
  endfacet
  facet normal -0 0 1
    outer loop
      vertex 75.3916 62.1257 3
      vertex 75.7765 7.89778 3
      vertex 75.7765 62.2022 3
    endloop
  endfacet
  facet normal 0 0 1
    outer loop
      vertex 75.3916 62.1257 3
      vertex 75.3916 7.97433 3
      vertex 75.7765 7.89778 3
    endloop
  endfacet
  facet normal -0 0 1
    outer loop
      vertex 75 62.1 3
      vertex 75.3916 7.97433 3
      vertex 75.3916 62.1257 3
    endloop
  endfacet
  facet normal 0 0 1
    outer loop
      vertex 75 62.1 3
      vertex 75 8 3
      vertex 75.3916 7.97433 3
    endloop
  endfacet
  facet normal 0 0 1
    outer loop
      vertex 74.6084 62.1257 3
      vertex 75 8 3
      vertex 75 62.1 3
    endloop
  endfacet
  facet normal 0 0 1
    outer loop
      vertex 74.6084 62.1257 3
      vertex 74.6084 7.97433 3
      vertex 75 8 3
    endloop
  endfacet
  facet normal 0 0 1
    outer loop
      vertex 74.2235 62.2022 3
      vertex 74.6084 7.97433 3
      vertex 74.6084 62.1257 3
    endloop
  endfacet
  facet normal 0 0 1
    outer loop
      vertex 74.2235 62.2022 3
      vertex 74.2235 7.89778 3
      vertex 74.6084 7.97433 3
    endloop
  endfacet
  facet normal 0 0 1
    outer loop
      vertex 73.852 62.3284 3
      vertex 74.2235 7.89778 3
      vertex 74.2235 62.2022 3
    endloop
  endfacet
  facet normal 0 0 1
    outer loop
      vertex 73.852 62.3284 3
      vertex 73.852 7.77164 3
      vertex 74.2235 7.89778 3
    endloop
  endfacet
  facet normal 0 0 1
    outer loop
      vertex 73.5 62.5019 3
      vertex 73.852 7.77164 3
      vertex 73.852 62.3284 3
    endloop
  endfacet
  facet normal 0 0 1
    outer loop
      vertex 73.5 62.5019 3
      vertex 73.5 7.59808 3
      vertex 73.852 7.77164 3
    endloop
  endfacet
  facet normal 0 0 1
    outer loop
      vertex 73.1737 62.7199 3
      vertex 73.5 7.59808 3
      vertex 73.5 62.5019 3
    endloop
  endfacet
  facet normal 0 0 1
    outer loop
      vertex 73.1737 62.7199 3
      vertex 73.1737 7.38006 3
      vertex 73.5 7.59808 3
    endloop
  endfacet
  facet normal 0 0 1
    outer loop
      vertex 21 41.5 3
      vertex 73.1737 62.7199 3
      vertex 72.8787 62.9787 3
    endloop
  endfacet
  facet normal 0 0 1
    outer loop
      vertex 73.1737 62.7199 3
      vertex 20.9616 41.1098 3
      vertex 73.1737 7.38006 3
    endloop
  endfacet
  facet normal 0 0 1
    outer loop
      vertex 21 41.5 3
      vertex 72.8787 62.9787 3
      vertex 72.6199 63.2737 3
    endloop
  endfacet
  facet normal 0 0 1
    outer loop
      vertex 73.1737 7.38006 3
      vertex 20.9616 41.1098 3
      vertex 72.8787 7.12132 3
    endloop
  endfacet
  facet normal 0 0 1
    outer loop
      vertex 20.9616 41.8902 3
      vertex 72.6199 63.2737 3
      vertex 72.4019 63.6 3
    endloop
  endfacet
  facet normal -0 0 1
    outer loop
      vertex 20.8478 40.7346 3
      vertex 72.8787 7.12132 3
      vertex 20.9616 41.1098 3
    endloop
  endfacet
  facet normal 0 0 1
    outer loop
      vertex 20.8478 42.2654 3
      vertex 72.4019 63.6 3
      vertex 72.2284 63.952 3
    endloop
  endfacet
  facet normal 0 0 1
    outer loop
      vertex 72.8787 7.12132 3
      vertex 20.8478 40.7346 3
      vertex 72.6199 6.82628 3
    endloop
  endfacet
  facet normal 0 0 1
    outer loop
      vertex 20.8478 42.2654 3
      vertex 72.2284 63.952 3
      vertex 72.1022 64.3235 3
    endloop
  endfacet
  facet normal -0 0 1
    outer loop
      vertex 20.6629 40.3889 3
      vertex 72.6199 6.82628 3
      vertex 20.8478 40.7346 3
    endloop
  endfacet
  facet normal 0 0 1
    outer loop
      vertex 20.6629 42.6111 3
      vertex 72.1022 64.3235 3
      vertex 72.0257 64.7084 3
    endloop
  endfacet
  facet normal 0 0 1
    outer loop
      vertex 72.6199 6.82628 3
      vertex 20.6629 40.3889 3
      vertex 72.4019 6.5 3
    endloop
  endfacet
  facet normal 0 0 1
    outer loop
      vertex 20.4142 42.9142 3
      vertex 72.0257 64.7084 3
      vertex 72 65.1 3
    endloop
  endfacet
  facet normal -0 0 1
    outer loop
      vertex 20.4142 40.0858 3
      vertex 72.4019 6.5 3
      vertex 20.6629 40.3889 3
    endloop
  endfacet
  facet normal 0 0 1
    outer loop
      vertex 77.9743 64.7084 3
      vertex 80 70.1 3
      vertex 78 65.1 3
    endloop
  endfacet
  facet normal 0 0 1
    outer loop
      vertex 80 70.1 3
      vertex 77.9743 65.4916 3
      vertex 78 65.1 3
    endloop
  endfacet
  facet normal 0 0 1
    outer loop
      vertex 80 70.1 3
      vertex 77.8978 65.8765 3
      vertex 77.9743 65.4916 3
    endloop
  endfacet
  facet normal 0 0 1
    outer loop
      vertex 80 70.1 3
      vertex 77.7716 66.248 3
      vertex 77.8978 65.8765 3
    endloop
  endfacet
  facet normal 0 0 1
    outer loop
      vertex 80 70.1 3
      vertex 77.5981 66.6 3
      vertex 77.7716 66.248 3
    endloop
  endfacet
  facet normal 0 0 1
    outer loop
      vertex 80 70.1 3
      vertex 77.3801 66.9263 3
      vertex 77.5981 66.6 3
    endloop
  endfacet
  facet normal 0 0 1
    outer loop
      vertex 80 70.1 3
      vertex 77.1213 67.2213 3
      vertex 77.3801 66.9263 3
    endloop
  endfacet
  facet normal 0 0 1
    outer loop
      vertex 80 70.1 3
      vertex 76.8263 67.4801 3
      vertex 77.1213 67.2213 3
    endloop
  endfacet
  facet normal 0 0 1
    outer loop
      vertex 80 70.1 3
      vertex 76.5 67.6981 3
      vertex 76.8263 67.4801 3
    endloop
  endfacet
  facet normal 0 0 1
    outer loop
      vertex 80 70.1 3
      vertex 76.148 67.8716 3
      vertex 76.5 67.6981 3
    endloop
  endfacet
  facet normal 0 0 1
    outer loop
      vertex 80 70.1 3
      vertex 75.7765 67.9978 3
      vertex 76.148 67.8716 3
    endloop
  endfacet
  facet normal 0 0 1
    outer loop
      vertex 80 70.1 3
      vertex 75.3916 68.0743 3
      vertex 75.7765 67.9978 3
    endloop
  endfacet
  facet normal 0 0 1
    outer loop
      vertex 80 70.1 3
      vertex 75 68.1 3
      vertex 75.3916 68.0743 3
    endloop
  endfacet
  facet normal 0 0 1
    outer loop
      vertex 80 70.1 3
      vertex 74.6084 68.0743 3
      vertex 75 68.1 3
    endloop
  endfacet
  facet normal 0 0 1
    outer loop
      vertex 80 70.1 3
      vertex 74.2235 67.9978 3
      vertex 74.6084 68.0743 3
    endloop
  endfacet
  facet normal 0 0 1
    outer loop
      vertex 80 70.1 3
      vertex 73.852 67.8716 3
      vertex 74.2235 67.9978 3
    endloop
  endfacet
  facet normal 0 0 1
    outer loop
      vertex 73.1737 62.7199 3
      vertex 21 41.5 3
      vertex 20.9616 41.1098 3
    endloop
  endfacet
  facet normal 0 0 1
    outer loop
      vertex 20.4142 42.9142 3
      vertex 72 65.1 3
      vertex 72.0257 65.4916 3
    endloop
  endfacet
  facet normal 0 0 1
    outer loop
      vertex 7.97433 65.4916 3
      vertex 72.0257 65.4916 3
      vertex 72.1022 65.8765 3
    endloop
  endfacet
  facet normal 0 0 1
    outer loop
      vertex 7.89778 65.8765 3
      vertex 72.1022 65.8765 3
      vertex 72.2284 66.248 3
    endloop
  endfacet
  facet normal 0 0 1
    outer loop
      vertex 7.77164 66.248 3
      vertex 72.2284 66.248 3
      vertex 72.4019 66.6 3
    endloop
  endfacet
  facet normal 0 0 1
    outer loop
      vertex 7.59808 66.6 3
      vertex 72.4019 66.6 3
      vertex 72.6199 66.9263 3
    endloop
  endfacet
  facet normal 0 0 1
    outer loop
      vertex 7.38006 66.9263 3
      vertex 72.6199 66.9263 3
      vertex 72.8787 67.2213 3
    endloop
  endfacet
  facet normal 0 0 1
    outer loop
      vertex 7.12132 67.2213 3
      vertex 72.8787 67.2213 3
      vertex 73.1737 67.4801 3
    endloop
  endfacet
  facet normal 0 0 1
    outer loop
      vertex 6.82628 67.4801 3
      vertex 73.1737 67.4801 3
      vertex 73.5 67.6981 3
    endloop
  endfacet
  facet normal 0 0 1
    outer loop
      vertex 72.6199 63.2737 3
      vertex 20.9616 41.8902 3
      vertex 21 41.5 3
    endloop
  endfacet
  facet normal 0 0 1
    outer loop
      vertex 6.5 67.6981 3
      vertex 73.5 67.6981 3
      vertex 73.852 67.8716 3
    endloop
  endfacet
  facet normal 0 0 1
    outer loop
      vertex 72.4019 63.6 3
      vertex 20.8478 42.2654 3
      vertex 20.9616 41.8902 3
    endloop
  endfacet
  facet normal 0 0 1
    outer loop
      vertex 72.1022 64.3235 3
      vertex 20.6629 42.6111 3
      vertex 20.8478 42.2654 3
    endloop
  endfacet
  facet normal 0 0 1
    outer loop
      vertex 72.0257 64.7084 3
      vertex 20.4142 42.9142 3
      vertex 20.6629 42.6111 3
    endloop
  endfacet
  facet normal 0 0 1
    outer loop
      vertex 72.0257 65.4916 3
      vertex 20.1111 43.1629 3
      vertex 20.4142 42.9142 3
    endloop
  endfacet
  facet normal 0 0 1
    outer loop
      vertex 72.0257 65.4916 3
      vertex 7.97433 65.4916 3
      vertex 20.1111 43.1629 3
    endloop
  endfacet
  facet normal -0 -0 1
    outer loop
      vertex 8 65.1 3
      vertex 20.1111 43.1629 3
      vertex 7.97433 65.4916 3
    endloop
  endfacet
  facet normal 0 0 1
    outer loop
      vertex 20.1111 43.1629 3
      vertex 8 65.1 3
      vertex 19.7654 43.3478 3
    endloop
  endfacet
  facet normal -0 0 1
    outer loop
      vertex 7.97433 64.7084 3
      vertex 19.7654 43.3478 3
      vertex 8 65.1 3
    endloop
  endfacet
  facet normal -0 0 1
    outer loop
      vertex 7.89778 64.3235 3
      vertex 19.7654 43.3478 3
      vertex 7.97433 64.7084 3
    endloop
  endfacet
  facet normal 0 0 1
    outer loop
      vertex 18.6098 43.4616 3
      vertex 7.12132 62.9787 3
      vertex 18.2346 43.3478 3
    endloop
  endfacet
  facet normal -0 0 1
    outer loop
      vertex 7.12132 62.9787 3
      vertex 18.6098 43.4616 3
      vertex 7.38006 63.2737 3
    endloop
  endfacet
  facet normal 0 0 1
    outer loop
      vertex 19 43.5 3
      vertex 7.38006 63.2737 3
      vertex 18.6098 43.4616 3
    endloop
  endfacet
  facet normal -0 0 1
    outer loop
      vertex 7.38006 63.2737 3
      vertex 19 43.5 3
      vertex 7.59808 63.6 3
    endloop
  endfacet
  facet normal -0 0 1
    outer loop
      vertex 7.59808 63.6 3
      vertex 19 43.5 3
      vertex 7.77164 63.952 3
    endloop
  endfacet
  facet normal 0 0 1
    outer loop
      vertex 19.3902 43.4616 3
      vertex 7.77164 63.952 3
      vertex 19 43.5 3
    endloop
  endfacet
  facet normal -0 0 1
    outer loop
      vertex 7.77164 63.952 3
      vertex 19.3902 43.4616 3
      vertex 7.89778 64.3235 3
    endloop
  endfacet
  facet normal 0 0 1
    outer loop
      vertex 6.14805 67.8716 3
      vertex 73.852 67.8716 3
      vertex 80 70.1 3
    endloop
  endfacet
  facet normal 0 0 1
    outer loop
      vertex 19.7654 43.3478 3
      vertex 7.89778 64.3235 3
      vertex 19.3902 43.4616 3
    endloop
  endfacet
  facet normal 0 0 1
    outer loop
      vertex 72.1022 65.8765 3
      vertex 7.89778 65.8765 3
      vertex 7.97433 65.4916 3
    endloop
  endfacet
  facet normal 0 0 1
    outer loop
      vertex 72.2284 66.248 3
      vertex 7.77164 66.248 3
      vertex 7.89778 65.8765 3
    endloop
  endfacet
  facet normal 0 0 1
    outer loop
      vertex 72.4019 66.6 3
      vertex 7.59808 66.6 3
      vertex 7.77164 66.248 3
    endloop
  endfacet
  facet normal 0 0 1
    outer loop
      vertex 72.6199 66.9263 3
      vertex 7.38006 66.9263 3
      vertex 7.59808 66.6 3
    endloop
  endfacet
  facet normal 0 0 1
    outer loop
      vertex 72.8787 67.2213 3
      vertex 7.12132 67.2213 3
      vertex 7.38006 66.9263 3
    endloop
  endfacet
  facet normal 0 0 1
    outer loop
      vertex 73.1737 67.4801 3
      vertex 6.82628 67.4801 3
      vertex 7.12132 67.2213 3
    endloop
  endfacet
  facet normal 0 0 1
    outer loop
      vertex 73.5 67.6981 3
      vertex 6.5 67.6981 3
      vertex 6.82628 67.4801 3
    endloop
  endfacet
  facet normal 0 0 1
    outer loop
      vertex 73.852 67.8716 3
      vertex 6.14805 67.8716 3
      vertex 6.5 67.6981 3
    endloop
  endfacet
  facet normal 0 0 1
    outer loop
      vertex 80 70.1 3
      vertex 5.77646 67.9978 3
      vertex 6.14805 67.8716 3
    endloop
  endfacet
  facet normal -0 0 1
    outer loop
      vertex 0 70.1 3
      vertex 5.77646 67.9978 3
      vertex 80 70.1 3
    endloop
  endfacet
  facet normal 0 0 1
    outer loop
      vertex 5.77646 67.9978 3
      vertex 0 70.1 3
      vertex 5.39158 68.0743 3
    endloop
  endfacet
  facet normal 0 0 1
    outer loop
      vertex 2.10222 5.77646 3
      vertex 0 0 3
      vertex 2.02567 5.39158 3
    endloop
  endfacet
  facet normal 0 0 1
    outer loop
      vertex 2.02567 65.4916 3
      vertex 0 70.1 3
      vertex 2 65.1 3
    endloop
  endfacet
  facet normal 0 0 1
    outer loop
      vertex 2.10222 65.8765 3
      vertex 0 70.1 3
      vertex 2.02567 65.4916 3
    endloop
  endfacet
  facet normal 0 0 1
    outer loop
      vertex 2.22836 66.248 3
      vertex 0 70.1 3
      vertex 2.10222 65.8765 3
    endloop
  endfacet
  facet normal 0 0 1
    outer loop
      vertex 2.40192 66.6 3
      vertex 0 70.1 3
      vertex 2.22836 66.248 3
    endloop
  endfacet
  facet normal 0 0 1
    outer loop
      vertex 2.61994 66.9263 3
      vertex 0 70.1 3
      vertex 2.40192 66.6 3
    endloop
  endfacet
  facet normal 0 0 1
    outer loop
      vertex 2.87868 67.2213 3
      vertex 0 70.1 3
      vertex 2.61994 66.9263 3
    endloop
  endfacet
  facet normal 0 0 1
    outer loop
      vertex 3.17372 67.4801 3
      vertex 0 70.1 3
      vertex 2.87868 67.2213 3
    endloop
  endfacet
  facet normal 0 0 1
    outer loop
      vertex 3.5 67.6981 3
      vertex 0 70.1 3
      vertex 3.17372 67.4801 3
    endloop
  endfacet
  facet normal 0 0 1
    outer loop
      vertex 3.85195 67.8716 3
      vertex 0 70.1 3
      vertex 3.5 67.6981 3
    endloop
  endfacet
  facet normal 0 0 1
    outer loop
      vertex 4.22354 67.9978 3
      vertex 0 70.1 3
      vertex 3.85195 67.8716 3
    endloop
  endfacet
  facet normal 0 0 1
    outer loop
      vertex 4.60842 68.0743 3
      vertex 0 70.1 3
      vertex 4.22354 67.9978 3
    endloop
  endfacet
  facet normal 0 0 1
    outer loop
      vertex 5 68.1 3
      vertex 0 70.1 3
      vertex 4.60842 68.0743 3
    endloop
  endfacet
  facet normal 0 0 1
    outer loop
      vertex 5.39158 68.0743 3
      vertex 0 70.1 3
      vertex 5 68.1 3
    endloop
  endfacet
  facet normal 0 0 1
    outer loop
      vertex 77.8978 64.3235 3
      vertex 80 70.1 3
      vertex 77.9743 64.7084 3
    endloop
  endfacet
  facet normal -0 0 1
    outer loop
      vertex 77.9743 4.60842 3
      vertex 80 0 3
      vertex 78 5 3
    endloop
  endfacet
  facet normal -0 0 1
    outer loop
      vertex 77.8978 4.22354 3
      vertex 80 0 3
      vertex 77.9743 4.60842 3
    endloop
  endfacet
  facet normal -0 0 1
    outer loop
      vertex 77.7716 3.85195 3
      vertex 80 0 3
      vertex 77.8978 4.22354 3
    endloop
  endfacet
  facet normal -0 0 1
    outer loop
      vertex 77.5981 3.5 3
      vertex 80 0 3
      vertex 77.7716 3.85195 3
    endloop
  endfacet
  facet normal -0 0 1
    outer loop
      vertex 77.3801 3.17372 3
      vertex 80 0 3
      vertex 77.5981 3.5 3
    endloop
  endfacet
  facet normal -0 0 1
    outer loop
      vertex 77.1213 2.87868 3
      vertex 80 0 3
      vertex 77.3801 3.17372 3
    endloop
  endfacet
  facet normal -0 0 1
    outer loop
      vertex 76.8263 2.61994 3
      vertex 80 0 3
      vertex 77.1213 2.87868 3
    endloop
  endfacet
  facet normal -0 0 1
    outer loop
      vertex 76.5 2.40192 3
      vertex 80 0 3
      vertex 76.8263 2.61994 3
    endloop
  endfacet
  facet normal -0 0 1
    outer loop
      vertex 76.148 2.22836 3
      vertex 80 0 3
      vertex 76.5 2.40192 3
    endloop
  endfacet
  facet normal -0 0 1
    outer loop
      vertex 75.7765 2.10222 3
      vertex 80 0 3
      vertex 76.148 2.22836 3
    endloop
  endfacet
  facet normal -0 0 1
    outer loop
      vertex 75.3916 2.02567 3
      vertex 80 0 3
      vertex 75.7765 2.10222 3
    endloop
  endfacet
  facet normal -0 0 1
    outer loop
      vertex 75 2 3
      vertex 80 0 3
      vertex 75.3916 2.02567 3
    endloop
  endfacet
  facet normal 0 0 1
    outer loop
      vertex 74.6084 2.02567 3
      vertex 80 0 3
      vertex 75 2 3
    endloop
  endfacet
  facet normal 0 0 1
    outer loop
      vertex 74.2235 2.10222 3
      vertex 80 0 3
      vertex 74.6084 2.02567 3
    endloop
  endfacet
  facet normal 0 0 1
    outer loop
      vertex 73.852 2.22836 3
      vertex 80 0 3
      vertex 74.2235 2.10222 3
    endloop
  endfacet
  facet normal 0 0 1
    outer loop
      vertex 72.4019 6.5 3
      vertex 20.4142 40.0858 3
      vertex 72.2284 6.14805 3
    endloop
  endfacet
  facet normal 0 0 1
    outer loop
      vertex 72.2284 6.14805 3
      vertex 20.4142 40.0858 3
      vertex 72.1022 5.77646 3
    endloop
  endfacet
  facet normal -0 0 1
    outer loop
      vertex 20.1111 39.8371 3
      vertex 72.1022 5.77646 3
      vertex 20.4142 40.0858 3
    endloop
  endfacet
  facet normal 0 0 1
    outer loop
      vertex 8 5 3
      vertex 72.1022 5.77646 3
      vertex 20.1111 39.8371 3
    endloop
  endfacet
  facet normal 0 0 1
    outer loop
      vertex 72.1022 5.77646 3
      vertex 8 5 3
      vertex 72.0257 5.39158 3
    endloop
  endfacet
  facet normal 0 0 1
    outer loop
      vertex 72.0257 5.39158 3
      vertex 8 5 3
      vertex 72 5 3
    endloop
  endfacet
  facet normal 0 0 1
    outer loop
      vertex 72 5 3
      vertex 8 5 3
      vertex 72.0257 4.60842 3
    endloop
  endfacet
  facet normal 0 0 1
    outer loop
      vertex 7.97433 4.60842 3
      vertex 72.0257 4.60842 3
      vertex 8 5 3
    endloop
  endfacet
  facet normal 0 0 1
    outer loop
      vertex 72.0257 4.60842 3
      vertex 7.97433 4.60842 3
      vertex 72.1022 4.22354 3
    endloop
  endfacet
  facet normal 0 0 1
    outer loop
      vertex 7.89778 4.22354 3
      vertex 72.1022 4.22354 3
      vertex 7.97433 4.60842 3
    endloop
  endfacet
  facet normal 0 0 1
    outer loop
      vertex 72.1022 4.22354 3
      vertex 7.89778 4.22354 3
      vertex 72.2284 3.85195 3
    endloop
  endfacet
  facet normal 0 0 1
    outer loop
      vertex 7.77164 3.85195 3
      vertex 72.2284 3.85195 3
      vertex 7.89778 4.22354 3
    endloop
  endfacet
  facet normal 0 0 1
    outer loop
      vertex 8 5 3
      vertex 20.1111 39.8371 3
      vertex 19.7654 39.6522 3
    endloop
  endfacet
  facet normal 0 0 1
    outer loop
      vertex 8 5 3
      vertex 19.7654 39.6522 3
      vertex 19.3902 39.5384 3
    endloop
  endfacet
  facet normal 0 0 1
    outer loop
      vertex 8 5 3
      vertex 19.3902 39.5384 3
      vertex 19 39.5 3
    endloop
  endfacet
  facet normal 0 0 1
    outer loop
      vertex 8 5 3
      vertex 19 39.5 3
      vertex 18.6098 39.5384 3
    endloop
  endfacet
  facet normal 0 0 1
    outer loop
      vertex 8 5 3
      vertex 18.6098 39.5384 3
      vertex 18.2346 39.6522 3
    endloop
  endfacet
  facet normal 0 0 1
    outer loop
      vertex 8 5 3
      vertex 18.2346 39.6522 3
      vertex 17.8889 39.8371 3
    endloop
  endfacet
  facet normal -0 0 1
    outer loop
      vertex 6.82628 62.7199 3
      vertex 18.2346 43.3478 3
      vertex 7.12132 62.9787 3
    endloop
  endfacet
  facet normal -0 0 1
    outer loop
      vertex 6.5 62.5019 3
      vertex 18.2346 43.3478 3
      vertex 6.82628 62.7199 3
    endloop
  endfacet
  facet normal 0 0 1
    outer loop
      vertex 17.0384 41.1098 3
      vertex 8 5 3
      vertex 17.1522 40.7346 3
    endloop
  endfacet
  facet normal 0 0 1
    outer loop
      vertex 8 5 3
      vertex 17.3371 40.3889 3
      vertex 17.1522 40.7346 3
    endloop
  endfacet
  facet normal 0 0 1
    outer loop
      vertex 8 5 3
      vertex 17.5858 40.0858 3
      vertex 17.3371 40.3889 3
    endloop
  endfacet
  facet normal 0 0 1
    outer loop
      vertex 8 5 3
      vertex 17.8889 39.8371 3
      vertex 17.5858 40.0858 3
    endloop
  endfacet
  facet normal 0 0 1
    outer loop
      vertex 72.2284 3.85195 3
      vertex 7.77164 3.85195 3
      vertex 72.4019 3.5 3
    endloop
  endfacet
  facet normal 0 0 1
    outer loop
      vertex 7.59808 3.5 3
      vertex 72.4019 3.5 3
      vertex 7.77164 3.85195 3
    endloop
  endfacet
  facet normal 0 0 1
    outer loop
      vertex 72.4019 3.5 3
      vertex 7.59808 3.5 3
      vertex 72.6199 3.17372 3
    endloop
  endfacet
  facet normal 0 0 1
    outer loop
      vertex 7.38006 3.17372 3
      vertex 72.6199 3.17372 3
      vertex 7.59808 3.5 3
    endloop
  endfacet
  facet normal 0 0 1
    outer loop
      vertex 72.6199 3.17372 3
      vertex 7.38006 3.17372 3
      vertex 72.8787 2.87868 3
    endloop
  endfacet
  facet normal 0 0 1
    outer loop
      vertex 7.12132 2.87868 3
      vertex 72.8787 2.87868 3
      vertex 7.38006 3.17372 3
    endloop
  endfacet
  facet normal 0 0 1
    outer loop
      vertex 72.8787 2.87868 3
      vertex 7.12132 2.87868 3
      vertex 73.1737 2.61994 3
    endloop
  endfacet
  facet normal 0 0 1
    outer loop
      vertex 6.82628 2.61994 3
      vertex 73.1737 2.61994 3
      vertex 7.12132 2.87868 3
    endloop
  endfacet
  facet normal 0 0 1
    outer loop
      vertex 73.1737 2.61994 3
      vertex 6.82628 2.61994 3
      vertex 73.5 2.40192 3
    endloop
  endfacet
  facet normal 0 0 1
    outer loop
      vertex 6.5 2.40192 3
      vertex 73.5 2.40192 3
      vertex 6.82628 2.61994 3
    endloop
  endfacet
  facet normal 0 0 1
    outer loop
      vertex 73.5 2.40192 3
      vertex 6.5 2.40192 3
      vertex 73.852 2.22836 3
    endloop
  endfacet
  facet normal 0 0 1
    outer loop
      vertex 6.14805 2.22836 3
      vertex 73.852 2.22836 3
      vertex 6.5 2.40192 3
    endloop
  endfacet
  facet normal 0 0 1
    outer loop
      vertex 73.852 2.22836 3
      vertex 6.14805 2.22836 3
      vertex 80 0 3
    endloop
  endfacet
  facet normal -0 0 1
    outer loop
      vertex 5.77646 2.10222 3
      vertex 80 0 3
      vertex 6.14805 2.22836 3
    endloop
  endfacet
  facet normal 0 0 1
    outer loop
      vertex 0 0 3
      vertex 5.77646 2.10222 3
      vertex 5.39158 2.02567 3
    endloop
  endfacet
  facet normal 0 0 1
    outer loop
      vertex 0 0 3
      vertex 5.39158 2.02567 3
      vertex 5 2 3
    endloop
  endfacet
  facet normal 0 0 1
    outer loop
      vertex 5.77646 2.10222 3
      vertex 0 0 3
      vertex 80 0 3
    endloop
  endfacet
  facet normal 0 0 1
    outer loop
      vertex 4.60842 2.02567 3
      vertex 0 0 3
      vertex 5 2 3
    endloop
  endfacet
  facet normal 0 0 1
    outer loop
      vertex 4.22354 2.10222 3
      vertex 0 0 3
      vertex 4.60842 2.02567 3
    endloop
  endfacet
  facet normal 0 0 1
    outer loop
      vertex 3.85195 2.22836 3
      vertex 0 0 3
      vertex 4.22354 2.10222 3
    endloop
  endfacet
  facet normal 0 0 1
    outer loop
      vertex 3.5 2.40192 3
      vertex 0 0 3
      vertex 3.85195 2.22836 3
    endloop
  endfacet
  facet normal 0 0 1
    outer loop
      vertex 3.17372 2.61994 3
      vertex 0 0 3
      vertex 3.5 2.40192 3
    endloop
  endfacet
  facet normal 0 0 1
    outer loop
      vertex 2.87868 2.87868 3
      vertex 0 0 3
      vertex 3.17372 2.61994 3
    endloop
  endfacet
  facet normal 0 0 1
    outer loop
      vertex 2.61994 3.17372 3
      vertex 0 0 3
      vertex 2.87868 2.87868 3
    endloop
  endfacet
  facet normal 0 0 1
    outer loop
      vertex 2.40192 3.5 3
      vertex 0 0 3
      vertex 2.61994 3.17372 3
    endloop
  endfacet
  facet normal 0 0 1
    outer loop
      vertex 2.22836 3.85195 3
      vertex 0 0 3
      vertex 2.40192 3.5 3
    endloop
  endfacet
  facet normal 0 0 1
    outer loop
      vertex 2.10222 4.22354 3
      vertex 0 0 3
      vertex 2.22836 3.85195 3
    endloop
  endfacet
  facet normal 0 0 1
    outer loop
      vertex 2.02567 4.60842 3
      vertex 0 0 3
      vertex 2.10222 4.22354 3
    endloop
  endfacet
  facet normal 0 0 1
    outer loop
      vertex 2 5 3
      vertex 0 0 3
      vertex 2.02567 4.60842 3
    endloop
  endfacet
  facet normal 0 0 1
    outer loop
      vertex 2.02567 5.39158 3
      vertex 0 0 3
      vertex 2 5 3
    endloop
  endfacet
  facet normal -1 0 0
    outer loop
      vertex 0 0 0
      vertex 0 70.1 3
      vertex 0 70.1 0
    endloop
  endfacet
  facet normal -1 -0 0
    outer loop
      vertex 0 70.1 3
      vertex 0 0 0
      vertex 0 0 3
    endloop
  endfacet
  facet normal 0 1 -0
    outer loop
      vertex 80 70.1 0
      vertex 0 70.1 3
      vertex 80 70.1 3
    endloop
  endfacet
  facet normal 0 1 0
    outer loop
      vertex 0 70.1 3
      vertex 80 70.1 0
      vertex 0 70.1 0
    endloop
  endfacet
  facet normal 0 -1 0
    outer loop
      vertex 0 0 0
      vertex 80 0 3
      vertex 0 0 3
    endloop
  endfacet
  facet normal 0 -1 -0
    outer loop
      vertex 80 0 3
      vertex 0 0 0
      vertex 80 0 0
    endloop
  endfacet
  facet normal -0.0581428 -0.998308 0
    outer loop
      vertex 4.90115 6.69712 0
      vertex 5.2952 6.67417 1
      vertex 4.90115 6.69712 1
    endloop
  endfacet
  facet normal -0.0581428 -0.998308 -0
    outer loop
      vertex 5.2952 6.67417 1
      vertex 4.90115 6.69712 0
      vertex 5.2952 6.67417 0
    endloop
  endfacet
  facet normal -0.939685 -0.342042 0
    outer loop
      vertex 6.65418 5.39205 0
      vertex 6.51917 5.76296 1
      vertex 6.51917 5.76296 0
    endloop
  endfacet
  facet normal -0.939685 -0.342042 0
    outer loop
      vertex 6.51917 5.76296 1
      vertex 6.65418 5.39205 0
      vertex 6.65418 5.39205 1
    endloop
  endfacet
  facet normal -0.99324 -0.116083 0
    outer loop
      vertex 6.7 5 0
      vertex 6.65418 5.39205 1
      vertex 6.65418 5.39205 0
    endloop
  endfacet
  facet normal -0.99324 -0.116083 0
    outer loop
      vertex 6.65418 5.39205 1
      vertex 6.7 5 0
      vertex 6.7 5 1
    endloop
  endfacet
  facet normal -0.286785 0.957995 0
    outer loop
      vertex 5.67334 3.43903 0
      vertex 5.2952 3.32583 1
      vertex 5.67334 3.43903 1
    endloop
  endfacet
  facet normal -0.286785 0.957995 0
    outer loop
      vertex 5.2952 3.32583 1
      vertex 5.67334 3.43903 0
      vertex 5.2952 3.32583 0
    endloop
  endfacet
  facet normal 1 -0 0
    outer loop
      vertex 3.31149 4.80264 1
      vertex 3.31149 5.19736 0
      vertex 3.31149 5.19736 1
    endloop
  endfacet
  facet normal 1 0 0
    outer loop
      vertex 3.31149 5.19736 0
      vertex 3.31149 4.80264 1
      vertex 3.31149 4.80264 0
    endloop
  endfacet
  facet normal -0.286785 -0.957995 0
    outer loop
      vertex 5.2952 6.67417 0
      vertex 5.67334 6.56097 1
      vertex 5.2952 6.67417 1
    endloop
  endfacet
  facet normal -0.286785 -0.957995 -0
    outer loop
      vertex 5.67334 6.56097 1
      vertex 5.2952 6.67417 0
      vertex 5.67334 6.56097 0
    endloop
  endfacet
  facet normal 0.766043 -0.64279 0
    outer loop
      vertex 3.57967 5.93417 1
      vertex 3.83339 6.23654 0
      vertex 3.83339 6.23654 1
    endloop
  endfacet
  facet normal 0.766043 -0.64279 0
    outer loop
      vertex 3.83339 6.23654 0
      vertex 3.57967 5.93417 1
      vertex 3.57967 5.93417 0
    endloop
  endfacet
  facet normal -0.0581428 0.998308 0
    outer loop
      vertex 5.2952 3.32583 0
      vertex 4.90115 3.30288 1
      vertex 5.2952 3.32583 1
    endloop
  endfacet
  facet normal -0.0581428 0.998308 0
    outer loop
      vertex 4.90115 3.30288 1
      vertex 5.2952 3.32583 0
      vertex 4.90115 3.30288 0
    endloop
  endfacet
  facet normal -0.99324 0.116083 0
    outer loop
      vertex 6.65418 4.60795 0
      vertex 6.7 5 1
      vertex 6.7 5 0
    endloop
  endfacet
  facet normal -0.99324 0.116083 0
    outer loop
      vertex 6.7 5 1
      vertex 6.65418 4.60795 0
      vertex 6.65418 4.60795 1
    endloop
  endfacet
  facet normal -0.686249 0.727367 0
    outer loop
      vertex 6.30227 3.90726 0
      vertex 6.01517 3.63639 1
      vertex 6.30227 3.90726 1
    endloop
  endfacet
  facet normal -0.686249 0.727367 0
    outer loop
      vertex 6.01517 3.63639 1
      vertex 6.30227 3.90726 0
      vertex 6.01517 3.63639 0
    endloop
  endfacet
  facet normal 0.173644 0.984809 -0
    outer loop
      vertex 4.90115 3.30288 0
      vertex 4.51243 3.37142 1
      vertex 4.90115 3.30288 1
    endloop
  endfacet
  facet normal 0.173644 0.984809 0
    outer loop
      vertex 4.51243 3.37142 1
      vertex 4.90115 3.30288 0
      vertex 4.51243 3.37142 0
    endloop
  endfacet
  facet normal 0.396086 -0.918213 0
    outer loop
      vertex 4.15 6.47224 0
      vertex 4.51243 6.62858 1
      vertex 4.15 6.47224 1
    endloop
  endfacet
  facet normal 0.396086 -0.918213 0
    outer loop
      vertex 4.51243 6.62858 1
      vertex 4.15 6.47224 0
      vertex 4.51243 6.62858 0
    endloop
  endfacet
  facet normal 0.766043 0.64279 0
    outer loop
      vertex 3.83339 3.76346 1
      vertex 3.57967 4.06583 0
      vertex 3.57967 4.06583 1
    endloop
  endfacet
  facet normal 0.766043 0.64279 0
    outer loop
      vertex 3.57967 4.06583 0
      vertex 3.83339 3.76346 1
      vertex 3.83339 3.76346 0
    endloop
  endfacet
  facet normal -0.939685 0.342042 0
    outer loop
      vertex 6.51917 4.23704 0
      vertex 6.65418 4.60795 1
      vertex 6.65418 4.60795 0
    endloop
  endfacet
  facet normal -0.939685 0.342042 0
    outer loop
      vertex 6.65418 4.60795 1
      vertex 6.51917 4.23704 0
      vertex 6.51917 4.23704 1
    endloop
  endfacet
  facet normal -0.835487 0.549509 0
    outer loop
      vertex 6.30227 3.90726 0
      vertex 6.51917 4.23704 1
      vertex 6.51917 4.23704 0
    endloop
  endfacet
  facet normal -0.835487 0.549509 0
    outer loop
      vertex 6.51917 4.23704 1
      vertex 6.30227 3.90726 0
      vertex 6.30227 3.90726 1
    endloop
  endfacet
  facet normal 0.597147 0.802132 -0
    outer loop
      vertex 4.15 3.52776 0
      vertex 3.83339 3.76346 1
      vertex 4.15 3.52776 1
    endloop
  endfacet
  facet normal 0.597147 0.802132 0
    outer loop
      vertex 3.83339 3.76346 1
      vertex 4.15 3.52776 0
      vertex 3.83339 3.76346 0
    endloop
  endfacet
  facet normal 0.173644 -0.984809 0
    outer loop
      vertex 4.51243 6.62858 0
      vertex 4.90115 6.69712 1
      vertex 4.51243 6.62858 1
    endloop
  endfacet
  facet normal 0.173644 -0.984809 0
    outer loop
      vertex 4.90115 6.69712 1
      vertex 4.51243 6.62858 0
      vertex 4.90115 6.69712 0
    endloop
  endfacet
  facet normal 0.893635 -0.448794 0
    outer loop
      vertex 3.40252 5.58143 1
      vertex 3.57967 5.93417 0
      vertex 3.57967 5.93417 1
    endloop
  endfacet
  facet normal 0.893635 -0.448794 0
    outer loop
      vertex 3.57967 5.93417 0
      vertex 3.40252 5.58143 1
      vertex 3.40252 5.58143 0
    endloop
  endfacet
  facet normal -0.500008 -0.866021 0
    outer loop
      vertex 5.67334 6.56097 0
      vertex 6.01517 6.36361 1
      vertex 5.67334 6.56097 1
    endloop
  endfacet
  facet normal -0.500008 -0.866021 -0
    outer loop
      vertex 6.01517 6.36361 1
      vertex 5.67334 6.56097 0
      vertex 6.01517 6.36361 0
    endloop
  endfacet
  facet normal -0.686249 -0.727367 0
    outer loop
      vertex 6.01517 6.36361 0
      vertex 6.30227 6.09274 1
      vertex 6.01517 6.36361 1
    endloop
  endfacet
  facet normal -0.686249 -0.727367 -0
    outer loop
      vertex 6.30227 6.09274 1
      vertex 6.01517 6.36361 0
      vertex 6.30227 6.09274 0
    endloop
  endfacet
  facet normal 0.893635 0.448794 0
    outer loop
      vertex 3.57967 4.06583 1
      vertex 3.40252 4.41857 0
      vertex 3.40252 4.41857 1
    endloop
  endfacet
  facet normal 0.893635 0.448794 0
    outer loop
      vertex 3.40252 4.41857 0
      vertex 3.57967 4.06583 1
      vertex 3.57967 4.06583 0
    endloop
  endfacet
  facet normal -0.500008 0.866021 0
    outer loop
      vertex 6.01517 3.63639 0
      vertex 5.67334 3.43903 1
      vertex 6.01517 3.63639 1
    endloop
  endfacet
  facet normal -0.500008 0.866021 0
    outer loop
      vertex 5.67334 3.43903 1
      vertex 6.01517 3.63639 0
      vertex 5.67334 3.43903 0
    endloop
  endfacet
  facet normal -0.835487 -0.549509 0
    outer loop
      vertex 6.51917 5.76296 0
      vertex 6.30227 6.09274 1
      vertex 6.30227 6.09274 0
    endloop
  endfacet
  facet normal -0.835487 -0.549509 0
    outer loop
      vertex 6.30227 6.09274 1
      vertex 6.51917 5.76296 0
      vertex 6.51917 5.76296 1
    endloop
  endfacet
  facet normal 0.597147 -0.802132 0
    outer loop
      vertex 3.83339 6.23654 0
      vertex 4.15 6.47224 1
      vertex 3.83339 6.23654 1
    endloop
  endfacet
  facet normal 0.597147 -0.802132 0
    outer loop
      vertex 4.15 6.47224 1
      vertex 3.83339 6.23654 0
      vertex 4.15 6.47224 0
    endloop
  endfacet
  facet normal 0.973043 0.230625 0
    outer loop
      vertex 3.40252 4.41857 1
      vertex 3.31149 4.80264 0
      vertex 3.31149 4.80264 1
    endloop
  endfacet
  facet normal 0.973043 0.230625 0
    outer loop
      vertex 3.31149 4.80264 0
      vertex 3.40252 4.41857 1
      vertex 3.40252 4.41857 0
    endloop
  endfacet
  facet normal 0.973043 -0.230625 0
    outer loop
      vertex 3.31149 5.19736 1
      vertex 3.40252 5.58143 0
      vertex 3.40252 5.58143 1
    endloop
  endfacet
  facet normal 0.973043 -0.230625 0
    outer loop
      vertex 3.40252 5.58143 0
      vertex 3.31149 5.19736 1
      vertex 3.31149 5.19736 0
    endloop
  endfacet
  facet normal 0.396086 0.918213 -0
    outer loop
      vertex 4.51243 3.37142 0
      vertex 4.15 3.52776 1
      vertex 4.51243 3.37142 1
    endloop
  endfacet
  facet normal 0.396086 0.918213 0
    outer loop
      vertex 4.15 3.52776 1
      vertex 4.51243 3.37142 0
      vertex 4.15 3.52776 0
    endloop
  endfacet
  facet normal 0.980789 0.195072 0
    outer loop
      vertex 2.10222 4.22354 3
      vertex 2.02567 4.60842 1
      vertex 2.02567 4.60842 3
    endloop
  endfacet
  facet normal 0.980789 0.195072 0
    outer loop
      vertex 2.02567 4.60842 1
      vertex 2.10222 4.22354 3
      vertex 2.10222 4.22354 1
    endloop
  endfacet
  facet normal 0.831462 -0.555582 0
    outer loop
      vertex 2.40192 6.5 3
      vertex 2.61994 6.82628 1
      vertex 2.61994 6.82628 3
    endloop
  endfacet
  facet normal 0.831462 -0.555582 0
    outer loop
      vertex 2.61994 6.82628 1
      vertex 2.40192 6.5 3
      vertex 2.40192 6.5 1
    endloop
  endfacet
  facet normal -0.980789 -0.195072 0
    outer loop
      vertex 7.97433 5.39158 1
      vertex 7.89778 5.77646 3
      vertex 7.89778 5.77646 1
    endloop
  endfacet
  facet normal -0.980789 -0.195072 0
    outer loop
      vertex 7.89778 5.77646 3
      vertex 7.97433 5.39158 1
      vertex 7.97433 5.39158 3
    endloop
  endfacet
  facet normal -0.997858 0.0654145 0
    outer loop
      vertex 7.97433 4.60842 1
      vertex 8 5 3
      vertex 8 5 1
    endloop
  endfacet
  facet normal -0.997858 0.0654145 0
    outer loop
      vertex 8 5 3
      vertex 7.97433 4.60842 1
      vertex 7.97433 4.60842 3
    endloop
  endfacet
  facet normal -0.751844 0.659341 0
    outer loop
      vertex 7.12132 2.87868 1
      vertex 7.38006 3.17372 3
      vertex 7.38006 3.17372 1
    endloop
  endfacet
  facet normal -0.751844 0.659341 0
    outer loop
      vertex 7.38006 3.17372 3
      vertex 7.12132 2.87868 1
      vertex 7.12132 2.87868 3
    endloop
  endfacet
  facet normal 0.751844 -0.659341 0
    outer loop
      vertex 2.61994 6.82628 3
      vertex 2.87868 7.12132 1
      vertex 2.87868 7.12132 3
    endloop
  endfacet
  facet normal 0.751844 -0.659341 0
    outer loop
      vertex 2.87868 7.12132 1
      vertex 2.61994 6.82628 3
      vertex 2.61994 6.82628 1
    endloop
  endfacet
  facet normal -0.195072 -0.980789 0
    outer loop
      vertex 5.39158 7.97433 1
      vertex 5.77646 7.89778 3
      vertex 5.39158 7.97433 3
    endloop
  endfacet
  facet normal -0.195072 -0.980789 -0
    outer loop
      vertex 5.77646 7.89778 3
      vertex 5.39158 7.97433 1
      vertex 5.77646 7.89778 1
    endloop
  endfacet
  facet normal -0.751844 -0.659341 0
    outer loop
      vertex 7.38006 6.82628 1
      vertex 7.12132 7.12132 3
      vertex 7.12132 7.12132 1
    endloop
  endfacet
  facet normal -0.751844 -0.659341 0
    outer loop
      vertex 7.12132 7.12132 3
      vertex 7.38006 6.82628 1
      vertex 7.38006 6.82628 3
    endloop
  endfacet
  facet normal 0.831462 0.555582 0
    outer loop
      vertex 2.61994 3.17372 3
      vertex 2.40192 3.5 1
      vertex 2.40192 3.5 3
    endloop
  endfacet
  facet normal 0.831462 0.555582 0
    outer loop
      vertex 2.40192 3.5 1
      vertex 2.61994 3.17372 3
      vertex 2.61994 3.17372 1
    endloop
  endfacet
  facet normal 0.555582 0.831462 -0
    outer loop
      vertex 3.5 2.40192 1
      vertex 3.17372 2.61994 3
      vertex 3.5 2.40192 3
    endloop
  endfacet
  facet normal 0.555582 0.831462 0
    outer loop
      vertex 3.17372 2.61994 3
      vertex 3.5 2.40192 1
      vertex 3.17372 2.61994 1
    endloop
  endfacet
  facet normal -0.442283 0.896875 0
    outer loop
      vertex 6.5 2.40192 1
      vertex 6.14805 2.22836 3
      vertex 6.5 2.40192 3
    endloop
  endfacet
  facet normal -0.442283 0.896875 0
    outer loop
      vertex 6.14805 2.22836 3
      vertex 6.5 2.40192 1
      vertex 6.14805 2.22836 1
    endloop
  endfacet
  facet normal 0.946928 -0.321444 0
    outer loop
      vertex 2.10222 5.77646 3
      vertex 2.22836 6.14805 1
      vertex 2.22836 6.14805 3
    endloop
  endfacet
  facet normal 0.946928 -0.321444 0
    outer loop
      vertex 2.22836 6.14805 1
      vertex 2.10222 5.77646 3
      vertex 2.10222 5.77646 1
    endloop
  endfacet
  facet normal 0.442283 0.896875 -0
    outer loop
      vertex 3.85195 2.22836 1
      vertex 3.5 2.40192 3
      vertex 3.85195 2.22836 3
    endloop
  endfacet
  facet normal 0.442283 0.896875 0
    outer loop
      vertex 3.5 2.40192 3
      vertex 3.85195 2.22836 1
      vertex 3.5 2.40192 1
    endloop
  endfacet
  facet normal 0.321444 0.946928 -0
    outer loop
      vertex 4.22354 2.10222 1
      vertex 3.85195 2.22836 3
      vertex 4.22354 2.10222 3
    endloop
  endfacet
  facet normal 0.321444 0.946928 0
    outer loop
      vertex 3.85195 2.22836 3
      vertex 4.22354 2.10222 1
      vertex 3.85195 2.22836 1
    endloop
  endfacet
  facet normal 0.997858 0.0654145 0
    outer loop
      vertex 2.02567 4.60842 3
      vertex 2 5 1
      vertex 2 5 3
    endloop
  endfacet
  facet normal 0.997858 0.0654145 0
    outer loop
      vertex 2 5 1
      vertex 2.02567 4.60842 3
      vertex 2.02567 4.60842 1
    endloop
  endfacet
  facet normal -0.659341 -0.751844 0
    outer loop
      vertex 6.82628 7.38006 1
      vertex 7.12132 7.12132 3
      vertex 6.82628 7.38006 3
    endloop
  endfacet
  facet normal -0.659341 -0.751844 -0
    outer loop
      vertex 7.12132 7.12132 3
      vertex 6.82628 7.38006 1
      vertex 7.12132 7.12132 1
    endloop
  endfacet
  facet normal -0.997858 -0.0654145 0
    outer loop
      vertex 8 5 1
      vertex 7.97433 5.39158 3
      vertex 7.97433 5.39158 1
    endloop
  endfacet
  facet normal -0.997858 -0.0654145 0
    outer loop
      vertex 7.97433 5.39158 3
      vertex 8 5 1
      vertex 8 5 3
    endloop
  endfacet
  facet normal 0.946928 0.321444 0
    outer loop
      vertex 2.22836 3.85195 3
      vertex 2.10222 4.22354 1
      vertex 2.10222 4.22354 3
    endloop
  endfacet
  facet normal 0.946928 0.321444 0
    outer loop
      vertex 2.10222 4.22354 1
      vertex 2.22836 3.85195 3
      vertex 2.22836 3.85195 1
    endloop
  endfacet
  facet normal -0.896875 0.442283 0
    outer loop
      vertex 7.59808 3.5 1
      vertex 7.77164 3.85195 3
      vertex 7.77164 3.85195 1
    endloop
  endfacet
  facet normal -0.896875 0.442283 0
    outer loop
      vertex 7.77164 3.85195 3
      vertex 7.59808 3.5 1
      vertex 7.59808 3.5 3
    endloop
  endfacet
  facet normal 0.896875 -0.442283 0
    outer loop
      vertex 2.22836 6.14805 3
      vertex 2.40192 6.5 1
      vertex 2.40192 6.5 3
    endloop
  endfacet
  facet normal 0.896875 -0.442283 0
    outer loop
      vertex 2.40192 6.5 1
      vertex 2.22836 6.14805 3
      vertex 2.22836 6.14805 1
    endloop
  endfacet
  facet normal 0.0654145 0.997858 -0
    outer loop
      vertex 5 2 1
      vertex 4.60842 2.02567 3
      vertex 5 2 3
    endloop
  endfacet
  facet normal 0.0654145 0.997858 0
    outer loop
      vertex 4.60842 2.02567 3
      vertex 5 2 1
      vertex 4.60842 2.02567 1
    endloop
  endfacet
  facet normal -0.321444 -0.946928 0
    outer loop
      vertex 5.77646 7.89778 1
      vertex 6.14805 7.77164 3
      vertex 5.77646 7.89778 3
    endloop
  endfacet
  facet normal -0.321444 -0.946928 -0
    outer loop
      vertex 6.14805 7.77164 3
      vertex 5.77646 7.89778 1
      vertex 6.14805 7.77164 1
    endloop
  endfacet
  facet normal -0.896875 -0.442283 0
    outer loop
      vertex 7.77164 6.14805 1
      vertex 7.59808 6.5 3
      vertex 7.59808 6.5 1
    endloop
  endfacet
  facet normal -0.896875 -0.442283 0
    outer loop
      vertex 7.59808 6.5 3
      vertex 7.77164 6.14805 1
      vertex 7.77164 6.14805 3
    endloop
  endfacet
  facet normal -0.831462 -0.555582 0
    outer loop
      vertex 7.59808 6.5 1
      vertex 7.38006 6.82628 3
      vertex 7.38006 6.82628 1
    endloop
  endfacet
  facet normal -0.831462 -0.555582 0
    outer loop
      vertex 7.38006 6.82628 3
      vertex 7.59808 6.5 1
      vertex 7.59808 6.5 3
    endloop
  endfacet
  facet normal -0.946928 -0.321444 0
    outer loop
      vertex 7.89778 5.77646 1
      vertex 7.77164 6.14805 3
      vertex 7.77164 6.14805 1
    endloop
  endfacet
  facet normal -0.946928 -0.321444 0
    outer loop
      vertex 7.77164 6.14805 3
      vertex 7.89778 5.77646 1
      vertex 7.89778 5.77646 3
    endloop
  endfacet
  facet normal -0.555582 -0.831462 0
    outer loop
      vertex 6.5 7.59808 1
      vertex 6.82628 7.38006 3
      vertex 6.5 7.59808 3
    endloop
  endfacet
  facet normal -0.555582 -0.831462 -0
    outer loop
      vertex 6.82628 7.38006 3
      vertex 6.5 7.59808 1
      vertex 6.82628 7.38006 1
    endloop
  endfacet
  facet normal 0.195072 -0.980789 0
    outer loop
      vertex 4.22354 7.89778 1
      vertex 4.60842 7.97433 3
      vertex 4.22354 7.89778 3
    endloop
  endfacet
  facet normal 0.195072 -0.980789 0
    outer loop
      vertex 4.60842 7.97433 3
      vertex 4.22354 7.89778 1
      vertex 4.60842 7.97433 1
    endloop
  endfacet
  facet normal -0.321444 0.946928 0
    outer loop
      vertex 6.14805 2.22836 1
      vertex 5.77646 2.10222 3
      vertex 6.14805 2.22836 3
    endloop
  endfacet
  facet normal -0.321444 0.946928 0
    outer loop
      vertex 5.77646 2.10222 3
      vertex 6.14805 2.22836 1
      vertex 5.77646 2.10222 1
    endloop
  endfacet
  facet normal -0.442283 -0.896875 0
    outer loop
      vertex 6.14805 7.77164 1
      vertex 6.5 7.59808 3
      vertex 6.14805 7.77164 3
    endloop
  endfacet
  facet normal -0.442283 -0.896875 -0
    outer loop
      vertex 6.5 7.59808 3
      vertex 6.14805 7.77164 1
      vertex 6.5 7.59808 1
    endloop
  endfacet
  facet normal -0.0654145 0.997858 0
    outer loop
      vertex 5.39158 2.02567 1
      vertex 5 2 3
      vertex 5.39158 2.02567 3
    endloop
  endfacet
  facet normal -0.0654145 0.997858 0
    outer loop
      vertex 5 2 3
      vertex 5.39158 2.02567 1
      vertex 5 2 1
    endloop
  endfacet
  facet normal 0.0654145 -0.997858 0
    outer loop
      vertex 4.60842 7.97433 1
      vertex 5 8 3
      vertex 4.60842 7.97433 3
    endloop
  endfacet
  facet normal 0.0654145 -0.997858 0
    outer loop
      vertex 5 8 3
      vertex 4.60842 7.97433 1
      vertex 5 8 1
    endloop
  endfacet
  facet normal -0.980789 0.195072 0
    outer loop
      vertex 7.89778 4.22354 1
      vertex 7.97433 4.60842 3
      vertex 7.97433 4.60842 1
    endloop
  endfacet
  facet normal -0.980789 0.195072 0
    outer loop
      vertex 7.97433 4.60842 3
      vertex 7.89778 4.22354 1
      vertex 7.89778 4.22354 3
    endloop
  endfacet
  facet normal -0.195072 0.980789 0
    outer loop
      vertex 5.77646 2.10222 1
      vertex 5.39158 2.02567 3
      vertex 5.77646 2.10222 3
    endloop
  endfacet
  facet normal -0.195072 0.980789 0
    outer loop
      vertex 5.39158 2.02567 3
      vertex 5.77646 2.10222 1
      vertex 5.39158 2.02567 1
    endloop
  endfacet
  facet normal 0.442283 -0.896875 0
    outer loop
      vertex 3.5 7.59808 1
      vertex 3.85195 7.77164 3
      vertex 3.5 7.59808 3
    endloop
  endfacet
  facet normal 0.442283 -0.896875 0
    outer loop
      vertex 3.85195 7.77164 3
      vertex 3.5 7.59808 1
      vertex 3.85195 7.77164 1
    endloop
  endfacet
  facet normal -0.659341 0.751844 0
    outer loop
      vertex 7.12132 2.87868 1
      vertex 6.82628 2.61994 3
      vertex 7.12132 2.87868 3
    endloop
  endfacet
  facet normal -0.659341 0.751844 0
    outer loop
      vertex 6.82628 2.61994 3
      vertex 7.12132 2.87868 1
      vertex 6.82628 2.61994 1
    endloop
  endfacet
  facet normal 0.321444 -0.946928 0
    outer loop
      vertex 3.85195 7.77164 1
      vertex 4.22354 7.89778 3
      vertex 3.85195 7.77164 3
    endloop
  endfacet
  facet normal 0.321444 -0.946928 0
    outer loop
      vertex 4.22354 7.89778 3
      vertex 3.85195 7.77164 1
      vertex 4.22354 7.89778 1
    endloop
  endfacet
  facet normal 0.896875 0.442283 0
    outer loop
      vertex 2.40192 3.5 3
      vertex 2.22836 3.85195 1
      vertex 2.22836 3.85195 3
    endloop
  endfacet
  facet normal 0.896875 0.442283 0
    outer loop
      vertex 2.22836 3.85195 1
      vertex 2.40192 3.5 3
      vertex 2.40192 3.5 1
    endloop
  endfacet
  facet normal -0.831462 0.555582 0
    outer loop
      vertex 7.38006 3.17372 1
      vertex 7.59808 3.5 3
      vertex 7.59808 3.5 1
    endloop
  endfacet
  facet normal -0.831462 0.555582 0
    outer loop
      vertex 7.59808 3.5 3
      vertex 7.38006 3.17372 1
      vertex 7.38006 3.17372 3
    endloop
  endfacet
  facet normal -0.0654145 -0.997858 0
    outer loop
      vertex 5 8 1
      vertex 5.39158 7.97433 3
      vertex 5 8 3
    endloop
  endfacet
  facet normal -0.0654145 -0.997858 -0
    outer loop
      vertex 5.39158 7.97433 3
      vertex 5 8 1
      vertex 5.39158 7.97433 1
    endloop
  endfacet
  facet normal 0.555582 -0.831462 0
    outer loop
      vertex 3.17372 7.38006 1
      vertex 3.5 7.59808 3
      vertex 3.17372 7.38006 3
    endloop
  endfacet
  facet normal 0.555582 -0.831462 0
    outer loop
      vertex 3.5 7.59808 3
      vertex 3.17372 7.38006 1
      vertex 3.5 7.59808 1
    endloop
  endfacet
  facet normal -0.946928 0.321444 0
    outer loop
      vertex 7.77164 3.85195 1
      vertex 7.89778 4.22354 3
      vertex 7.89778 4.22354 1
    endloop
  endfacet
  facet normal -0.946928 0.321444 0
    outer loop
      vertex 7.89778 4.22354 3
      vertex 7.77164 3.85195 1
      vertex 7.77164 3.85195 3
    endloop
  endfacet
  facet normal 0.980789 -0.195072 0
    outer loop
      vertex 2.02567 5.39158 3
      vertex 2.10222 5.77646 1
      vertex 2.10222 5.77646 3
    endloop
  endfacet
  facet normal 0.980789 -0.195072 0
    outer loop
      vertex 2.10222 5.77646 1
      vertex 2.02567 5.39158 3
      vertex 2.02567 5.39158 1
    endloop
  endfacet
  facet normal 0.659341 -0.751844 0
    outer loop
      vertex 2.87868 7.12132 1
      vertex 3.17372 7.38006 3
      vertex 2.87868 7.12132 3
    endloop
  endfacet
  facet normal 0.659341 -0.751844 0
    outer loop
      vertex 3.17372 7.38006 3
      vertex 2.87868 7.12132 1
      vertex 3.17372 7.38006 1
    endloop
  endfacet
  facet normal 0.997858 -0.0654145 0
    outer loop
      vertex 2 5 3
      vertex 2.02567 5.39158 1
      vertex 2.02567 5.39158 3
    endloop
  endfacet
  facet normal 0.997858 -0.0654145 0
    outer loop
      vertex 2.02567 5.39158 1
      vertex 2 5 3
      vertex 2 5 1
    endloop
  endfacet
  facet normal 0 0 1
    outer loop
      vertex 6.7 5 1
      vertex 8 5 1
      vertex 7.97433 5.39158 1
    endloop
  endfacet
  facet normal -0 0 1
    outer loop
      vertex 6.65418 5.39205 1
      vertex 7.97433 5.39158 1
      vertex 7.89778 5.77646 1
    endloop
  endfacet
  facet normal 0 0 1
    outer loop
      vertex 8 5 1
      vertex 6.7 5 1
      vertex 7.97433 4.60842 1
    endloop
  endfacet
  facet normal 0 0 1
    outer loop
      vertex 6.65418 5.39205 1
      vertex 7.89778 5.77646 1
      vertex 7.77164 6.14805 1
    endloop
  endfacet
  facet normal 0 0 1
    outer loop
      vertex 6.65418 4.60795 1
      vertex 7.97433 4.60842 1
      vertex 6.7 5 1
    endloop
  endfacet
  facet normal 0 0 1
    outer loop
      vertex 6.51917 5.76296 1
      vertex 7.77164 6.14805 1
      vertex 7.59808 6.5 1
    endloop
  endfacet
  facet normal 0 0 1
    outer loop
      vertex 7.97433 4.60842 1
      vertex 6.65418 4.60795 1
      vertex 7.89778 4.22354 1
    endloop
  endfacet
  facet normal 0 0 1
    outer loop
      vertex 6.30227 6.09274 1
      vertex 7.59808 6.5 1
      vertex 7.38006 6.82628 1
    endloop
  endfacet
  facet normal 0 0 1
    outer loop
      vertex 7.89778 4.22354 1
      vertex 6.65418 4.60795 1
      vertex 7.77164 3.85195 1
    endloop
  endfacet
  facet normal 0 0 1
    outer loop
      vertex 6.30227 6.09274 1
      vertex 7.38006 6.82628 1
      vertex 7.12132 7.12132 1
    endloop
  endfacet
  facet normal -0 0 1
    outer loop
      vertex 6.51917 4.23704 1
      vertex 7.77164 3.85195 1
      vertex 6.65418 4.60795 1
    endloop
  endfacet
  facet normal 0 0 1
    outer loop
      vertex 6.01517 6.36361 1
      vertex 7.12132 7.12132 1
      vertex 6.82628 7.38006 1
    endloop
  endfacet
  facet normal 0 0 1
    outer loop
      vertex 7.77164 3.85195 1
      vertex 6.51917 4.23704 1
      vertex 7.59808 3.5 1
    endloop
  endfacet
  facet normal -0 0 1
    outer loop
      vertex 6.30227 3.90726 1
      vertex 7.59808 3.5 1
      vertex 6.51917 4.23704 1
    endloop
  endfacet
  facet normal 0 0 1
    outer loop
      vertex 7.97433 5.39158 1
      vertex 6.65418 5.39205 1
      vertex 6.7 5 1
    endloop
  endfacet
  facet normal 0 0 1
    outer loop
      vertex 7.77164 6.14805 1
      vertex 6.51917 5.76296 1
      vertex 6.65418 5.39205 1
    endloop
  endfacet
  facet normal 0 0 1
    outer loop
      vertex 6.01517 6.36361 1
      vertex 6.82628 7.38006 1
      vertex 6.5 7.59808 1
    endloop
  endfacet
  facet normal 0 0 1
    outer loop
      vertex 7.59808 6.5 1
      vertex 6.30227 6.09274 1
      vertex 6.51917 5.76296 1
    endloop
  endfacet
  facet normal 0 0 1
    outer loop
      vertex 5.67334 6.56097 1
      vertex 6.5 7.59808 1
      vertex 6.14805 7.77164 1
    endloop
  endfacet
  facet normal 0 0 1
    outer loop
      vertex 7.12132 7.12132 1
      vertex 6.01517 6.36361 1
      vertex 6.30227 6.09274 1
    endloop
  endfacet
  facet normal 0 0 1
    outer loop
      vertex 5.67334 6.56097 1
      vertex 6.14805 7.77164 1
      vertex 5.77646 7.89778 1
    endloop
  endfacet
  facet normal 0 0 1
    outer loop
      vertex 6.5 7.59808 1
      vertex 5.67334 6.56097 1
      vertex 6.01517 6.36361 1
    endloop
  endfacet
  facet normal 0 0 1
    outer loop
      vertex 5.2952 6.67417 1
      vertex 5.77646 7.89778 1
      vertex 5.39158 7.97433 1
    endloop
  endfacet
  facet normal 0 0 1
    outer loop
      vertex 5.77646 7.89778 1
      vertex 5.2952 6.67417 1
      vertex 5.67334 6.56097 1
    endloop
  endfacet
  facet normal 0 0 1
    outer loop
      vertex 5 8 1
      vertex 5.2952 6.67417 1
      vertex 5.39158 7.97433 1
    endloop
  endfacet
  facet normal 0 0 1
    outer loop
      vertex 5 8 1
      vertex 4.90115 6.69712 1
      vertex 5.2952 6.67417 1
    endloop
  endfacet
  facet normal -0 0 1
    outer loop
      vertex 4.60842 7.97433 1
      vertex 4.90115 6.69712 1
      vertex 5 8 1
    endloop
  endfacet
  facet normal 0 0 1
    outer loop
      vertex 4.60842 7.97433 1
      vertex 4.51243 6.62858 1
      vertex 4.90115 6.69712 1
    endloop
  endfacet
  facet normal -0 0 1
    outer loop
      vertex 4.22354 7.89778 1
      vertex 4.51243 6.62858 1
      vertex 4.60842 7.97433 1
    endloop
  endfacet
  facet normal -0 0 1
    outer loop
      vertex 3.85195 7.77164 1
      vertex 4.51243 6.62858 1
      vertex 4.22354 7.89778 1
    endloop
  endfacet
  facet normal 0 0 1
    outer loop
      vertex 4.51243 6.62858 1
      vertex 3.85195 7.77164 1
      vertex 4.15 6.47224 1
    endloop
  endfacet
  facet normal -0 0 1
    outer loop
      vertex 3.5 7.59808 1
      vertex 4.15 6.47224 1
      vertex 3.85195 7.77164 1
    endloop
  endfacet
  facet normal -0 0 1
    outer loop
      vertex 3.17372 7.38006 1
      vertex 4.15 6.47224 1
      vertex 3.5 7.59808 1
    endloop
  endfacet
  facet normal 0 0 1
    outer loop
      vertex 4.15 6.47224 1
      vertex 3.17372 7.38006 1
      vertex 3.83339 6.23654 1
    endloop
  endfacet
  facet normal -0 0 1
    outer loop
      vertex 2.87868 7.12132 1
      vertex 3.83339 6.23654 1
      vertex 3.17372 7.38006 1
    endloop
  endfacet
  facet normal -0 0 1
    outer loop
      vertex 2.61994 6.82628 1
      vertex 3.83339 6.23654 1
      vertex 2.87868 7.12132 1
    endloop
  endfacet
  facet normal -0 0 1
    outer loop
      vertex 2.40192 6.5 1
      vertex 3.57967 5.93417 1
      vertex 2.61994 6.82628 1
    endloop
  endfacet
  facet normal 0 0 1
    outer loop
      vertex 3.83339 6.23654 1
      vertex 2.61994 6.82628 1
      vertex 3.57967 5.93417 1
    endloop
  endfacet
  facet normal 0 0 1
    outer loop
      vertex 7.59808 3.5 1
      vertex 6.30227 3.90726 1
      vertex 7.38006 3.17372 1
    endloop
  endfacet
  facet normal 0 0 1
    outer loop
      vertex 7.38006 3.17372 1
      vertex 6.30227 3.90726 1
      vertex 7.12132 2.87868 1
    endloop
  endfacet
  facet normal -0 0 1
    outer loop
      vertex 6.01517 3.63639 1
      vertex 7.12132 2.87868 1
      vertex 6.30227 3.90726 1
    endloop
  endfacet
  facet normal 0 0 1
    outer loop
      vertex 7.12132 2.87868 1
      vertex 6.01517 3.63639 1
      vertex 6.82628 2.61994 1
    endloop
  endfacet
  facet normal 0 0 1
    outer loop
      vertex 6.82628 2.61994 1
      vertex 6.01517 3.63639 1
      vertex 6.5 2.40192 1
    endloop
  endfacet
  facet normal -0 0 1
    outer loop
      vertex 5.67334 3.43903 1
      vertex 6.5 2.40192 1
      vertex 6.01517 3.63639 1
    endloop
  endfacet
  facet normal 0 0 1
    outer loop
      vertex 6.5 2.40192 1
      vertex 5.67334 3.43903 1
      vertex 6.14805 2.22836 1
    endloop
  endfacet
  facet normal 0 0 1
    outer loop
      vertex 6.14805 2.22836 1
      vertex 5.67334 3.43903 1
      vertex 5.77646 2.10222 1
    endloop
  endfacet
  facet normal -0 0 1
    outer loop
      vertex 5.2952 3.32583 1
      vertex 5.77646 2.10222 1
      vertex 5.67334 3.43903 1
    endloop
  endfacet
  facet normal 0 0 1
    outer loop
      vertex 5.77646 2.10222 1
      vertex 5.2952 3.32583 1
      vertex 5.39158 2.02567 1
    endloop
  endfacet
  facet normal 0 0 1
    outer loop
      vertex 5.2952 3.32583 1
      vertex 5 2 1
      vertex 5.39158 2.02567 1
    endloop
  endfacet
  facet normal -0 0 1
    outer loop
      vertex 4.90115 3.30288 1
      vertex 5 2 1
      vertex 5.2952 3.32583 1
    endloop
  endfacet
  facet normal 0 0 1
    outer loop
      vertex 4.90115 3.30288 1
      vertex 4.60842 2.02567 1
      vertex 5 2 1
    endloop
  endfacet
  facet normal 0 0 1
    outer loop
      vertex 4.51243 3.37142 1
      vertex 4.60842 2.02567 1
      vertex 4.90115 3.30288 1
    endloop
  endfacet
  facet normal 0 0 1
    outer loop
      vertex 4.51243 3.37142 1
      vertex 4.22354 2.10222 1
      vertex 4.60842 2.02567 1
    endloop
  endfacet
  facet normal 0 0 1
    outer loop
      vertex 3.85195 2.22836 1
      vertex 4.51243 3.37142 1
      vertex 4.15 3.52776 1
    endloop
  endfacet
  facet normal 0 0 1
    outer loop
      vertex 4.51243 3.37142 1
      vertex 3.85195 2.22836 1
      vertex 4.22354 2.10222 1
    endloop
  endfacet
  facet normal 0 0 1
    outer loop
      vertex 3.17372 2.61994 1
      vertex 4.15 3.52776 1
      vertex 3.83339 3.76346 1
    endloop
  endfacet
  facet normal 0 0 1
    outer loop
      vertex 2.61994 3.17372 1
      vertex 3.83339 3.76346 1
      vertex 3.57967 4.06583 1
    endloop
  endfacet
  facet normal 0 0 1
    outer loop
      vertex 4.15 3.52776 1
      vertex 3.5 2.40192 1
      vertex 3.85195 2.22836 1
    endloop
  endfacet
  facet normal 0 0 1
    outer loop
      vertex 2.40192 3.5 1
      vertex 3.57967 4.06583 1
      vertex 3.40252 4.41857 1
    endloop
  endfacet
  facet normal 0 0 1
    outer loop
      vertex 2.10222 4.22354 1
      vertex 3.40252 4.41857 1
      vertex 3.31149 4.80264 1
    endloop
  endfacet
  facet normal 0 0 1
    outer loop
      vertex 4.15 3.52776 1
      vertex 3.17372 2.61994 1
      vertex 3.5 2.40192 1
    endloop
  endfacet
  facet normal 0 0 1
    outer loop
      vertex 3.57967 5.93417 1
      vertex 2.40192 6.5 1
      vertex 3.40252 5.58143 1
    endloop
  endfacet
  facet normal -0 0 1
    outer loop
      vertex 2.22836 6.14805 1
      vertex 3.40252 5.58143 1
      vertex 2.40192 6.5 1
    endloop
  endfacet
  facet normal 0 0 1
    outer loop
      vertex 3.83339 3.76346 1
      vertex 2.87868 2.87868 1
      vertex 3.17372 2.61994 1
    endloop
  endfacet
  facet normal -0 0 1
    outer loop
      vertex 2.10222 5.77646 1
      vertex 3.40252 5.58143 1
      vertex 2.22836 6.14805 1
    endloop
  endfacet
  facet normal 0 0 1
    outer loop
      vertex 3.83339 3.76346 1
      vertex 2.61994 3.17372 1
      vertex 2.87868 2.87868 1
    endloop
  endfacet
  facet normal 0 0 1
    outer loop
      vertex 3.40252 5.58143 1
      vertex 2.10222 5.77646 1
      vertex 3.31149 5.19736 1
    endloop
  endfacet
  facet normal 0 0 1
    outer loop
      vertex 3.57967 4.06583 1
      vertex 2.40192 3.5 1
      vertex 2.61994 3.17372 1
    endloop
  endfacet
  facet normal -0 0 1
    outer loop
      vertex 2.02567 5.39158 1
      vertex 3.31149 5.19736 1
      vertex 2.10222 5.77646 1
    endloop
  endfacet
  facet normal 0 0 1
    outer loop
      vertex 3.40252 4.41857 1
      vertex 2.22836 3.85195 1
      vertex 2.40192 3.5 1
    endloop
  endfacet
  facet normal 0 0 1
    outer loop
      vertex 2 5 1
      vertex 3.31149 5.19736 1
      vertex 2.02567 5.39158 1
    endloop
  endfacet
  facet normal 0 0 1
    outer loop
      vertex 3.40252 4.41857 1
      vertex 2.10222 4.22354 1
      vertex 2.22836 3.85195 1
    endloop
  endfacet
  facet normal 0 0 1
    outer loop
      vertex 3.31149 5.19736 1
      vertex 2 5 1
      vertex 3.31149 4.80264 1
    endloop
  endfacet
  facet normal 0 0 1
    outer loop
      vertex 3.31149 4.80264 1
      vertex 2.02567 4.60842 1
      vertex 2.10222 4.22354 1
    endloop
  endfacet
  facet normal 0 0 1
    outer loop
      vertex 3.31149 4.80264 1
      vertex 2 5 1
      vertex 2.02567 4.60842 1
    endloop
  endfacet
  facet normal -0.555582 0.831462 0
    outer loop
      vertex 6.82628 2.61994 1
      vertex 6.5 2.40192 3
      vertex 6.82628 2.61994 3
    endloop
  endfacet
  facet normal -0.555582 0.831462 0
    outer loop
      vertex 6.5 2.40192 3
      vertex 6.82628 2.61994 1
      vertex 6.5 2.40192 1
    endloop
  endfacet
  facet normal 0.751844 0.659341 0
    outer loop
      vertex 2.87868 2.87868 3
      vertex 2.61994 3.17372 1
      vertex 2.61994 3.17372 3
    endloop
  endfacet
  facet normal 0.751844 0.659341 0
    outer loop
      vertex 2.61994 3.17372 1
      vertex 2.87868 2.87868 3
      vertex 2.87868 2.87868 1
    endloop
  endfacet
  facet normal 0.659341 0.751844 -0
    outer loop
      vertex 3.17372 2.61994 1
      vertex 2.87868 2.87868 3
      vertex 3.17372 2.61994 3
    endloop
  endfacet
  facet normal 0.659341 0.751844 0
    outer loop
      vertex 2.87868 2.87868 3
      vertex 3.17372 2.61994 1
      vertex 2.87868 2.87868 1
    endloop
  endfacet
  facet normal 0.195072 0.980789 -0
    outer loop
      vertex 4.60842 2.02567 1
      vertex 4.22354 2.10222 3
      vertex 4.60842 2.02567 3
    endloop
  endfacet
  facet normal 0.195072 0.980789 0
    outer loop
      vertex 4.22354 2.10222 3
      vertex 4.60842 2.02567 1
      vertex 4.22354 2.10222 1
    endloop
  endfacet
  facet normal -0.0580166 -0.998316 0
    outer loop
      vertex 4.90115 66.7971 0
      vertex 5.2952 66.7742 1
      vertex 4.90115 66.7971 1
    endloop
  endfacet
  facet normal -0.0580166 -0.998316 -0
    outer loop
      vertex 5.2952 66.7742 1
      vertex 4.90115 66.7971 0
      vertex 5.2952 66.7742 0
    endloop
  endfacet
  facet normal -0.939682 -0.34205 0
    outer loop
      vertex 6.65418 65.4921 0
      vertex 6.51917 65.863 1
      vertex 6.51917 65.863 0
    endloop
  endfacet
  facet normal -0.939682 -0.34205 0
    outer loop
      vertex 6.51917 65.863 1
      vertex 6.65418 65.4921 0
      vertex 6.65418 65.4921 1
    endloop
  endfacet
  facet normal -0.993241 -0.116068 0
    outer loop
      vertex 6.7 65.1 0
      vertex 6.65418 65.4921 1
      vertex 6.65418 65.4921 0
    endloop
  endfacet
  facet normal -0.993241 -0.116068 0
    outer loop
      vertex 6.65418 65.4921 1
      vertex 6.7 65.1 0
      vertex 6.7 65.1 1
    endloop
  endfacet
  facet normal -0.286785 0.957995 0
    outer loop
      vertex 5.67334 63.539 0
      vertex 5.2952 63.4258 1
      vertex 5.67334 63.539 1
    endloop
  endfacet
  facet normal -0.286785 0.957995 0
    outer loop
      vertex 5.2952 63.4258 1
      vertex 5.67334 63.539 0
      vertex 5.2952 63.4258 0
    endloop
  endfacet
  facet normal 1 -0 0
    outer loop
      vertex 3.31149 64.9026 1
      vertex 3.31149 65.2974 0
      vertex 3.31149 65.2974 1
    endloop
  endfacet
  facet normal 1 0 0
    outer loop
      vertex 3.31149 65.2974 0
      vertex 3.31149 64.9026 1
      vertex 3.31149 64.9026 0
    endloop
  endfacet
  facet normal -0.286785 -0.957995 0
    outer loop
      vertex 5.2952 66.7742 0
      vertex 5.67334 66.661 1
      vertex 5.2952 66.7742 1
    endloop
  endfacet
  facet normal -0.286785 -0.957995 -0
    outer loop
      vertex 5.67334 66.661 1
      vertex 5.2952 66.7742 0
      vertex 5.67334 66.661 0
    endloop
  endfacet
  facet normal 0.765969 -0.642877 0
    outer loop
      vertex 3.57967 66.0342 1
      vertex 3.83339 66.3365 0
      vertex 3.83339 66.3365 1
    endloop
  endfacet
  facet normal 0.765969 -0.642877 0
    outer loop
      vertex 3.83339 66.3365 0
      vertex 3.57967 66.0342 1
      vertex 3.57967 66.0342 0
    endloop
  endfacet
  facet normal -0.0580166 0.998316 0
    outer loop
      vertex 5.2952 63.4258 0
      vertex 4.90115 63.4029 1
      vertex 5.2952 63.4258 1
    endloop
  endfacet
  facet normal -0.0580166 0.998316 0
    outer loop
      vertex 4.90115 63.4029 1
      vertex 5.2952 63.4258 0
      vertex 4.90115 63.4029 0
    endloop
  endfacet
  facet normal -0.993238 0.116097 0
    outer loop
      vertex 6.65418 64.708 0
      vertex 6.7 65.1 1
      vertex 6.7 65.1 0
    endloop
  endfacet
  facet normal -0.993238 0.116097 0
    outer loop
      vertex 6.7 65.1 1
      vertex 6.65418 64.708 0
      vertex 6.65418 64.708 1
    endloop
  endfacet
  facet normal -0.686289 0.727329 0
    outer loop
      vertex 6.30227 64.0073 0
      vertex 6.01517 63.7364 1
      vertex 6.30227 64.0073 1
    endloop
  endfacet
  facet normal -0.686289 0.727329 0
    outer loop
      vertex 6.01517 63.7364 1
      vertex 6.30227 64.0073 0
      vertex 6.01517 63.7364 0
    endloop
  endfacet
  facet normal 0.173545 0.984826 -0
    outer loop
      vertex 4.90115 63.4029 0
      vertex 4.51243 63.4714 1
      vertex 4.90115 63.4029 1
    endloop
  endfacet
  facet normal 0.173545 0.984826 0
    outer loop
      vertex 4.51243 63.4714 1
      vertex 4.90115 63.4029 0
      vertex 4.51243 63.4714 0
    endloop
  endfacet
  facet normal 0.396214 -0.918158 0
    outer loop
      vertex 4.15 66.5722 0
      vertex 4.51243 66.7286 1
      vertex 4.15 66.5722 1
    endloop
  endfacet
  facet normal 0.396214 -0.918158 0
    outer loop
      vertex 4.51243 66.7286 1
      vertex 4.15 66.5722 0
      vertex 4.51243 66.7286 0
    endloop
  endfacet
  facet normal 0.765969 0.642877 0
    outer loop
      vertex 3.83339 63.8635 1
      vertex 3.57967 64.1658 0
      vertex 3.57967 64.1658 1
    endloop
  endfacet
  facet normal 0.765969 0.642877 0
    outer loop
      vertex 3.57967 64.1658 0
      vertex 3.83339 63.8635 1
      vertex 3.83339 63.8635 0
    endloop
  endfacet
  facet normal -0.939711 0.341969 0
    outer loop
      vertex 6.51917 64.337 0
      vertex 6.65418 64.708 1
      vertex 6.65418 64.708 0
    endloop
  endfacet
  facet normal -0.939711 0.341969 0
    outer loop
      vertex 6.65418 64.708 1
      vertex 6.51917 64.337 0
      vertex 6.51917 64.337 1
    endloop
  endfacet
  facet normal -0.835426 0.549603 0
    outer loop
      vertex 6.30227 64.0073 0
      vertex 6.51917 64.337 1
      vertex 6.51917 64.337 0
    endloop
  endfacet
  facet normal -0.835426 0.549603 0
    outer loop
      vertex 6.51917 64.337 1
      vertex 6.30227 64.0073 0
      vertex 6.30227 64.0073 1
    endloop
  endfacet
  facet normal 0.597147 0.802132 -0
    outer loop
      vertex 4.15 63.6278 0
      vertex 3.83339 63.8635 1
      vertex 4.15 63.6278 1
    endloop
  endfacet
  facet normal 0.597147 0.802132 0
    outer loop
      vertex 3.83339 63.8635 1
      vertex 4.15 63.6278 0
      vertex 3.83339 63.8635 0
    endloop
  endfacet
  facet normal 0.173545 -0.984826 0
    outer loop
      vertex 4.51243 66.7286 0
      vertex 4.90115 66.7971 1
      vertex 4.51243 66.7286 1
    endloop
  endfacet
  facet normal 0.173545 -0.984826 0
    outer loop
      vertex 4.90115 66.7971 1
      vertex 4.51243 66.7286 0
      vertex 4.90115 66.7971 0
    endloop
  endfacet
  facet normal 0.893666 -0.448733 0
    outer loop
      vertex 3.40252 65.6814 1
      vertex 3.57967 66.0342 0
      vertex 3.57967 66.0342 1
    endloop
  endfacet
  facet normal 0.893666 -0.448733 0
    outer loop
      vertex 3.57967 66.0342 0
      vertex 3.40252 65.6814 1
      vertex 3.40252 65.6814 0
    endloop
  endfacet
  facet normal -0.500084 -0.865977 0
    outer loop
      vertex 5.67334 66.661 0
      vertex 6.01517 66.4636 1
      vertex 5.67334 66.661 1
    endloop
  endfacet
  facet normal -0.500084 -0.865977 -0
    outer loop
      vertex 6.01517 66.4636 1
      vertex 5.67334 66.661 0
      vertex 6.01517 66.4636 0
    endloop
  endfacet
  facet normal -0.686289 -0.727329 0
    outer loop
      vertex 6.01517 66.4636 0
      vertex 6.30227 66.1927 1
      vertex 6.01517 66.4636 1
    endloop
  endfacet
  facet normal -0.686289 -0.727329 -0
    outer loop
      vertex 6.30227 66.1927 1
      vertex 6.01517 66.4636 0
      vertex 6.30227 66.1927 0
    endloop
  endfacet
  facet normal 0.893666 0.448733 0
    outer loop
      vertex 3.57967 64.1658 1
      vertex 3.40252 64.5186 0
      vertex 3.40252 64.5186 1
    endloop
  endfacet
  facet normal 0.893666 0.448733 0
    outer loop
      vertex 3.40252 64.5186 0
      vertex 3.57967 64.1658 1
      vertex 3.57967 64.1658 0
    endloop
  endfacet
  facet normal -0.500084 0.865977 0
    outer loop
      vertex 6.01517 63.7364 0
      vertex 5.67334 63.539 1
      vertex 6.01517 63.7364 1
    endloop
  endfacet
  facet normal -0.500084 0.865977 0
    outer loop
      vertex 5.67334 63.539 1
      vertex 6.01517 63.7364 0
      vertex 5.67334 63.539 0
    endloop
  endfacet
  facet normal -0.835426 -0.549603 0
    outer loop
      vertex 6.51917 65.863 0
      vertex 6.30227 66.1927 1
      vertex 6.30227 66.1927 0
    endloop
  endfacet
  facet normal -0.835426 -0.549603 0
    outer loop
      vertex 6.30227 66.1927 1
      vertex 6.51917 65.863 0
      vertex 6.51917 65.863 1
    endloop
  endfacet
  facet normal 0.597147 -0.802132 0
    outer loop
      vertex 3.83339 66.3365 0
      vertex 4.15 66.5722 1
      vertex 3.83339 66.3365 1
    endloop
  endfacet
  facet normal 0.597147 -0.802132 0
    outer loop
      vertex 4.15 66.5722 1
      vertex 3.83339 66.3365 0
      vertex 4.15 66.5722 0
    endloop
  endfacet
  facet normal 0.973033 0.230665 0
    outer loop
      vertex 3.40252 64.5186 1
      vertex 3.31149 64.9026 0
      vertex 3.31149 64.9026 1
    endloop
  endfacet
  facet normal 0.973033 0.230665 0
    outer loop
      vertex 3.31149 64.9026 0
      vertex 3.40252 64.5186 1
      vertex 3.40252 64.5186 0
    endloop
  endfacet
  facet normal 0.973033 -0.230665 0
    outer loop
      vertex 3.31149 65.2974 1
      vertex 3.40252 65.6814 0
      vertex 3.40252 65.6814 1
    endloop
  endfacet
  facet normal 0.973033 -0.230665 0
    outer loop
      vertex 3.40252 65.6814 0
      vertex 3.31149 65.2974 1
      vertex 3.31149 65.2974 0
    endloop
  endfacet
  facet normal 0.396214 0.918158 -0
    outer loop
      vertex 4.51243 63.4714 0
      vertex 4.15 63.6278 1
      vertex 4.51243 63.4714 1
    endloop
  endfacet
  facet normal 0.396214 0.918158 0
    outer loop
      vertex 4.15 63.6278 1
      vertex 4.51243 63.4714 0
      vertex 4.15 63.6278 0
    endloop
  endfacet
  facet normal 0.980791 0.195062 0
    outer loop
      vertex 2.10222 64.3235 3
      vertex 2.02567 64.7084 1
      vertex 2.02567 64.7084 3
    endloop
  endfacet
  facet normal 0.980791 0.195062 0
    outer loop
      vertex 2.02567 64.7084 1
      vertex 2.10222 64.3235 3
      vertex 2.10222 64.3235 1
    endloop
  endfacet
  facet normal 0.831477 -0.555558 0
    outer loop
      vertex 2.40192 66.6 3
      vertex 2.61994 66.9263 1
      vertex 2.61994 66.9263 3
    endloop
  endfacet
  facet normal 0.831477 -0.555558 0
    outer loop
      vertex 2.61994 66.9263 1
      vertex 2.40192 66.6 3
      vertex 2.40192 66.6 1
    endloop
  endfacet
  facet normal -0.980791 -0.195062 0
    outer loop
      vertex 7.97433 65.4916 1
      vertex 7.89778 65.8765 3
      vertex 7.89778 65.8765 1
    endloop
  endfacet
  facet normal -0.980791 -0.195062 0
    outer loop
      vertex 7.89778 65.8765 3
      vertex 7.97433 65.4916 1
      vertex 7.97433 65.4916 3
    endloop
  endfacet
  facet normal -0.997858 0.0654112 0
    outer loop
      vertex 7.97433 64.7084 1
      vertex 8 65.1 3
      vertex 8 65.1 1
    endloop
  endfacet
  facet normal -0.997858 0.0654112 0
    outer loop
      vertex 8 65.1 3
      vertex 7.97433 64.7084 1
      vertex 7.97433 64.7084 3
    endloop
  endfacet
  facet normal -0.751799 0.659392 0
    outer loop
      vertex 7.12132 62.9787 1
      vertex 7.38006 63.2737 3
      vertex 7.38006 63.2737 1
    endloop
  endfacet
  facet normal -0.751799 0.659392 0
    outer loop
      vertex 7.38006 63.2737 3
      vertex 7.12132 62.9787 1
      vertex 7.12132 62.9787 3
    endloop
  endfacet
  facet normal 0.751799 -0.659392 0
    outer loop
      vertex 2.61994 66.9263 3
      vertex 2.87868 67.2213 1
      vertex 2.87868 67.2213 3
    endloop
  endfacet
  facet normal 0.751799 -0.659392 0
    outer loop
      vertex 2.87868 67.2213 1
      vertex 2.61994 66.9263 3
      vertex 2.61994 66.9263 1
    endloop
  endfacet
  facet normal -0.19495 -0.980813 0
    outer loop
      vertex 5.39158 68.0743 1
      vertex 5.77646 67.9978 3
      vertex 5.39158 68.0743 3
    endloop
  endfacet
  facet normal -0.19495 -0.980813 -0
    outer loop
      vertex 5.77646 67.9978 3
      vertex 5.39158 68.0743 1
      vertex 5.77646 67.9978 1
    endloop
  endfacet
  facet normal -0.751799 -0.659392 0
    outer loop
      vertex 7.38006 66.9263 1
      vertex 7.12132 67.2213 3
      vertex 7.12132 67.2213 1
    endloop
  endfacet
  facet normal -0.751799 -0.659392 0
    outer loop
      vertex 7.12132 67.2213 3
      vertex 7.38006 66.9263 1
      vertex 7.38006 66.9263 3
    endloop
  endfacet
  facet normal 0.831477 0.555558 0
    outer loop
      vertex 2.61994 63.2737 3
      vertex 2.40192 63.6 1
      vertex 2.40192 63.6 3
    endloop
  endfacet
  facet normal 0.831477 0.555558 0
    outer loop
      vertex 2.40192 63.6 1
      vertex 2.61994 63.2737 3
      vertex 2.61994 63.2737 1
    endloop
  endfacet
  facet normal 0.555547 0.831485 -0
    outer loop
      vertex 3.5 62.5019 1
      vertex 3.17372 62.7199 3
      vertex 3.5 62.5019 3
    endloop
  endfacet
  facet normal 0.555547 0.831485 0
    outer loop
      vertex 3.17372 62.7199 3
      vertex 3.5 62.5019 1
      vertex 3.17372 62.7199 1
    endloop
  endfacet
  facet normal -0.44216 0.896936 0
    outer loop
      vertex 6.5 62.5019 1
      vertex 6.14805 62.3284 3
      vertex 6.5 62.5019 3
    endloop
  endfacet
  facet normal -0.44216 0.896936 0
    outer loop
      vertex 6.14805 62.3284 3
      vertex 6.5 62.5019 1
      vertex 6.14805 62.3284 1
    endloop
  endfacet
  facet normal 0.946905 -0.321514 0
    outer loop
      vertex 2.10222 65.8765 3
      vertex 2.22836 66.248 1
      vertex 2.22836 66.248 3
    endloop
  endfacet
  facet normal 0.946905 -0.321514 0
    outer loop
      vertex 2.22836 66.248 1
      vertex 2.10222 65.8765 3
      vertex 2.10222 65.8765 1
    endloop
  endfacet
  facet normal 0.44216 0.896936 -0
    outer loop
      vertex 3.85195 62.3284 1
      vertex 3.5 62.5019 3
      vertex 3.85195 62.3284 3
    endloop
  endfacet
  facet normal 0.44216 0.896936 0
    outer loop
      vertex 3.5 62.5019 3
      vertex 3.85195 62.3284 1
      vertex 3.5 62.5019 1
    endloop
  endfacet
  facet normal 0.321582 0.946882 -0
    outer loop
      vertex 4.22354 62.2022 1
      vertex 3.85195 62.3284 3
      vertex 4.22354 62.2022 3
    endloop
  endfacet
  facet normal 0.321582 0.946882 0
    outer loop
      vertex 3.85195 62.3284 3
      vertex 4.22354 62.2022 1
      vertex 3.85195 62.3284 1
    endloop
  endfacet
  facet normal 0.997858 0.0654112 0
    outer loop
      vertex 2.02567 64.7084 3
      vertex 2 65.1 1
      vertex 2 65.1 3
    endloop
  endfacet
  facet normal 0.997858 0.0654112 0
    outer loop
      vertex 2 65.1 1
      vertex 2.02567 64.7084 3
      vertex 2.02567 64.7084 1
    endloop
  endfacet
  facet normal -0.659428 -0.751768 0
    outer loop
      vertex 6.82628 67.4801 1
      vertex 7.12132 67.2213 3
      vertex 6.82628 67.4801 3
    endloop
  endfacet
  facet normal -0.659428 -0.751768 -0
    outer loop
      vertex 7.12132 67.2213 3
      vertex 6.82628 67.4801 1
      vertex 7.12132 67.2213 1
    endloop
  endfacet
  facet normal -0.997858 -0.0654112 0
    outer loop
      vertex 8 65.1 1
      vertex 7.97433 65.4916 3
      vertex 7.97433 65.4916 1
    endloop
  endfacet
  facet normal -0.997858 -0.0654112 0
    outer loop
      vertex 7.97433 65.4916 3
      vertex 8 65.1 1
      vertex 8 65.1 3
    endloop
  endfacet
  facet normal 0.946905 0.321514 0
    outer loop
      vertex 2.22836 63.952 3
      vertex 2.10222 64.3235 1
      vertex 2.10222 64.3235 3
    endloop
  endfacet
  facet normal 0.946905 0.321514 0
    outer loop
      vertex 2.10222 64.3235 1
      vertex 2.22836 63.952 3
      vertex 2.22836 63.952 1
    endloop
  endfacet
  facet normal -0.8969 0.442233 0
    outer loop
      vertex 7.59808 63.6 1
      vertex 7.77164 63.952 3
      vertex 7.77164 63.952 1
    endloop
  endfacet
  facet normal -0.8969 0.442233 0
    outer loop
      vertex 7.77164 63.952 3
      vertex 7.59808 63.6 1
      vertex 7.59808 63.6 3
    endloop
  endfacet
  facet normal 0.8969 -0.442233 0
    outer loop
      vertex 2.22836 66.248 3
      vertex 2.40192 66.6 1
      vertex 2.40192 66.6 3
    endloop
  endfacet
  facet normal 0.8969 -0.442233 0
    outer loop
      vertex 2.40192 66.6 1
      vertex 2.22836 66.248 3
      vertex 2.22836 66.248 1
    endloop
  endfacet
  facet normal 0.0654906 0.997853 -0
    outer loop
      vertex 5 62.1 1
      vertex 4.60842 62.1257 3
      vertex 5 62.1 3
    endloop
  endfacet
  facet normal 0.0654906 0.997853 0
    outer loop
      vertex 4.60842 62.1257 3
      vertex 5 62.1 1
      vertex 4.60842 62.1257 1
    endloop
  endfacet
  facet normal -0.321582 -0.946882 0
    outer loop
      vertex 5.77646 67.9978 1
      vertex 6.14805 67.8716 3
      vertex 5.77646 67.9978 3
    endloop
  endfacet
  facet normal -0.321582 -0.946882 -0
    outer loop
      vertex 6.14805 67.8716 3
      vertex 5.77646 67.9978 1
      vertex 6.14805 67.8716 1
    endloop
  endfacet
  facet normal -0.8969 -0.442233 0
    outer loop
      vertex 7.77164 66.248 1
      vertex 7.59808 66.6 3
      vertex 7.59808 66.6 1
    endloop
  endfacet
  facet normal -0.8969 -0.442233 0
    outer loop
      vertex 7.59808 66.6 3
      vertex 7.77164 66.248 1
      vertex 7.77164 66.248 3
    endloop
  endfacet
  facet normal -0.831477 -0.555558 0
    outer loop
      vertex 7.59808 66.6 1
      vertex 7.38006 66.9263 3
      vertex 7.38006 66.9263 1
    endloop
  endfacet
  facet normal -0.831477 -0.555558 0
    outer loop
      vertex 7.38006 66.9263 3
      vertex 7.59808 66.6 1
      vertex 7.59808 66.6 3
    endloop
  endfacet
  facet normal -0.946905 -0.321514 0
    outer loop
      vertex 7.89778 65.8765 1
      vertex 7.77164 66.248 3
      vertex 7.77164 66.248 1
    endloop
  endfacet
  facet normal -0.946905 -0.321514 0
    outer loop
      vertex 7.77164 66.248 3
      vertex 7.89778 65.8765 1
      vertex 7.89778 65.8765 3
    endloop
  endfacet
  facet normal -0.555547 -0.831485 0
    outer loop
      vertex 6.5 67.6981 1
      vertex 6.82628 67.4801 3
      vertex 6.5 67.6981 3
    endloop
  endfacet
  facet normal -0.555547 -0.831485 -0
    outer loop
      vertex 6.82628 67.4801 3
      vertex 6.5 67.6981 1
      vertex 6.82628 67.4801 1
    endloop
  endfacet
  facet normal 0.19495 -0.980813 0
    outer loop
      vertex 4.22354 67.9978 1
      vertex 4.60842 68.0743 3
      vertex 4.22354 67.9978 3
    endloop
  endfacet
  facet normal 0.19495 -0.980813 0
    outer loop
      vertex 4.60842 68.0743 3
      vertex 4.22354 67.9978 1
      vertex 4.60842 68.0743 1
    endloop
  endfacet
  facet normal -0.321582 0.946882 0
    outer loop
      vertex 6.14805 62.3284 1
      vertex 5.77646 62.2022 3
      vertex 6.14805 62.3284 3
    endloop
  endfacet
  facet normal -0.321582 0.946882 0
    outer loop
      vertex 5.77646 62.2022 3
      vertex 6.14805 62.3284 1
      vertex 5.77646 62.2022 1
    endloop
  endfacet
  facet normal -0.44216 -0.896936 0
    outer loop
      vertex 6.14805 67.8716 1
      vertex 6.5 67.6981 3
      vertex 6.14805 67.8716 3
    endloop
  endfacet
  facet normal -0.44216 -0.896936 -0
    outer loop
      vertex 6.5 67.6981 3
      vertex 6.14805 67.8716 1
      vertex 6.5 67.6981 1
    endloop
  endfacet
  facet normal -0.0654906 0.997853 0
    outer loop
      vertex 5.39158 62.1257 1
      vertex 5 62.1 3
      vertex 5.39158 62.1257 3
    endloop
  endfacet
  facet normal -0.0654906 0.997853 0
    outer loop
      vertex 5 62.1 3
      vertex 5.39158 62.1257 1
      vertex 5 62.1 1
    endloop
  endfacet
  facet normal 0.0654906 -0.997853 0
    outer loop
      vertex 4.60842 68.0743 1
      vertex 5 68.1 3
      vertex 4.60842 68.0743 3
    endloop
  endfacet
  facet normal 0.0654906 -0.997853 0
    outer loop
      vertex 5 68.1 3
      vertex 4.60842 68.0743 1
      vertex 5 68.1 1
    endloop
  endfacet
  facet normal -0.980791 0.195062 0
    outer loop
      vertex 7.89778 64.3235 1
      vertex 7.97433 64.7084 3
      vertex 7.97433 64.7084 1
    endloop
  endfacet
  facet normal -0.980791 0.195062 0
    outer loop
      vertex 7.97433 64.7084 3
      vertex 7.89778 64.3235 1
      vertex 7.89778 64.3235 3
    endloop
  endfacet
  facet normal -0.19495 0.980813 0
    outer loop
      vertex 5.77646 62.2022 1
      vertex 5.39158 62.1257 3
      vertex 5.77646 62.2022 3
    endloop
  endfacet
  facet normal -0.19495 0.980813 0
    outer loop
      vertex 5.39158 62.1257 3
      vertex 5.77646 62.2022 1
      vertex 5.39158 62.1257 1
    endloop
  endfacet
  facet normal 0.44216 -0.896936 0
    outer loop
      vertex 3.5 67.6981 1
      vertex 3.85195 67.8716 3
      vertex 3.5 67.6981 3
    endloop
  endfacet
  facet normal 0.44216 -0.896936 0
    outer loop
      vertex 3.85195 67.8716 3
      vertex 3.5 67.6981 1
      vertex 3.85195 67.8716 1
    endloop
  endfacet
  facet normal -0.659428 0.751768 0
    outer loop
      vertex 7.12132 62.9787 1
      vertex 6.82628 62.7199 3
      vertex 7.12132 62.9787 3
    endloop
  endfacet
  facet normal -0.659428 0.751768 0
    outer loop
      vertex 6.82628 62.7199 3
      vertex 7.12132 62.9787 1
      vertex 6.82628 62.7199 1
    endloop
  endfacet
  facet normal 0.321582 -0.946882 0
    outer loop
      vertex 3.85195 67.8716 1
      vertex 4.22354 67.9978 3
      vertex 3.85195 67.8716 3
    endloop
  endfacet
  facet normal 0.321582 -0.946882 0
    outer loop
      vertex 4.22354 67.9978 3
      vertex 3.85195 67.8716 1
      vertex 4.22354 67.9978 1
    endloop
  endfacet
  facet normal 0.8969 0.442233 0
    outer loop
      vertex 2.40192 63.6 3
      vertex 2.22836 63.952 1
      vertex 2.22836 63.952 3
    endloop
  endfacet
  facet normal 0.8969 0.442233 0
    outer loop
      vertex 2.22836 63.952 1
      vertex 2.40192 63.6 3
      vertex 2.40192 63.6 1
    endloop
  endfacet
  facet normal -0.831477 0.555558 0
    outer loop
      vertex 7.38006 63.2737 1
      vertex 7.59808 63.6 3
      vertex 7.59808 63.6 1
    endloop
  endfacet
  facet normal -0.831477 0.555558 0
    outer loop
      vertex 7.59808 63.6 3
      vertex 7.38006 63.2737 1
      vertex 7.38006 63.2737 3
    endloop
  endfacet
  facet normal -0.0654906 -0.997853 0
    outer loop
      vertex 5 68.1 1
      vertex 5.39158 68.0743 3
      vertex 5 68.1 3
    endloop
  endfacet
  facet normal -0.0654906 -0.997853 -0
    outer loop
      vertex 5.39158 68.0743 3
      vertex 5 68.1 1
      vertex 5.39158 68.0743 1
    endloop
  endfacet
  facet normal 0.555547 -0.831485 0
    outer loop
      vertex 3.17372 67.4801 1
      vertex 3.5 67.6981 3
      vertex 3.17372 67.4801 3
    endloop
  endfacet
  facet normal 0.555547 -0.831485 0
    outer loop
      vertex 3.5 67.6981 3
      vertex 3.17372 67.4801 1
      vertex 3.5 67.6981 1
    endloop
  endfacet
  facet normal -0.946905 0.321514 0
    outer loop
      vertex 7.77164 63.952 1
      vertex 7.89778 64.3235 3
      vertex 7.89778 64.3235 1
    endloop
  endfacet
  facet normal -0.946905 0.321514 0
    outer loop
      vertex 7.89778 64.3235 3
      vertex 7.77164 63.952 1
      vertex 7.77164 63.952 3
    endloop
  endfacet
  facet normal 0.980791 -0.195062 0
    outer loop
      vertex 2.02567 65.4916 3
      vertex 2.10222 65.8765 1
      vertex 2.10222 65.8765 3
    endloop
  endfacet
  facet normal 0.980791 -0.195062 0
    outer loop
      vertex 2.10222 65.8765 1
      vertex 2.02567 65.4916 3
      vertex 2.02567 65.4916 1
    endloop
  endfacet
  facet normal 0.659428 -0.751768 0
    outer loop
      vertex 2.87868 67.2213 1
      vertex 3.17372 67.4801 3
      vertex 2.87868 67.2213 3
    endloop
  endfacet
  facet normal 0.659428 -0.751768 0
    outer loop
      vertex 3.17372 67.4801 3
      vertex 2.87868 67.2213 1
      vertex 3.17372 67.4801 1
    endloop
  endfacet
  facet normal 0.997858 -0.0654112 0
    outer loop
      vertex 2 65.1 3
      vertex 2.02567 65.4916 1
      vertex 2.02567 65.4916 3
    endloop
  endfacet
  facet normal 0.997858 -0.0654112 0
    outer loop
      vertex 2.02567 65.4916 1
      vertex 2 65.1 3
      vertex 2 65.1 1
    endloop
  endfacet
  facet normal 0 0 1
    outer loop
      vertex 6.7 65.1 1
      vertex 8 65.1 1
      vertex 7.97433 65.4916 1
    endloop
  endfacet
  facet normal -0 0 1
    outer loop
      vertex 6.65418 65.4921 1
      vertex 7.97433 65.4916 1
      vertex 7.89778 65.8765 1
    endloop
  endfacet
  facet normal 0 0 1
    outer loop
      vertex 8 65.1 1
      vertex 6.7 65.1 1
      vertex 7.97433 64.7084 1
    endloop
  endfacet
  facet normal 0 0 1
    outer loop
      vertex 6.65418 65.4921 1
      vertex 7.89778 65.8765 1
      vertex 7.77164 66.248 1
    endloop
  endfacet
  facet normal 0 0 1
    outer loop
      vertex 6.65418 64.708 1
      vertex 7.97433 64.7084 1
      vertex 6.7 65.1 1
    endloop
  endfacet
  facet normal 0 0 1
    outer loop
      vertex 6.51917 65.863 1
      vertex 7.77164 66.248 1
      vertex 7.59808 66.6 1
    endloop
  endfacet
  facet normal 0 0 1
    outer loop
      vertex 7.97433 64.7084 1
      vertex 6.65418 64.708 1
      vertex 7.89778 64.3235 1
    endloop
  endfacet
  facet normal 0 0 1
    outer loop
      vertex 6.30227 66.1927 1
      vertex 7.59808 66.6 1
      vertex 7.38006 66.9263 1
    endloop
  endfacet
  facet normal 0 0 1
    outer loop
      vertex 7.89778 64.3235 1
      vertex 6.65418 64.708 1
      vertex 7.77164 63.952 1
    endloop
  endfacet
  facet normal 0 0 1
    outer loop
      vertex 6.30227 66.1927 1
      vertex 7.38006 66.9263 1
      vertex 7.12132 67.2213 1
    endloop
  endfacet
  facet normal -0 0 1
    outer loop
      vertex 6.51917 64.337 1
      vertex 7.77164 63.952 1
      vertex 6.65418 64.708 1
    endloop
  endfacet
  facet normal 0 0 1
    outer loop
      vertex 6.01517 66.4636 1
      vertex 7.12132 67.2213 1
      vertex 6.82628 67.4801 1
    endloop
  endfacet
  facet normal 0 0 1
    outer loop
      vertex 7.77164 63.952 1
      vertex 6.51917 64.337 1
      vertex 7.59808 63.6 1
    endloop
  endfacet
  facet normal -0 0 1
    outer loop
      vertex 6.30227 64.0073 1
      vertex 7.59808 63.6 1
      vertex 6.51917 64.337 1
    endloop
  endfacet
  facet normal 0 0 1
    outer loop
      vertex 7.97433 65.4916 1
      vertex 6.65418 65.4921 1
      vertex 6.7 65.1 1
    endloop
  endfacet
  facet normal 0 0 1
    outer loop
      vertex 7.77164 66.248 1
      vertex 6.51917 65.863 1
      vertex 6.65418 65.4921 1
    endloop
  endfacet
  facet normal 0 0 1
    outer loop
      vertex 6.01517 66.4636 1
      vertex 6.82628 67.4801 1
      vertex 6.5 67.6981 1
    endloop
  endfacet
  facet normal 0 0 1
    outer loop
      vertex 7.59808 66.6 1
      vertex 6.30227 66.1927 1
      vertex 6.51917 65.863 1
    endloop
  endfacet
  facet normal 0 0 1
    outer loop
      vertex 5.67334 66.661 1
      vertex 6.5 67.6981 1
      vertex 6.14805 67.8716 1
    endloop
  endfacet
  facet normal 0 0 1
    outer loop
      vertex 7.12132 67.2213 1
      vertex 6.01517 66.4636 1
      vertex 6.30227 66.1927 1
    endloop
  endfacet
  facet normal 0 0 1
    outer loop
      vertex 5.67334 66.661 1
      vertex 6.14805 67.8716 1
      vertex 5.77646 67.9978 1
    endloop
  endfacet
  facet normal 0 0 1
    outer loop
      vertex 6.5 67.6981 1
      vertex 5.67334 66.661 1
      vertex 6.01517 66.4636 1
    endloop
  endfacet
  facet normal 0 0 1
    outer loop
      vertex 5.2952 66.7742 1
      vertex 5.77646 67.9978 1
      vertex 5.39158 68.0743 1
    endloop
  endfacet
  facet normal 0 0 1
    outer loop
      vertex 5.77646 67.9978 1
      vertex 5.2952 66.7742 1
      vertex 5.67334 66.661 1
    endloop
  endfacet
  facet normal 0 0 1
    outer loop
      vertex 5 68.1 1
      vertex 5.2952 66.7742 1
      vertex 5.39158 68.0743 1
    endloop
  endfacet
  facet normal 0 0 1
    outer loop
      vertex 5 68.1 1
      vertex 4.90115 66.7971 1
      vertex 5.2952 66.7742 1
    endloop
  endfacet
  facet normal -0 0 1
    outer loop
      vertex 4.60842 68.0743 1
      vertex 4.90115 66.7971 1
      vertex 5 68.1 1
    endloop
  endfacet
  facet normal 0 0 1
    outer loop
      vertex 4.60842 68.0743 1
      vertex 4.51243 66.7286 1
      vertex 4.90115 66.7971 1
    endloop
  endfacet
  facet normal -0 0 1
    outer loop
      vertex 4.22354 67.9978 1
      vertex 4.51243 66.7286 1
      vertex 4.60842 68.0743 1
    endloop
  endfacet
  facet normal -0 0 1
    outer loop
      vertex 3.85195 67.8716 1
      vertex 4.51243 66.7286 1
      vertex 4.22354 67.9978 1
    endloop
  endfacet
  facet normal 0 0 1
    outer loop
      vertex 4.51243 66.7286 1
      vertex 3.85195 67.8716 1
      vertex 4.15 66.5722 1
    endloop
  endfacet
  facet normal -0 0 1
    outer loop
      vertex 3.5 67.6981 1
      vertex 4.15 66.5722 1
      vertex 3.85195 67.8716 1
    endloop
  endfacet
  facet normal -0 0 1
    outer loop
      vertex 3.17372 67.4801 1
      vertex 4.15 66.5722 1
      vertex 3.5 67.6981 1
    endloop
  endfacet
  facet normal 0 0 1
    outer loop
      vertex 4.15 66.5722 1
      vertex 3.17372 67.4801 1
      vertex 3.83339 66.3365 1
    endloop
  endfacet
  facet normal -0 0 1
    outer loop
      vertex 2.87868 67.2213 1
      vertex 3.83339 66.3365 1
      vertex 3.17372 67.4801 1
    endloop
  endfacet
  facet normal -0 0 1
    outer loop
      vertex 2.61994 66.9263 1
      vertex 3.83339 66.3365 1
      vertex 2.87868 67.2213 1
    endloop
  endfacet
  facet normal -0 0 1
    outer loop
      vertex 2.40192 66.6 1
      vertex 3.57967 66.0342 1
      vertex 2.61994 66.9263 1
    endloop
  endfacet
  facet normal 0 0 1
    outer loop
      vertex 3.83339 66.3365 1
      vertex 2.61994 66.9263 1
      vertex 3.57967 66.0342 1
    endloop
  endfacet
  facet normal 0 0 1
    outer loop
      vertex 7.59808 63.6 1
      vertex 6.30227 64.0073 1
      vertex 7.38006 63.2737 1
    endloop
  endfacet
  facet normal 0 0 1
    outer loop
      vertex 7.38006 63.2737 1
      vertex 6.30227 64.0073 1
      vertex 7.12132 62.9787 1
    endloop
  endfacet
  facet normal -0 0 1
    outer loop
      vertex 6.01517 63.7364 1
      vertex 7.12132 62.9787 1
      vertex 6.30227 64.0073 1
    endloop
  endfacet
  facet normal 0 0 1
    outer loop
      vertex 7.12132 62.9787 1
      vertex 6.01517 63.7364 1
      vertex 6.82628 62.7199 1
    endloop
  endfacet
  facet normal 0 0 1
    outer loop
      vertex 6.82628 62.7199 1
      vertex 6.01517 63.7364 1
      vertex 6.5 62.5019 1
    endloop
  endfacet
  facet normal -0 0 1
    outer loop
      vertex 5.67334 63.539 1
      vertex 6.5 62.5019 1
      vertex 6.01517 63.7364 1
    endloop
  endfacet
  facet normal 0 0 1
    outer loop
      vertex 6.5 62.5019 1
      vertex 5.67334 63.539 1
      vertex 6.14805 62.3284 1
    endloop
  endfacet
  facet normal 0 0 1
    outer loop
      vertex 6.14805 62.3284 1
      vertex 5.67334 63.539 1
      vertex 5.77646 62.2022 1
    endloop
  endfacet
  facet normal -0 0 1
    outer loop
      vertex 5.2952 63.4258 1
      vertex 5.77646 62.2022 1
      vertex 5.67334 63.539 1
    endloop
  endfacet
  facet normal 0 0 1
    outer loop
      vertex 5.77646 62.2022 1
      vertex 5.2952 63.4258 1
      vertex 5.39158 62.1257 1
    endloop
  endfacet
  facet normal 0 0 1
    outer loop
      vertex 5.2952 63.4258 1
      vertex 5 62.1 1
      vertex 5.39158 62.1257 1
    endloop
  endfacet
  facet normal -0 0 1
    outer loop
      vertex 4.90115 63.4029 1
      vertex 5 62.1 1
      vertex 5.2952 63.4258 1
    endloop
  endfacet
  facet normal 0 0 1
    outer loop
      vertex 4.90115 63.4029 1
      vertex 4.60842 62.1257 1
      vertex 5 62.1 1
    endloop
  endfacet
  facet normal 0 0 1
    outer loop
      vertex 4.51243 63.4714 1
      vertex 4.60842 62.1257 1
      vertex 4.90115 63.4029 1
    endloop
  endfacet
  facet normal 0 0 1
    outer loop
      vertex 4.51243 63.4714 1
      vertex 4.22354 62.2022 1
      vertex 4.60842 62.1257 1
    endloop
  endfacet
  facet normal 0 0 1
    outer loop
      vertex 3.85195 62.3284 1
      vertex 4.51243 63.4714 1
      vertex 4.15 63.6278 1
    endloop
  endfacet
  facet normal 0 0 1
    outer loop
      vertex 4.51243 63.4714 1
      vertex 3.85195 62.3284 1
      vertex 4.22354 62.2022 1
    endloop
  endfacet
  facet normal 0 0 1
    outer loop
      vertex 3.17372 62.7199 1
      vertex 4.15 63.6278 1
      vertex 3.83339 63.8635 1
    endloop
  endfacet
  facet normal 0 0 1
    outer loop
      vertex 2.61994 63.2737 1
      vertex 3.83339 63.8635 1
      vertex 3.57967 64.1658 1
    endloop
  endfacet
  facet normal 0 0 1
    outer loop
      vertex 4.15 63.6278 1
      vertex 3.5 62.5019 1
      vertex 3.85195 62.3284 1
    endloop
  endfacet
  facet normal 0 0 1
    outer loop
      vertex 2.40192 63.6 1
      vertex 3.57967 64.1658 1
      vertex 3.40252 64.5186 1
    endloop
  endfacet
  facet normal 0 0 1
    outer loop
      vertex 2.10222 64.3235 1
      vertex 3.40252 64.5186 1
      vertex 3.31149 64.9026 1
    endloop
  endfacet
  facet normal 0 0 1
    outer loop
      vertex 4.15 63.6278 1
      vertex 3.17372 62.7199 1
      vertex 3.5 62.5019 1
    endloop
  endfacet
  facet normal 0 0 1
    outer loop
      vertex 3.57967 66.0342 1
      vertex 2.40192 66.6 1
      vertex 3.40252 65.6814 1
    endloop
  endfacet
  facet normal -0 0 1
    outer loop
      vertex 2.22836 66.248 1
      vertex 3.40252 65.6814 1
      vertex 2.40192 66.6 1
    endloop
  endfacet
  facet normal 0 0 1
    outer loop
      vertex 3.83339 63.8635 1
      vertex 2.87868 62.9787 1
      vertex 3.17372 62.7199 1
    endloop
  endfacet
  facet normal -0 0 1
    outer loop
      vertex 2.10222 65.8765 1
      vertex 3.40252 65.6814 1
      vertex 2.22836 66.248 1
    endloop
  endfacet
  facet normal 0 0 1
    outer loop
      vertex 3.83339 63.8635 1
      vertex 2.61994 63.2737 1
      vertex 2.87868 62.9787 1
    endloop
  endfacet
  facet normal 0 0 1
    outer loop
      vertex 3.40252 65.6814 1
      vertex 2.10222 65.8765 1
      vertex 3.31149 65.2974 1
    endloop
  endfacet
  facet normal 0 0 1
    outer loop
      vertex 3.57967 64.1658 1
      vertex 2.40192 63.6 1
      vertex 2.61994 63.2737 1
    endloop
  endfacet
  facet normal -0 0 1
    outer loop
      vertex 2.02567 65.4916 1
      vertex 3.31149 65.2974 1
      vertex 2.10222 65.8765 1
    endloop
  endfacet
  facet normal 0 0 1
    outer loop
      vertex 3.40252 64.5186 1
      vertex 2.22836 63.952 1
      vertex 2.40192 63.6 1
    endloop
  endfacet
  facet normal 0 0 1
    outer loop
      vertex 2 65.1 1
      vertex 3.31149 65.2974 1
      vertex 2.02567 65.4916 1
    endloop
  endfacet
  facet normal 0 0 1
    outer loop
      vertex 3.40252 64.5186 1
      vertex 2.10222 64.3235 1
      vertex 2.22836 63.952 1
    endloop
  endfacet
  facet normal 0 0 1
    outer loop
      vertex 3.31149 65.2974 1
      vertex 2 65.1 1
      vertex 3.31149 64.9026 1
    endloop
  endfacet
  facet normal 0 0 1
    outer loop
      vertex 3.31149 64.9026 1
      vertex 2.02567 64.7084 1
      vertex 2.10222 64.3235 1
    endloop
  endfacet
  facet normal 0 0 1
    outer loop
      vertex 3.31149 64.9026 1
      vertex 2 65.1 1
      vertex 2.02567 64.7084 1
    endloop
  endfacet
  facet normal -0.555547 0.831485 0
    outer loop
      vertex 6.82628 62.7199 1
      vertex 6.5 62.5019 3
      vertex 6.82628 62.7199 3
    endloop
  endfacet
  facet normal -0.555547 0.831485 0
    outer loop
      vertex 6.5 62.5019 3
      vertex 6.82628 62.7199 1
      vertex 6.5 62.5019 1
    endloop
  endfacet
  facet normal 0.751799 0.659392 0
    outer loop
      vertex 2.87868 62.9787 3
      vertex 2.61994 63.2737 1
      vertex 2.61994 63.2737 3
    endloop
  endfacet
  facet normal 0.751799 0.659392 0
    outer loop
      vertex 2.61994 63.2737 1
      vertex 2.87868 62.9787 3
      vertex 2.87868 62.9787 1
    endloop
  endfacet
  facet normal 0.659428 0.751768 -0
    outer loop
      vertex 3.17372 62.7199 1
      vertex 2.87868 62.9787 3
      vertex 3.17372 62.7199 3
    endloop
  endfacet
  facet normal 0.659428 0.751768 0
    outer loop
      vertex 2.87868 62.9787 3
      vertex 3.17372 62.7199 1
      vertex 2.87868 62.9787 1
    endloop
  endfacet
  facet normal 0.19495 0.980813 -0
    outer loop
      vertex 4.60842 62.1257 1
      vertex 4.22354 62.2022 3
      vertex 4.60842 62.1257 3
    endloop
  endfacet
  facet normal 0.19495 0.980813 0
    outer loop
      vertex 4.22354 62.2022 3
      vertex 4.60842 62.1257 1
      vertex 4.22354 62.2022 1
    endloop
  endfacet
  facet normal -0.0581502 -0.998308 0
    outer loop
      vertex 74.9012 6.69712 0
      vertex 75.2952 6.67417 1
      vertex 74.9012 6.69712 1
    endloop
  endfacet
  facet normal -0.0581502 -0.998308 -0
    outer loop
      vertex 75.2952 6.67417 1
      vertex 74.9012 6.69712 0
      vertex 75.2952 6.67417 0
    endloop
  endfacet
  facet normal -0.939693 -0.34202 0
    outer loop
      vertex 76.6542 5.39205 0
      vertex 76.5192 5.76296 1
      vertex 76.5192 5.76296 0
    endloop
  endfacet
  facet normal -0.939693 -0.34202 0
    outer loop
      vertex 76.5192 5.76296 1
      vertex 76.6542 5.39205 0
      vertex 76.6542 5.39205 1
    endloop
  endfacet
  facet normal -0.993245 -0.116033 0
    outer loop
      vertex 76.7 5 0
      vertex 76.6542 5.39205 1
      vertex 76.6542 5.39205 0
    endloop
  endfacet
  facet normal -0.993245 -0.116033 0
    outer loop
      vertex 76.6542 5.39205 1
      vertex 76.7 5 0
      vertex 76.7 5 1
    endloop
  endfacet
  facet normal -0.286813 0.957987 0
    outer loop
      vertex 75.6733 3.43903 0
      vertex 75.2952 3.32583 1
      vertex 75.6733 3.43903 1
    endloop
  endfacet
  facet normal -0.286813 0.957987 0
    outer loop
      vertex 75.2952 3.32583 1
      vertex 75.6733 3.43903 0
      vertex 75.2952 3.32583 0
    endloop
  endfacet
  facet normal 1 -0 0
    outer loop
      vertex 73.3115 4.80264 1
      vertex 73.3115 5.19736 0
      vertex 73.3115 5.19736 1
    endloop
  endfacet
  facet normal 1 0 0
    outer loop
      vertex 73.3115 5.19736 0
      vertex 73.3115 4.80264 1
      vertex 73.3115 4.80264 0
    endloop
  endfacet
  facet normal -0.286813 -0.957987 0
    outer loop
      vertex 75.2952 6.67417 0
      vertex 75.6733 6.56097 1
      vertex 75.2952 6.67417 1
    endloop
  endfacet
  facet normal -0.286813 -0.957987 -0
    outer loop
      vertex 75.6733 6.56097 1
      vertex 75.2952 6.67417 0
      vertex 75.6733 6.56097 0
    endloop
  endfacet
  facet normal 0.766068 -0.64276 0
    outer loop
      vertex 73.5797 5.93417 1
      vertex 73.8334 6.23654 0
      vertex 73.8334 6.23654 1
    endloop
  endfacet
  facet normal 0.766068 -0.64276 0
    outer loop
      vertex 73.8334 6.23654 0
      vertex 73.5797 5.93417 1
      vertex 73.5797 5.93417 0
    endloop
  endfacet
  facet normal -0.0581502 0.998308 0
    outer loop
      vertex 75.2952 3.32583 0
      vertex 74.9012 3.30288 1
      vertex 75.2952 3.32583 1
    endloop
  endfacet
  facet normal -0.0581502 0.998308 0
    outer loop
      vertex 74.9012 3.30288 1
      vertex 75.2952 3.32583 0
      vertex 74.9012 3.30288 0
    endloop
  endfacet
  facet normal -0.993245 0.116033 0
    outer loop
      vertex 76.6542 4.60795 0
      vertex 76.7 5 1
      vertex 76.7 5 0
    endloop
  endfacet
  facet normal -0.993245 0.116033 0
    outer loop
      vertex 76.7 5 1
      vertex 76.6542 4.60795 0
      vertex 76.6542 4.60795 1
    endloop
  endfacet
  facet normal -0.686249 0.727367 0
    outer loop
      vertex 76.3023 3.90726 0
      vertex 76.0152 3.63639 1
      vertex 76.3023 3.90726 1
    endloop
  endfacet
  facet normal -0.686249 0.727367 0
    outer loop
      vertex 76.0152 3.63639 1
      vertex 76.3023 3.90726 0
      vertex 76.0152 3.63639 0
    endloop
  endfacet
  facet normal 0.173609 0.984815 -0
    outer loop
      vertex 74.9012 3.30288 0
      vertex 74.5124 3.37142 1
      vertex 74.9012 3.30288 1
    endloop
  endfacet
  facet normal 0.173609 0.984815 0
    outer loop
      vertex 74.5124 3.37142 1
      vertex 74.9012 3.30288 0
      vertex 74.5124 3.37142 0
    endloop
  endfacet
  facet normal 0.396114 -0.918201 0
    outer loop
      vertex 74.15 6.47224 0
      vertex 74.5124 6.62858 1
      vertex 74.15 6.47224 1
    endloop
  endfacet
  facet normal 0.396114 -0.918201 0
    outer loop
      vertex 74.5124 6.62858 1
      vertex 74.15 6.47224 0
      vertex 74.5124 6.62858 0
    endloop
  endfacet
  facet normal 0.766068 0.64276 0
    outer loop
      vertex 73.8334 3.76346 1
      vertex 73.5797 4.06583 0
      vertex 73.5797 4.06583 1
    endloop
  endfacet
  facet normal 0.766068 0.64276 0
    outer loop
      vertex 73.5797 4.06583 0
      vertex 73.8334 3.76346 1
      vertex 73.8334 3.76346 0
    endloop
  endfacet
  facet normal -0.939693 0.34202 0
    outer loop
      vertex 76.5192 4.23704 0
      vertex 76.6542 4.60795 1
      vertex 76.6542 4.60795 0
    endloop
  endfacet
  facet normal -0.939693 0.34202 0
    outer loop
      vertex 76.6542 4.60795 1
      vertex 76.5192 4.23704 0
      vertex 76.5192 4.23704 1
    endloop
  endfacet
  facet normal -0.835487 0.549509 0
    outer loop
      vertex 76.3023 3.90726 0
      vertex 76.5192 4.23704 1
      vertex 76.5192 4.23704 0
    endloop
  endfacet
  facet normal -0.835487 0.549509 0
    outer loop
      vertex 76.5192 4.23704 1
      vertex 76.3023 3.90726 0
      vertex 76.3023 3.90726 1
    endloop
  endfacet
  facet normal 0.597159 0.802123 -0
    outer loop
      vertex 74.15 3.52776 0
      vertex 73.8334 3.76346 1
      vertex 74.15 3.52776 1
    endloop
  endfacet
  facet normal 0.597159 0.802123 0
    outer loop
      vertex 73.8334 3.76346 1
      vertex 74.15 3.52776 0
      vertex 73.8334 3.76346 0
    endloop
  endfacet
  facet normal 0.173609 -0.984815 0
    outer loop
      vertex 74.5124 6.62858 0
      vertex 74.9012 6.69712 1
      vertex 74.5124 6.62858 1
    endloop
  endfacet
  facet normal 0.173609 -0.984815 0
    outer loop
      vertex 74.9012 6.69712 1
      vertex 74.5124 6.62858 0
      vertex 74.9012 6.69712 0
    endloop
  endfacet
  facet normal 0.893585 -0.448895 0
    outer loop
      vertex 73.4025 5.58143 1
      vertex 73.5797 5.93417 0
      vertex 73.5797 5.93417 1
    endloop
  endfacet
  facet normal 0.893585 -0.448895 0
    outer loop
      vertex 73.5797 5.93417 0
      vertex 73.4025 5.58143 1
      vertex 73.4025 5.58143 0
    endloop
  endfacet
  facet normal -0.499931 -0.866065 0
    outer loop
      vertex 75.6733 6.56097 0
      vertex 76.0152 6.36361 1
      vertex 75.6733 6.56097 1
    endloop
  endfacet
  facet normal -0.499931 -0.866065 -0
    outer loop
      vertex 76.0152 6.36361 1
      vertex 75.6733 6.56097 0
      vertex 76.0152 6.36361 0
    endloop
  endfacet
  facet normal -0.686249 -0.727367 0
    outer loop
      vertex 76.0152 6.36361 0
      vertex 76.3023 6.09274 1
      vertex 76.0152 6.36361 1
    endloop
  endfacet
  facet normal -0.686249 -0.727367 -0
    outer loop
      vertex 76.3023 6.09274 1
      vertex 76.0152 6.36361 0
      vertex 76.3023 6.09274 0
    endloop
  endfacet
  facet normal 0.893585 0.448895 0
    outer loop
      vertex 73.5797 4.06583 1
      vertex 73.4025 4.41857 0
      vertex 73.4025 4.41857 1
    endloop
  endfacet
  facet normal 0.893585 0.448895 0
    outer loop
      vertex 73.4025 4.41857 0
      vertex 73.5797 4.06583 1
      vertex 73.5797 4.06583 0
    endloop
  endfacet
  facet normal -0.499931 0.866065 0
    outer loop
      vertex 76.0152 3.63639 0
      vertex 75.6733 3.43903 1
      vertex 76.0152 3.63639 1
    endloop
  endfacet
  facet normal -0.499931 0.866065 0
    outer loop
      vertex 75.6733 3.43903 1
      vertex 76.0152 3.63639 0
      vertex 75.6733 3.43903 0
    endloop
  endfacet
  facet normal -0.835487 -0.549509 0
    outer loop
      vertex 76.5192 5.76296 0
      vertex 76.3023 6.09274 1
      vertex 76.3023 6.09274 0
    endloop
  endfacet
  facet normal -0.835487 -0.549509 0
    outer loop
      vertex 76.3023 6.09274 1
      vertex 76.5192 5.76296 0
      vertex 76.5192 5.76296 1
    endloop
  endfacet
  facet normal 0.597159 -0.802123 0
    outer loop
      vertex 73.8334 6.23654 0
      vertex 74.15 6.47224 1
      vertex 73.8334 6.23654 1
    endloop
  endfacet
  facet normal 0.597159 -0.802123 0
    outer loop
      vertex 74.15 6.47224 1
      vertex 73.8334 6.23654 0
      vertex 74.15 6.47224 0
    endloop
  endfacet
  facet normal 0.97306 0.230553 0
    outer loop
      vertex 73.4025 4.41857 1
      vertex 73.3115 4.80264 0
      vertex 73.3115 4.80264 1
    endloop
  endfacet
  facet normal 0.97306 0.230553 0
    outer loop
      vertex 73.3115 4.80264 0
      vertex 73.4025 4.41857 1
      vertex 73.4025 4.41857 0
    endloop
  endfacet
  facet normal 0.97306 -0.230553 0
    outer loop
      vertex 73.3115 5.19736 1
      vertex 73.4025 5.58143 0
      vertex 73.4025 5.58143 1
    endloop
  endfacet
  facet normal 0.97306 -0.230553 0
    outer loop
      vertex 73.4025 5.58143 0
      vertex 73.3115 5.19736 1
      vertex 73.3115 5.19736 0
    endloop
  endfacet
  facet normal 0.396114 0.918201 -0
    outer loop
      vertex 74.5124 3.37142 0
      vertex 74.15 3.52776 1
      vertex 74.5124 3.37142 1
    endloop
  endfacet
  facet normal 0.396114 0.918201 0
    outer loop
      vertex 74.15 3.52776 1
      vertex 74.5124 3.37142 0
      vertex 74.15 3.52776 0
    endloop
  endfacet
  facet normal 0.980813 0.19495 0
    outer loop
      vertex 72.1022 4.22354 3
      vertex 72.0257 4.60842 1
      vertex 72.0257 4.60842 3
    endloop
  endfacet
  facet normal 0.980813 0.19495 0
    outer loop
      vertex 72.0257 4.60842 1
      vertex 72.1022 4.22354 3
      vertex 72.1022 4.22354 1
    endloop
  endfacet
  facet normal 0.831485 -0.555547 0
    outer loop
      vertex 72.4019 6.5 3
      vertex 72.6199 6.82628 1
      vertex 72.6199 6.82628 3
    endloop
  endfacet
  facet normal 0.831485 -0.555547 0
    outer loop
      vertex 72.6199 6.82628 1
      vertex 72.4019 6.5 3
      vertex 72.4019 6.5 1
    endloop
  endfacet
  facet normal -0.980813 -0.19495 0
    outer loop
      vertex 77.9743 5.39158 1
      vertex 77.8978 5.77646 3
      vertex 77.8978 5.77646 1
    endloop
  endfacet
  facet normal -0.980813 -0.19495 0
    outer loop
      vertex 77.8978 5.77646 3
      vertex 77.9743 5.39158 1
      vertex 77.9743 5.39158 3
    endloop
  endfacet
  facet normal -0.997853 0.0654906 0
    outer loop
      vertex 77.9743 4.60842 1
      vertex 78 5 3
      vertex 78 5 1
    endloop
  endfacet
  facet normal -0.997853 0.0654906 0
    outer loop
      vertex 78 5 3
      vertex 77.9743 4.60842 1
      vertex 77.9743 4.60842 3
    endloop
  endfacet
  facet normal -0.751768 0.659428 0
    outer loop
      vertex 77.1213 2.87868 1
      vertex 77.3801 3.17372 3
      vertex 77.3801 3.17372 1
    endloop
  endfacet
  facet normal -0.751768 0.659428 0
    outer loop
      vertex 77.3801 3.17372 3
      vertex 77.1213 2.87868 1
      vertex 77.1213 2.87868 3
    endloop
  endfacet
  facet normal 0.751768 -0.659428 0
    outer loop
      vertex 72.6199 6.82628 3
      vertex 72.8787 7.12132 1
      vertex 72.8787 7.12132 3
    endloop
  endfacet
  facet normal 0.751768 -0.659428 0
    outer loop
      vertex 72.8787 7.12132 1
      vertex 72.6199 6.82628 3
      vertex 72.6199 6.82628 1
    endloop
  endfacet
  facet normal -0.195062 -0.980791 0
    outer loop
      vertex 75.3916 7.97433 1
      vertex 75.7765 7.89778 3
      vertex 75.3916 7.97433 3
    endloop
  endfacet
  facet normal -0.195062 -0.980791 -0
    outer loop
      vertex 75.7765 7.89778 3
      vertex 75.3916 7.97433 1
      vertex 75.7765 7.89778 1
    endloop
  endfacet
  facet normal -0.751768 -0.659428 0
    outer loop
      vertex 77.3801 6.82628 1
      vertex 77.1213 7.12132 3
      vertex 77.1213 7.12132 1
    endloop
  endfacet
  facet normal -0.751768 -0.659428 0
    outer loop
      vertex 77.1213 7.12132 3
      vertex 77.3801 6.82628 1
      vertex 77.3801 6.82628 3
    endloop
  endfacet
  facet normal 0.831485 0.555547 0
    outer loop
      vertex 72.6199 3.17372 3
      vertex 72.4019 3.5 1
      vertex 72.4019 3.5 3
    endloop
  endfacet
  facet normal 0.831485 0.555547 0
    outer loop
      vertex 72.4019 3.5 1
      vertex 72.6199 3.17372 3
      vertex 72.6199 3.17372 1
    endloop
  endfacet
  facet normal 0.555558 0.831477 -0
    outer loop
      vertex 73.5 2.40192 1
      vertex 73.1737 2.61994 3
      vertex 73.5 2.40192 3
    endloop
  endfacet
  facet normal 0.555558 0.831477 0
    outer loop
      vertex 73.1737 2.61994 3
      vertex 73.5 2.40192 1
      vertex 73.1737 2.61994 1
    endloop
  endfacet
  facet normal -0.442233 0.8969 0
    outer loop
      vertex 76.5 2.40192 1
      vertex 76.148 2.22836 3
      vertex 76.5 2.40192 3
    endloop
  endfacet
  facet normal -0.442233 0.8969 0
    outer loop
      vertex 76.148 2.22836 3
      vertex 76.5 2.40192 1
      vertex 76.148 2.22836 1
    endloop
  endfacet
  facet normal 0.946882 -0.321582 0
    outer loop
      vertex 72.1022 5.77646 3
      vertex 72.2284 6.14805 1
      vertex 72.2284 6.14805 3
    endloop
  endfacet
  facet normal 0.946882 -0.321582 0
    outer loop
      vertex 72.2284 6.14805 1
      vertex 72.1022 5.77646 3
      vertex 72.1022 5.77646 1
    endloop
  endfacet
  facet normal 0.442233 0.8969 -0
    outer loop
      vertex 73.852 2.22836 1
      vertex 73.5 2.40192 3
      vertex 73.852 2.22836 3
    endloop
  endfacet
  facet normal 0.442233 0.8969 0
    outer loop
      vertex 73.5 2.40192 3
      vertex 73.852 2.22836 1
      vertex 73.5 2.40192 1
    endloop
  endfacet
  facet normal 0.321514 0.946905 -0
    outer loop
      vertex 74.2235 2.10222 1
      vertex 73.852 2.22836 3
      vertex 74.2235 2.10222 3
    endloop
  endfacet
  facet normal 0.321514 0.946905 0
    outer loop
      vertex 73.852 2.22836 3
      vertex 74.2235 2.10222 1
      vertex 73.852 2.22836 1
    endloop
  endfacet
  facet normal 0.997853 0.0654906 0
    outer loop
      vertex 72.0257 4.60842 3
      vertex 72 5 1
      vertex 72 5 3
    endloop
  endfacet
  facet normal 0.997853 0.0654906 0
    outer loop
      vertex 72 5 1
      vertex 72.0257 4.60842 3
      vertex 72.0257 4.60842 1
    endloop
  endfacet
  facet normal -0.659392 -0.751799 0
    outer loop
      vertex 76.8263 7.38006 1
      vertex 77.1213 7.12132 3
      vertex 76.8263 7.38006 3
    endloop
  endfacet
  facet normal -0.659392 -0.751799 -0
    outer loop
      vertex 77.1213 7.12132 3
      vertex 76.8263 7.38006 1
      vertex 77.1213 7.12132 1
    endloop
  endfacet
  facet normal -0.997853 -0.0654906 0
    outer loop
      vertex 78 5 1
      vertex 77.9743 5.39158 3
      vertex 77.9743 5.39158 1
    endloop
  endfacet
  facet normal -0.997853 -0.0654906 0
    outer loop
      vertex 77.9743 5.39158 3
      vertex 78 5 1
      vertex 78 5 3
    endloop
  endfacet
  facet normal 0.946882 0.321582 0
    outer loop
      vertex 72.2284 3.85195 3
      vertex 72.1022 4.22354 1
      vertex 72.1022 4.22354 3
    endloop
  endfacet
  facet normal 0.946882 0.321582 0
    outer loop
      vertex 72.1022 4.22354 1
      vertex 72.2284 3.85195 3
      vertex 72.2284 3.85195 1
    endloop
  endfacet
  facet normal -0.896936 0.44216 0
    outer loop
      vertex 77.5981 3.5 1
      vertex 77.7716 3.85195 3
      vertex 77.7716 3.85195 1
    endloop
  endfacet
  facet normal -0.896936 0.44216 0
    outer loop
      vertex 77.7716 3.85195 3
      vertex 77.5981 3.5 1
      vertex 77.5981 3.5 3
    endloop
  endfacet
  facet normal 0.896936 -0.44216 0
    outer loop
      vertex 72.2284 6.14805 3
      vertex 72.4019 6.5 1
      vertex 72.4019 6.5 3
    endloop
  endfacet
  facet normal 0.896936 -0.44216 0
    outer loop
      vertex 72.4019 6.5 1
      vertex 72.2284 6.14805 3
      vertex 72.2284 6.14805 1
    endloop
  endfacet
  facet normal 0.0654112 0.997858 -0
    outer loop
      vertex 75 2 1
      vertex 74.6084 2.02567 3
      vertex 75 2 3
    endloop
  endfacet
  facet normal 0.0654112 0.997858 0
    outer loop
      vertex 74.6084 2.02567 3
      vertex 75 2 1
      vertex 74.6084 2.02567 1
    endloop
  endfacet
  facet normal -0.321514 -0.946905 0
    outer loop
      vertex 75.7765 7.89778 1
      vertex 76.148 7.77164 3
      vertex 75.7765 7.89778 3
    endloop
  endfacet
  facet normal -0.321514 -0.946905 -0
    outer loop
      vertex 76.148 7.77164 3
      vertex 75.7765 7.89778 1
      vertex 76.148 7.77164 1
    endloop
  endfacet
  facet normal -0.896936 -0.44216 0
    outer loop
      vertex 77.7716 6.14805 1
      vertex 77.5981 6.5 3
      vertex 77.5981 6.5 1
    endloop
  endfacet
  facet normal -0.896936 -0.44216 0
    outer loop
      vertex 77.5981 6.5 3
      vertex 77.7716 6.14805 1
      vertex 77.7716 6.14805 3
    endloop
  endfacet
  facet normal -0.831485 -0.555547 0
    outer loop
      vertex 77.5981 6.5 1
      vertex 77.3801 6.82628 3
      vertex 77.3801 6.82628 1
    endloop
  endfacet
  facet normal -0.831485 -0.555547 0
    outer loop
      vertex 77.3801 6.82628 3
      vertex 77.5981 6.5 1
      vertex 77.5981 6.5 3
    endloop
  endfacet
  facet normal -0.946882 -0.321582 0
    outer loop
      vertex 77.8978 5.77646 1
      vertex 77.7716 6.14805 3
      vertex 77.7716 6.14805 1
    endloop
  endfacet
  facet normal -0.946882 -0.321582 0
    outer loop
      vertex 77.7716 6.14805 3
      vertex 77.8978 5.77646 1
      vertex 77.8978 5.77646 3
    endloop
  endfacet
  facet normal -0.555558 -0.831477 0
    outer loop
      vertex 76.5 7.59808 1
      vertex 76.8263 7.38006 3
      vertex 76.5 7.59808 3
    endloop
  endfacet
  facet normal -0.555558 -0.831477 -0
    outer loop
      vertex 76.8263 7.38006 3
      vertex 76.5 7.59808 1
      vertex 76.8263 7.38006 1
    endloop
  endfacet
  facet normal 0.195062 -0.980791 0
    outer loop
      vertex 74.2235 7.89778 1
      vertex 74.6084 7.97433 3
      vertex 74.2235 7.89778 3
    endloop
  endfacet
  facet normal 0.195062 -0.980791 0
    outer loop
      vertex 74.6084 7.97433 3
      vertex 74.2235 7.89778 1
      vertex 74.6084 7.97433 1
    endloop
  endfacet
  facet normal -0.321514 0.946905 0
    outer loop
      vertex 76.148 2.22836 1
      vertex 75.7765 2.10222 3
      vertex 76.148 2.22836 3
    endloop
  endfacet
  facet normal -0.321514 0.946905 0
    outer loop
      vertex 75.7765 2.10222 3
      vertex 76.148 2.22836 1
      vertex 75.7765 2.10222 1
    endloop
  endfacet
  facet normal -0.442233 -0.8969 0
    outer loop
      vertex 76.148 7.77164 1
      vertex 76.5 7.59808 3
      vertex 76.148 7.77164 3
    endloop
  endfacet
  facet normal -0.442233 -0.8969 -0
    outer loop
      vertex 76.5 7.59808 3
      vertex 76.148 7.77164 1
      vertex 76.5 7.59808 1
    endloop
  endfacet
  facet normal -0.0654112 0.997858 0
    outer loop
      vertex 75.3916 2.02567 1
      vertex 75 2 3
      vertex 75.3916 2.02567 3
    endloop
  endfacet
  facet normal -0.0654112 0.997858 0
    outer loop
      vertex 75 2 3
      vertex 75.3916 2.02567 1
      vertex 75 2 1
    endloop
  endfacet
  facet normal 0.0654112 -0.997858 0
    outer loop
      vertex 74.6084 7.97433 1
      vertex 75 8 3
      vertex 74.6084 7.97433 3
    endloop
  endfacet
  facet normal 0.0654112 -0.997858 0
    outer loop
      vertex 75 8 3
      vertex 74.6084 7.97433 1
      vertex 75 8 1
    endloop
  endfacet
  facet normal -0.980813 0.19495 0
    outer loop
      vertex 77.8978 4.22354 1
      vertex 77.9743 4.60842 3
      vertex 77.9743 4.60842 1
    endloop
  endfacet
  facet normal -0.980813 0.19495 0
    outer loop
      vertex 77.9743 4.60842 3
      vertex 77.8978 4.22354 1
      vertex 77.8978 4.22354 3
    endloop
  endfacet
  facet normal -0.195062 0.980791 0
    outer loop
      vertex 75.7765 2.10222 1
      vertex 75.3916 2.02567 3
      vertex 75.7765 2.10222 3
    endloop
  endfacet
  facet normal -0.195062 0.980791 0
    outer loop
      vertex 75.3916 2.02567 3
      vertex 75.7765 2.10222 1
      vertex 75.3916 2.02567 1
    endloop
  endfacet
  facet normal 0.442233 -0.8969 0
    outer loop
      vertex 73.5 7.59808 1
      vertex 73.852 7.77164 3
      vertex 73.5 7.59808 3
    endloop
  endfacet
  facet normal 0.442233 -0.8969 0
    outer loop
      vertex 73.852 7.77164 3
      vertex 73.5 7.59808 1
      vertex 73.852 7.77164 1
    endloop
  endfacet
  facet normal -0.659392 0.751799 0
    outer loop
      vertex 77.1213 2.87868 1
      vertex 76.8263 2.61994 3
      vertex 77.1213 2.87868 3
    endloop
  endfacet
  facet normal -0.659392 0.751799 0
    outer loop
      vertex 76.8263 2.61994 3
      vertex 77.1213 2.87868 1
      vertex 76.8263 2.61994 1
    endloop
  endfacet
  facet normal 0.321514 -0.946905 0
    outer loop
      vertex 73.852 7.77164 1
      vertex 74.2235 7.89778 3
      vertex 73.852 7.77164 3
    endloop
  endfacet
  facet normal 0.321514 -0.946905 0
    outer loop
      vertex 74.2235 7.89778 3
      vertex 73.852 7.77164 1
      vertex 74.2235 7.89778 1
    endloop
  endfacet
  facet normal 0.896936 0.44216 0
    outer loop
      vertex 72.4019 3.5 3
      vertex 72.2284 3.85195 1
      vertex 72.2284 3.85195 3
    endloop
  endfacet
  facet normal 0.896936 0.44216 0
    outer loop
      vertex 72.2284 3.85195 1
      vertex 72.4019 3.5 3
      vertex 72.4019 3.5 1
    endloop
  endfacet
  facet normal -0.831485 0.555547 0
    outer loop
      vertex 77.3801 3.17372 1
      vertex 77.5981 3.5 3
      vertex 77.5981 3.5 1
    endloop
  endfacet
  facet normal -0.831485 0.555547 0
    outer loop
      vertex 77.5981 3.5 3
      vertex 77.3801 3.17372 1
      vertex 77.3801 3.17372 3
    endloop
  endfacet
  facet normal -0.0654112 -0.997858 0
    outer loop
      vertex 75 8 1
      vertex 75.3916 7.97433 3
      vertex 75 8 3
    endloop
  endfacet
  facet normal -0.0654112 -0.997858 -0
    outer loop
      vertex 75.3916 7.97433 3
      vertex 75 8 1
      vertex 75.3916 7.97433 1
    endloop
  endfacet
  facet normal 0.555558 -0.831477 0
    outer loop
      vertex 73.1737 7.38006 1
      vertex 73.5 7.59808 3
      vertex 73.1737 7.38006 3
    endloop
  endfacet
  facet normal 0.555558 -0.831477 0
    outer loop
      vertex 73.5 7.59808 3
      vertex 73.1737 7.38006 1
      vertex 73.5 7.59808 1
    endloop
  endfacet
  facet normal -0.946882 0.321582 0
    outer loop
      vertex 77.7716 3.85195 1
      vertex 77.8978 4.22354 3
      vertex 77.8978 4.22354 1
    endloop
  endfacet
  facet normal -0.946882 0.321582 0
    outer loop
      vertex 77.8978 4.22354 3
      vertex 77.7716 3.85195 1
      vertex 77.7716 3.85195 3
    endloop
  endfacet
  facet normal 0.980813 -0.19495 0
    outer loop
      vertex 72.0257 5.39158 3
      vertex 72.1022 5.77646 1
      vertex 72.1022 5.77646 3
    endloop
  endfacet
  facet normal 0.980813 -0.19495 0
    outer loop
      vertex 72.1022 5.77646 1
      vertex 72.0257 5.39158 3
      vertex 72.0257 5.39158 1
    endloop
  endfacet
  facet normal 0.659392 -0.751799 0
    outer loop
      vertex 72.8787 7.12132 1
      vertex 73.1737 7.38006 3
      vertex 72.8787 7.12132 3
    endloop
  endfacet
  facet normal 0.659392 -0.751799 0
    outer loop
      vertex 73.1737 7.38006 3
      vertex 72.8787 7.12132 1
      vertex 73.1737 7.38006 1
    endloop
  endfacet
  facet normal 0.997853 -0.0654906 0
    outer loop
      vertex 72 5 3
      vertex 72.0257 5.39158 1
      vertex 72.0257 5.39158 3
    endloop
  endfacet
  facet normal 0.997853 -0.0654906 0
    outer loop
      vertex 72.0257 5.39158 1
      vertex 72 5 3
      vertex 72 5 1
    endloop
  endfacet
  facet normal 0 0 1
    outer loop
      vertex 76.7 5 1
      vertex 78 5 1
      vertex 77.9743 5.39158 1
    endloop
  endfacet
  facet normal -0 0 1
    outer loop
      vertex 76.6542 5.39205 1
      vertex 77.9743 5.39158 1
      vertex 77.8978 5.77646 1
    endloop
  endfacet
  facet normal 0 0 1
    outer loop
      vertex 78 5 1
      vertex 76.7 5 1
      vertex 77.9743 4.60842 1
    endloop
  endfacet
  facet normal 0 0 1
    outer loop
      vertex 76.6542 5.39205 1
      vertex 77.8978 5.77646 1
      vertex 77.7716 6.14805 1
    endloop
  endfacet
  facet normal 0 0 1
    outer loop
      vertex 76.6542 4.60795 1
      vertex 77.9743 4.60842 1
      vertex 76.7 5 1
    endloop
  endfacet
  facet normal 0 0 1
    outer loop
      vertex 76.5192 5.76296 1
      vertex 77.7716 6.14805 1
      vertex 77.5981 6.5 1
    endloop
  endfacet
  facet normal 0 0 1
    outer loop
      vertex 77.9743 4.60842 1
      vertex 76.6542 4.60795 1
      vertex 77.8978 4.22354 1
    endloop
  endfacet
  facet normal 0 0 1
    outer loop
      vertex 76.3023 6.09274 1
      vertex 77.5981 6.5 1
      vertex 77.3801 6.82628 1
    endloop
  endfacet
  facet normal 0 0 1
    outer loop
      vertex 77.8978 4.22354 1
      vertex 76.6542 4.60795 1
      vertex 77.7716 3.85195 1
    endloop
  endfacet
  facet normal 0 0 1
    outer loop
      vertex 76.3023 6.09274 1
      vertex 77.3801 6.82628 1
      vertex 77.1213 7.12132 1
    endloop
  endfacet
  facet normal -0 0 1
    outer loop
      vertex 76.5192 4.23704 1
      vertex 77.7716 3.85195 1
      vertex 76.6542 4.60795 1
    endloop
  endfacet
  facet normal 0 0 1
    outer loop
      vertex 76.0152 6.36361 1
      vertex 77.1213 7.12132 1
      vertex 76.8263 7.38006 1
    endloop
  endfacet
  facet normal 0 0 1
    outer loop
      vertex 77.7716 3.85195 1
      vertex 76.5192 4.23704 1
      vertex 77.5981 3.5 1
    endloop
  endfacet
  facet normal -0 0 1
    outer loop
      vertex 76.3023 3.90726 1
      vertex 77.5981 3.5 1
      vertex 76.5192 4.23704 1
    endloop
  endfacet
  facet normal 0 0 1
    outer loop
      vertex 77.9743 5.39158 1
      vertex 76.6542 5.39205 1
      vertex 76.7 5 1
    endloop
  endfacet
  facet normal 0 0 1
    outer loop
      vertex 77.7716 6.14805 1
      vertex 76.5192 5.76296 1
      vertex 76.6542 5.39205 1
    endloop
  endfacet
  facet normal 0 0 1
    outer loop
      vertex 76.0152 6.36361 1
      vertex 76.8263 7.38006 1
      vertex 76.5 7.59808 1
    endloop
  endfacet
  facet normal 0 0 1
    outer loop
      vertex 77.5981 6.5 1
      vertex 76.3023 6.09274 1
      vertex 76.5192 5.76296 1
    endloop
  endfacet
  facet normal 0 0 1
    outer loop
      vertex 75.6733 6.56097 1
      vertex 76.5 7.59808 1
      vertex 76.148 7.77164 1
    endloop
  endfacet
  facet normal 0 0 1
    outer loop
      vertex 77.1213 7.12132 1
      vertex 76.0152 6.36361 1
      vertex 76.3023 6.09274 1
    endloop
  endfacet
  facet normal 0 0 1
    outer loop
      vertex 75.6733 6.56097 1
      vertex 76.148 7.77164 1
      vertex 75.7765 7.89778 1
    endloop
  endfacet
  facet normal 0 0 1
    outer loop
      vertex 76.5 7.59808 1
      vertex 75.6733 6.56097 1
      vertex 76.0152 6.36361 1
    endloop
  endfacet
  facet normal 0 0 1
    outer loop
      vertex 75.2952 6.67417 1
      vertex 75.7765 7.89778 1
      vertex 75.3916 7.97433 1
    endloop
  endfacet
  facet normal 0 0 1
    outer loop
      vertex 75.7765 7.89778 1
      vertex 75.2952 6.67417 1
      vertex 75.6733 6.56097 1
    endloop
  endfacet
  facet normal 0 0 1
    outer loop
      vertex 75 8 1
      vertex 75.2952 6.67417 1
      vertex 75.3916 7.97433 1
    endloop
  endfacet
  facet normal 0 0 1
    outer loop
      vertex 75 8 1
      vertex 74.9012 6.69712 1
      vertex 75.2952 6.67417 1
    endloop
  endfacet
  facet normal -0 0 1
    outer loop
      vertex 74.6084 7.97433 1
      vertex 74.9012 6.69712 1
      vertex 75 8 1
    endloop
  endfacet
  facet normal 0 0 1
    outer loop
      vertex 74.6084 7.97433 1
      vertex 74.5124 6.62858 1
      vertex 74.9012 6.69712 1
    endloop
  endfacet
  facet normal -0 0 1
    outer loop
      vertex 74.2235 7.89778 1
      vertex 74.5124 6.62858 1
      vertex 74.6084 7.97433 1
    endloop
  endfacet
  facet normal -0 0 1
    outer loop
      vertex 73.852 7.77164 1
      vertex 74.5124 6.62858 1
      vertex 74.2235 7.89778 1
    endloop
  endfacet
  facet normal 0 0 1
    outer loop
      vertex 74.5124 6.62858 1
      vertex 73.852 7.77164 1
      vertex 74.15 6.47224 1
    endloop
  endfacet
  facet normal -0 0 1
    outer loop
      vertex 73.5 7.59808 1
      vertex 74.15 6.47224 1
      vertex 73.852 7.77164 1
    endloop
  endfacet
  facet normal -0 0 1
    outer loop
      vertex 73.1737 7.38006 1
      vertex 74.15 6.47224 1
      vertex 73.5 7.59808 1
    endloop
  endfacet
  facet normal 0 0 1
    outer loop
      vertex 74.15 6.47224 1
      vertex 73.1737 7.38006 1
      vertex 73.8334 6.23654 1
    endloop
  endfacet
  facet normal -0 0 1
    outer loop
      vertex 72.8787 7.12132 1
      vertex 73.8334 6.23654 1
      vertex 73.1737 7.38006 1
    endloop
  endfacet
  facet normal -0 0 1
    outer loop
      vertex 72.6199 6.82628 1
      vertex 73.8334 6.23654 1
      vertex 72.8787 7.12132 1
    endloop
  endfacet
  facet normal -0 0 1
    outer loop
      vertex 72.4019 6.5 1
      vertex 73.5797 5.93417 1
      vertex 72.6199 6.82628 1
    endloop
  endfacet
  facet normal 0 0 1
    outer loop
      vertex 73.8334 6.23654 1
      vertex 72.6199 6.82628 1
      vertex 73.5797 5.93417 1
    endloop
  endfacet
  facet normal 0 0 1
    outer loop
      vertex 77.5981 3.5 1
      vertex 76.3023 3.90726 1
      vertex 77.3801 3.17372 1
    endloop
  endfacet
  facet normal 0 0 1
    outer loop
      vertex 77.3801 3.17372 1
      vertex 76.3023 3.90726 1
      vertex 77.1213 2.87868 1
    endloop
  endfacet
  facet normal -0 0 1
    outer loop
      vertex 76.0152 3.63639 1
      vertex 77.1213 2.87868 1
      vertex 76.3023 3.90726 1
    endloop
  endfacet
  facet normal 0 0 1
    outer loop
      vertex 77.1213 2.87868 1
      vertex 76.0152 3.63639 1
      vertex 76.8263 2.61994 1
    endloop
  endfacet
  facet normal 0 0 1
    outer loop
      vertex 76.8263 2.61994 1
      vertex 76.0152 3.63639 1
      vertex 76.5 2.40192 1
    endloop
  endfacet
  facet normal -0 0 1
    outer loop
      vertex 75.6733 3.43903 1
      vertex 76.5 2.40192 1
      vertex 76.0152 3.63639 1
    endloop
  endfacet
  facet normal 0 0 1
    outer loop
      vertex 76.5 2.40192 1
      vertex 75.6733 3.43903 1
      vertex 76.148 2.22836 1
    endloop
  endfacet
  facet normal 0 0 1
    outer loop
      vertex 76.148 2.22836 1
      vertex 75.6733 3.43903 1
      vertex 75.7765 2.10222 1
    endloop
  endfacet
  facet normal -0 0 1
    outer loop
      vertex 75.2952 3.32583 1
      vertex 75.7765 2.10222 1
      vertex 75.6733 3.43903 1
    endloop
  endfacet
  facet normal 0 0 1
    outer loop
      vertex 75.7765 2.10222 1
      vertex 75.2952 3.32583 1
      vertex 75.3916 2.02567 1
    endloop
  endfacet
  facet normal 0 0 1
    outer loop
      vertex 75.2952 3.32583 1
      vertex 75 2 1
      vertex 75.3916 2.02567 1
    endloop
  endfacet
  facet normal -0 0 1
    outer loop
      vertex 74.9012 3.30288 1
      vertex 75 2 1
      vertex 75.2952 3.32583 1
    endloop
  endfacet
  facet normal 0 0 1
    outer loop
      vertex 74.9012 3.30288 1
      vertex 74.6084 2.02567 1
      vertex 75 2 1
    endloop
  endfacet
  facet normal 0 0 1
    outer loop
      vertex 74.5124 3.37142 1
      vertex 74.6084 2.02567 1
      vertex 74.9012 3.30288 1
    endloop
  endfacet
  facet normal 0 0 1
    outer loop
      vertex 74.5124 3.37142 1
      vertex 74.2235 2.10222 1
      vertex 74.6084 2.02567 1
    endloop
  endfacet
  facet normal 0 0 1
    outer loop
      vertex 73.852 2.22836 1
      vertex 74.5124 3.37142 1
      vertex 74.15 3.52776 1
    endloop
  endfacet
  facet normal 0 0 1
    outer loop
      vertex 74.5124 3.37142 1
      vertex 73.852 2.22836 1
      vertex 74.2235 2.10222 1
    endloop
  endfacet
  facet normal 0 0 1
    outer loop
      vertex 73.1737 2.61994 1
      vertex 74.15 3.52776 1
      vertex 73.8334 3.76346 1
    endloop
  endfacet
  facet normal 0 0 1
    outer loop
      vertex 72.6199 3.17372 1
      vertex 73.8334 3.76346 1
      vertex 73.5797 4.06583 1
    endloop
  endfacet
  facet normal 0 0 1
    outer loop
      vertex 74.15 3.52776 1
      vertex 73.5 2.40192 1
      vertex 73.852 2.22836 1
    endloop
  endfacet
  facet normal 0 0 1
    outer loop
      vertex 72.4019 3.5 1
      vertex 73.5797 4.06583 1
      vertex 73.4025 4.41857 1
    endloop
  endfacet
  facet normal 0 0 1
    outer loop
      vertex 72.1022 4.22354 1
      vertex 73.4025 4.41857 1
      vertex 73.3115 4.80264 1
    endloop
  endfacet
  facet normal 0 0 1
    outer loop
      vertex 74.15 3.52776 1
      vertex 73.1737 2.61994 1
      vertex 73.5 2.40192 1
    endloop
  endfacet
  facet normal 0 0 1
    outer loop
      vertex 73.5797 5.93417 1
      vertex 72.4019 6.5 1
      vertex 73.4025 5.58143 1
    endloop
  endfacet
  facet normal -0 0 1
    outer loop
      vertex 72.2284 6.14805 1
      vertex 73.4025 5.58143 1
      vertex 72.4019 6.5 1
    endloop
  endfacet
  facet normal 0 0 1
    outer loop
      vertex 73.8334 3.76346 1
      vertex 72.8787 2.87868 1
      vertex 73.1737 2.61994 1
    endloop
  endfacet
  facet normal -0 0 1
    outer loop
      vertex 72.1022 5.77646 1
      vertex 73.4025 5.58143 1
      vertex 72.2284 6.14805 1
    endloop
  endfacet
  facet normal 0 0 1
    outer loop
      vertex 73.8334 3.76346 1
      vertex 72.6199 3.17372 1
      vertex 72.8787 2.87868 1
    endloop
  endfacet
  facet normal 0 0 1
    outer loop
      vertex 73.4025 5.58143 1
      vertex 72.1022 5.77646 1
      vertex 73.3115 5.19736 1
    endloop
  endfacet
  facet normal 0 0 1
    outer loop
      vertex 73.5797 4.06583 1
      vertex 72.4019 3.5 1
      vertex 72.6199 3.17372 1
    endloop
  endfacet
  facet normal -0 0 1
    outer loop
      vertex 72.0257 5.39158 1
      vertex 73.3115 5.19736 1
      vertex 72.1022 5.77646 1
    endloop
  endfacet
  facet normal 0 0 1
    outer loop
      vertex 73.4025 4.41857 1
      vertex 72.2284 3.85195 1
      vertex 72.4019 3.5 1
    endloop
  endfacet
  facet normal 0 0 1
    outer loop
      vertex 72 5 1
      vertex 73.3115 5.19736 1
      vertex 72.0257 5.39158 1
    endloop
  endfacet
  facet normal 0 0 1
    outer loop
      vertex 73.4025 4.41857 1
      vertex 72.1022 4.22354 1
      vertex 72.2284 3.85195 1
    endloop
  endfacet
  facet normal 0 0 1
    outer loop
      vertex 73.3115 5.19736 1
      vertex 72 5 1
      vertex 73.3115 4.80264 1
    endloop
  endfacet
  facet normal 0 0 1
    outer loop
      vertex 73.3115 4.80264 1
      vertex 72.0257 4.60842 1
      vertex 72.1022 4.22354 1
    endloop
  endfacet
  facet normal 0 0 1
    outer loop
      vertex 73.3115 4.80264 1
      vertex 72 5 1
      vertex 72.0257 4.60842 1
    endloop
  endfacet
  facet normal -0.555558 0.831477 0
    outer loop
      vertex 76.8263 2.61994 1
      vertex 76.5 2.40192 3
      vertex 76.8263 2.61994 3
    endloop
  endfacet
  facet normal -0.555558 0.831477 0
    outer loop
      vertex 76.5 2.40192 3
      vertex 76.8263 2.61994 1
      vertex 76.5 2.40192 1
    endloop
  endfacet
  facet normal 0.751768 0.659428 0
    outer loop
      vertex 72.8787 2.87868 3
      vertex 72.6199 3.17372 1
      vertex 72.6199 3.17372 3
    endloop
  endfacet
  facet normal 0.751768 0.659428 0
    outer loop
      vertex 72.6199 3.17372 1
      vertex 72.8787 2.87868 3
      vertex 72.8787 2.87868 1
    endloop
  endfacet
  facet normal 0.659392 0.751799 -0
    outer loop
      vertex 73.1737 2.61994 1
      vertex 72.8787 2.87868 3
      vertex 73.1737 2.61994 3
    endloop
  endfacet
  facet normal 0.659392 0.751799 0
    outer loop
      vertex 72.8787 2.87868 3
      vertex 73.1737 2.61994 1
      vertex 72.8787 2.87868 1
    endloop
  endfacet
  facet normal 0.195062 0.980791 -0
    outer loop
      vertex 74.6084 2.02567 1
      vertex 74.2235 2.10222 3
      vertex 74.6084 2.02567 3
    endloop
  endfacet
  facet normal 0.195062 0.980791 0
    outer loop
      vertex 74.2235 2.10222 3
      vertex 74.6084 2.02567 1
      vertex 74.2235 2.10222 1
    endloop
  endfacet
  facet normal -0.0580239 -0.998315 0
    outer loop
      vertex 74.9012 66.7971 0
      vertex 75.2952 66.7742 1
      vertex 74.9012 66.7971 1
    endloop
  endfacet
  facet normal -0.0580239 -0.998315 -0
    outer loop
      vertex 75.2952 66.7742 1
      vertex 74.9012 66.7971 0
      vertex 75.2952 66.7742 0
    endloop
  endfacet
  facet normal -0.93969 -0.342028 0
    outer loop
      vertex 76.6542 65.4921 0
      vertex 76.5192 65.863 1
      vertex 76.5192 65.863 0
    endloop
  endfacet
  facet normal -0.93969 -0.342028 0
    outer loop
      vertex 76.5192 65.863 1
      vertex 76.6542 65.4921 0
      vertex 76.6542 65.4921 1
    endloop
  endfacet
  facet normal -0.993247 -0.116018 0
    outer loop
      vertex 76.7 65.1 0
      vertex 76.6542 65.4921 1
      vertex 76.6542 65.4921 0
    endloop
  endfacet
  facet normal -0.993247 -0.116018 0
    outer loop
      vertex 76.6542 65.4921 1
      vertex 76.7 65.1 0
      vertex 76.7 65.1 1
    endloop
  endfacet
  facet normal -0.286813 0.957987 0
    outer loop
      vertex 75.6733 63.539 0
      vertex 75.2952 63.4258 1
      vertex 75.6733 63.539 1
    endloop
  endfacet
  facet normal -0.286813 0.957987 0
    outer loop
      vertex 75.2952 63.4258 1
      vertex 75.6733 63.539 0
      vertex 75.2952 63.4258 0
    endloop
  endfacet
  facet normal 1 -0 0
    outer loop
      vertex 73.3115 64.9026 1
      vertex 73.3115 65.2974 0
      vertex 73.3115 65.2974 1
    endloop
  endfacet
  facet normal 1 0 0
    outer loop
      vertex 73.3115 65.2974 0
      vertex 73.3115 64.9026 1
      vertex 73.3115 64.9026 0
    endloop
  endfacet
  facet normal -0.286813 -0.957987 0
    outer loop
      vertex 75.2952 66.7742 0
      vertex 75.6733 66.661 1
      vertex 75.2952 66.7742 1
    endloop
  endfacet
  facet normal -0.286813 -0.957987 -0
    outer loop
      vertex 75.6733 66.661 1
      vertex 75.2952 66.7742 0
      vertex 75.6733 66.661 0
    endloop
  endfacet
  facet normal 0.765994 -0.642847 0
    outer loop
      vertex 73.5797 66.0342 1
      vertex 73.8334 66.3365 0
      vertex 73.8334 66.3365 1
    endloop
  endfacet
  facet normal 0.765994 -0.642847 0
    outer loop
      vertex 73.8334 66.3365 0
      vertex 73.5797 66.0342 1
      vertex 73.5797 66.0342 0
    endloop
  endfacet
  facet normal -0.0580239 0.998315 0
    outer loop
      vertex 75.2952 63.4258 0
      vertex 74.9012 63.4029 1
      vertex 75.2952 63.4258 1
    endloop
  endfacet
  facet normal -0.0580239 0.998315 0
    outer loop
      vertex 74.9012 63.4029 1
      vertex 75.2952 63.4258 0
      vertex 74.9012 63.4029 0
    endloop
  endfacet
  facet normal -0.993244 0.116047 0
    outer loop
      vertex 76.6542 64.708 0
      vertex 76.7 65.1 1
      vertex 76.7 65.1 0
    endloop
  endfacet
  facet normal -0.993244 0.116047 0
    outer loop
      vertex 76.7 65.1 1
      vertex 76.6542 64.708 0
      vertex 76.6542 64.708 1
    endloop
  endfacet
  facet normal -0.686289 0.727329 0
    outer loop
      vertex 76.3023 64.0073 0
      vertex 76.0152 63.7364 1
      vertex 76.3023 64.0073 1
    endloop
  endfacet
  facet normal -0.686289 0.727329 0
    outer loop
      vertex 76.0152 63.7364 1
      vertex 76.3023 64.0073 0
      vertex 76.0152 63.7364 0
    endloop
  endfacet
  facet normal 0.173511 0.984832 -0
    outer loop
      vertex 74.9012 63.4029 0
      vertex 74.5124 63.4714 1
      vertex 74.9012 63.4029 1
    endloop
  endfacet
  facet normal 0.173511 0.984832 0
    outer loop
      vertex 74.5124 63.4714 1
      vertex 74.9012 63.4029 0
      vertex 74.5124 63.4714 0
    endloop
  endfacet
  facet normal 0.396242 -0.918146 0
    outer loop
      vertex 74.15 66.5722 0
      vertex 74.5124 66.7286 1
      vertex 74.15 66.5722 1
    endloop
  endfacet
  facet normal 0.396242 -0.918146 0
    outer loop
      vertex 74.5124 66.7286 1
      vertex 74.15 66.5722 0
      vertex 74.5124 66.7286 0
    endloop
  endfacet
  facet normal 0.765994 0.642847 0
    outer loop
      vertex 73.8334 63.8635 1
      vertex 73.5797 64.1658 0
      vertex 73.5797 64.1658 1
    endloop
  endfacet
  facet normal 0.765994 0.642847 0
    outer loop
      vertex 73.5797 64.1658 0
      vertex 73.8334 63.8635 1
      vertex 73.8334 63.8635 0
    endloop
  endfacet
  facet normal -0.939719 0.341946 0
    outer loop
      vertex 76.5192 64.337 0
      vertex 76.6542 64.708 1
      vertex 76.6542 64.708 0
    endloop
  endfacet
  facet normal -0.939719 0.341946 0
    outer loop
      vertex 76.6542 64.708 1
      vertex 76.5192 64.337 0
      vertex 76.5192 64.337 1
    endloop
  endfacet
  facet normal -0.835426 0.549603 0
    outer loop
      vertex 76.3023 64.0073 0
      vertex 76.5192 64.337 1
      vertex 76.5192 64.337 0
    endloop
  endfacet
  facet normal -0.835426 0.549603 0
    outer loop
      vertex 76.5192 64.337 1
      vertex 76.3023 64.0073 0
      vertex 76.3023 64.0073 1
    endloop
  endfacet
  facet normal 0.597159 0.802123 -0
    outer loop
      vertex 74.15 63.6278 0
      vertex 73.8334 63.8635 1
      vertex 74.15 63.6278 1
    endloop
  endfacet
  facet normal 0.597159 0.802123 0
    outer loop
      vertex 73.8334 63.8635 1
      vertex 74.15 63.6278 0
      vertex 73.8334 63.8635 0
    endloop
  endfacet
  facet normal 0.173511 -0.984832 0
    outer loop
      vertex 74.5124 66.7286 0
      vertex 74.9012 66.7971 1
      vertex 74.5124 66.7286 1
    endloop
  endfacet
  facet normal 0.173511 -0.984832 0
    outer loop
      vertex 74.9012 66.7971 1
      vertex 74.5124 66.7286 0
      vertex 74.9012 66.7971 0
    endloop
  endfacet
  facet normal 0.893615 -0.448834 0
    outer loop
      vertex 73.4025 65.6814 1
      vertex 73.5797 66.0342 0
      vertex 73.5797 66.0342 1
    endloop
  endfacet
  facet normal 0.893615 -0.448834 0
    outer loop
      vertex 73.5797 66.0342 0
      vertex 73.4025 65.6814 1
      vertex 73.4025 65.6814 0
    endloop
  endfacet
  facet normal -0.500007 -0.866021 0
    outer loop
      vertex 75.6733 66.661 0
      vertex 76.0152 66.4636 1
      vertex 75.6733 66.661 1
    endloop
  endfacet
  facet normal -0.500007 -0.866021 -0
    outer loop
      vertex 76.0152 66.4636 1
      vertex 75.6733 66.661 0
      vertex 76.0152 66.4636 0
    endloop
  endfacet
  facet normal -0.686289 -0.727329 0
    outer loop
      vertex 76.0152 66.4636 0
      vertex 76.3023 66.1927 1
      vertex 76.0152 66.4636 1
    endloop
  endfacet
  facet normal -0.686289 -0.727329 -0
    outer loop
      vertex 76.3023 66.1927 1
      vertex 76.0152 66.4636 0
      vertex 76.3023 66.1927 0
    endloop
  endfacet
  facet normal 0.893615 0.448834 0
    outer loop
      vertex 73.5797 64.1658 1
      vertex 73.4025 64.5186 0
      vertex 73.4025 64.5186 1
    endloop
  endfacet
  facet normal 0.893615 0.448834 0
    outer loop
      vertex 73.4025 64.5186 0
      vertex 73.5797 64.1658 1
      vertex 73.5797 64.1658 0
    endloop
  endfacet
  facet normal -0.500007 0.866021 0
    outer loop
      vertex 76.0152 63.7364 0
      vertex 75.6733 63.539 1
      vertex 76.0152 63.7364 1
    endloop
  endfacet
  facet normal -0.500007 0.866021 0
    outer loop
      vertex 75.6733 63.539 1
      vertex 76.0152 63.7364 0
      vertex 75.6733 63.539 0
    endloop
  endfacet
  facet normal -0.835426 -0.549603 0
    outer loop
      vertex 76.5192 65.863 0
      vertex 76.3023 66.1927 1
      vertex 76.3023 66.1927 0
    endloop
  endfacet
  facet normal -0.835426 -0.549603 0
    outer loop
      vertex 76.3023 66.1927 1
      vertex 76.5192 65.863 0
      vertex 76.5192 65.863 1
    endloop
  endfacet
  facet normal 0.597159 -0.802123 0
    outer loop
      vertex 73.8334 66.3365 0
      vertex 74.15 66.5722 1
      vertex 73.8334 66.3365 1
    endloop
  endfacet
  facet normal 0.597159 -0.802123 0
    outer loop
      vertex 74.15 66.5722 1
      vertex 73.8334 66.3365 0
      vertex 74.15 66.5722 0
    endloop
  endfacet
  facet normal 0.97305 0.230593 0
    outer loop
      vertex 73.4025 64.5186 1
      vertex 73.3115 64.9026 0
      vertex 73.3115 64.9026 1
    endloop
  endfacet
  facet normal 0.97305 0.230593 0
    outer loop
      vertex 73.3115 64.9026 0
      vertex 73.4025 64.5186 1
      vertex 73.4025 64.5186 0
    endloop
  endfacet
  facet normal 0.97305 -0.230593 0
    outer loop
      vertex 73.3115 65.2974 1
      vertex 73.4025 65.6814 0
      vertex 73.4025 65.6814 1
    endloop
  endfacet
  facet normal 0.97305 -0.230593 0
    outer loop
      vertex 73.4025 65.6814 0
      vertex 73.3115 65.2974 1
      vertex 73.3115 65.2974 0
    endloop
  endfacet
  facet normal 0.396242 0.918146 -0
    outer loop
      vertex 74.5124 63.4714 0
      vertex 74.15 63.6278 1
      vertex 74.5124 63.4714 1
    endloop
  endfacet
  facet normal 0.396242 0.918146 0
    outer loop
      vertex 74.15 63.6278 1
      vertex 74.5124 63.4714 0
      vertex 74.15 63.6278 0
    endloop
  endfacet
  facet normal 0.980815 0.19494 0
    outer loop
      vertex 72.1022 64.3235 3
      vertex 72.0257 64.7084 1
      vertex 72.0257 64.7084 3
    endloop
  endfacet
  facet normal 0.980815 0.19494 0
    outer loop
      vertex 72.0257 64.7084 1
      vertex 72.1022 64.3235 3
      vertex 72.1022 64.3235 1
    endloop
  endfacet
  facet normal 0.831501 -0.555523 0
    outer loop
      vertex 72.4019 66.6 3
      vertex 72.6199 66.9263 1
      vertex 72.6199 66.9263 3
    endloop
  endfacet
  facet normal 0.831501 -0.555523 0
    outer loop
      vertex 72.6199 66.9263 1
      vertex 72.4019 66.6 3
      vertex 72.4019 66.6 1
    endloop
  endfacet
  facet normal -0.980815 -0.19494 0
    outer loop
      vertex 77.9743 65.4916 1
      vertex 77.8978 65.8765 3
      vertex 77.8978 65.8765 1
    endloop
  endfacet
  facet normal -0.980815 -0.19494 0
    outer loop
      vertex 77.8978 65.8765 3
      vertex 77.9743 65.4916 1
      vertex 77.9743 65.4916 3
    endloop
  endfacet
  facet normal -0.997853 0.0654873 0
    outer loop
      vertex 77.9743 64.7084 1
      vertex 78 65.1 3
      vertex 78 65.1 1
    endloop
  endfacet
  facet normal -0.997853 0.0654873 0
    outer loop
      vertex 78 65.1 3
      vertex 77.9743 64.7084 1
      vertex 77.9743 64.7084 3
    endloop
  endfacet
  facet normal -0.751724 0.659478 0
    outer loop
      vertex 77.1213 62.9787 1
      vertex 77.3801 63.2737 3
      vertex 77.3801 63.2737 1
    endloop
  endfacet
  facet normal -0.751724 0.659478 0
    outer loop
      vertex 77.3801 63.2737 3
      vertex 77.1213 62.9787 1
      vertex 77.1213 62.9787 3
    endloop
  endfacet
  facet normal 0.751724 -0.659478 0
    outer loop
      vertex 72.6199 66.9263 3
      vertex 72.8787 67.2213 1
      vertex 72.8787 67.2213 3
    endloop
  endfacet
  facet normal 0.751724 -0.659478 0
    outer loop
      vertex 72.8787 67.2213 1
      vertex 72.6199 66.9263 3
      vertex 72.6199 66.9263 1
    endloop
  endfacet
  facet normal -0.19494 -0.980815 0
    outer loop
      vertex 75.3916 68.0743 1
      vertex 75.7765 67.9978 3
      vertex 75.3916 68.0743 3
    endloop
  endfacet
  facet normal -0.19494 -0.980815 -0
    outer loop
      vertex 75.7765 67.9978 3
      vertex 75.3916 68.0743 1
      vertex 75.7765 67.9978 1
    endloop
  endfacet
  facet normal -0.751724 -0.659478 0
    outer loop
      vertex 77.3801 66.9263 1
      vertex 77.1213 67.2213 3
      vertex 77.1213 67.2213 1
    endloop
  endfacet
  facet normal -0.751724 -0.659478 0
    outer loop
      vertex 77.1213 67.2213 3
      vertex 77.3801 66.9263 1
      vertex 77.3801 66.9263 3
    endloop
  endfacet
  facet normal 0.831501 0.555523 0
    outer loop
      vertex 72.6199 63.2737 3
      vertex 72.4019 63.6 1
      vertex 72.4019 63.6 3
    endloop
  endfacet
  facet normal 0.831501 0.555523 0
    outer loop
      vertex 72.4019 63.6 1
      vertex 72.6199 63.2737 3
      vertex 72.6199 63.2737 1
    endloop
  endfacet
  facet normal 0.555523 0.831501 -0
    outer loop
      vertex 73.5 62.5019 1
      vertex 73.1737 62.7199 3
      vertex 73.5 62.5019 3
    endloop
  endfacet
  facet normal 0.555523 0.831501 0
    outer loop
      vertex 73.1737 62.7199 3
      vertex 73.5 62.5019 1
      vertex 73.1737 62.7199 1
    endloop
  endfacet
  facet normal -0.44211 0.896961 0
    outer loop
      vertex 76.5 62.5019 1
      vertex 76.148 62.3284 3
      vertex 76.5 62.5019 3
    endloop
  endfacet
  facet normal -0.44211 0.896961 0
    outer loop
      vertex 76.148 62.3284 3
      vertex 76.5 62.5019 1
      vertex 76.148 62.3284 1
    endloop
  endfacet
  facet normal 0.946858 -0.321651 0
    outer loop
      vertex 72.1022 65.8765 3
      vertex 72.2284 66.248 1
      vertex 72.2284 66.248 3
    endloop
  endfacet
  facet normal 0.946858 -0.321651 0
    outer loop
      vertex 72.2284 66.248 1
      vertex 72.1022 65.8765 3
      vertex 72.1022 65.8765 1
    endloop
  endfacet
  facet normal 0.44211 0.896961 -0
    outer loop
      vertex 73.852 62.3284 1
      vertex 73.5 62.5019 3
      vertex 73.852 62.3284 3
    endloop
  endfacet
  facet normal 0.44211 0.896961 0
    outer loop
      vertex 73.5 62.5019 3
      vertex 73.852 62.3284 1
      vertex 73.5 62.5019 1
    endloop
  endfacet
  facet normal 0.321651 0.946858 -0
    outer loop
      vertex 74.2235 62.2022 1
      vertex 73.852 62.3284 3
      vertex 74.2235 62.2022 3
    endloop
  endfacet
  facet normal 0.321651 0.946858 0
    outer loop
      vertex 73.852 62.3284 3
      vertex 74.2235 62.2022 1
      vertex 73.852 62.3284 1
    endloop
  endfacet
  facet normal 0.997853 0.0654873 0
    outer loop
      vertex 72.0257 64.7084 3
      vertex 72 65.1 1
      vertex 72 65.1 3
    endloop
  endfacet
  facet normal 0.997853 0.0654873 0
    outer loop
      vertex 72 65.1 1
      vertex 72.0257 64.7084 3
      vertex 72.0257 64.7084 1
    endloop
  endfacet
  facet normal -0.659478 -0.751724 0
    outer loop
      vertex 76.8263 67.4801 1
      vertex 77.1213 67.2213 3
      vertex 76.8263 67.4801 3
    endloop
  endfacet
  facet normal -0.659478 -0.751724 -0
    outer loop
      vertex 77.1213 67.2213 3
      vertex 76.8263 67.4801 1
      vertex 77.1213 67.2213 1
    endloop
  endfacet
  facet normal -0.997853 -0.0654873 0
    outer loop
      vertex 78 65.1 1
      vertex 77.9743 65.4916 3
      vertex 77.9743 65.4916 1
    endloop
  endfacet
  facet normal -0.997853 -0.0654873 0
    outer loop
      vertex 77.9743 65.4916 3
      vertex 78 65.1 1
      vertex 78 65.1 3
    endloop
  endfacet
  facet normal 0.946858 0.321651 0
    outer loop
      vertex 72.2284 63.952 3
      vertex 72.1022 64.3235 1
      vertex 72.1022 64.3235 3
    endloop
  endfacet
  facet normal 0.946858 0.321651 0
    outer loop
      vertex 72.1022 64.3235 1
      vertex 72.2284 63.952 3
      vertex 72.2284 63.952 1
    endloop
  endfacet
  facet normal -0.896961 0.44211 0
    outer loop
      vertex 77.5981 63.6 1
      vertex 77.7716 63.952 3
      vertex 77.7716 63.952 1
    endloop
  endfacet
  facet normal -0.896961 0.44211 0
    outer loop
      vertex 77.7716 63.952 3
      vertex 77.5981 63.6 1
      vertex 77.5981 63.6 3
    endloop
  endfacet
  facet normal 0.896961 -0.44211 0
    outer loop
      vertex 72.2284 66.248 3
      vertex 72.4019 66.6 1
      vertex 72.4019 66.6 3
    endloop
  endfacet
  facet normal 0.896961 -0.44211 0
    outer loop
      vertex 72.4019 66.6 1
      vertex 72.2284 66.248 3
      vertex 72.2284 66.248 1
    endloop
  endfacet
  facet normal 0.0654873 0.997853 -0
    outer loop
      vertex 75 62.1 1
      vertex 74.6084 62.1257 3
      vertex 75 62.1 3
    endloop
  endfacet
  facet normal 0.0654873 0.997853 0
    outer loop
      vertex 74.6084 62.1257 3
      vertex 75 62.1 1
      vertex 74.6084 62.1257 1
    endloop
  endfacet
  facet normal -0.321651 -0.946858 0
    outer loop
      vertex 75.7765 67.9978 1
      vertex 76.148 67.8716 3
      vertex 75.7765 67.9978 3
    endloop
  endfacet
  facet normal -0.321651 -0.946858 -0
    outer loop
      vertex 76.148 67.8716 3
      vertex 75.7765 67.9978 1
      vertex 76.148 67.8716 1
    endloop
  endfacet
  facet normal -0.896961 -0.44211 0
    outer loop
      vertex 77.7716 66.248 1
      vertex 77.5981 66.6 3
      vertex 77.5981 66.6 1
    endloop
  endfacet
  facet normal -0.896961 -0.44211 0
    outer loop
      vertex 77.5981 66.6 3
      vertex 77.7716 66.248 1
      vertex 77.7716 66.248 3
    endloop
  endfacet
  facet normal -0.831501 -0.555523 0
    outer loop
      vertex 77.5981 66.6 1
      vertex 77.3801 66.9263 3
      vertex 77.3801 66.9263 1
    endloop
  endfacet
  facet normal -0.831501 -0.555523 0
    outer loop
      vertex 77.3801 66.9263 3
      vertex 77.5981 66.6 1
      vertex 77.5981 66.6 3
    endloop
  endfacet
  facet normal -0.946858 -0.321651 0
    outer loop
      vertex 77.8978 65.8765 1
      vertex 77.7716 66.248 3
      vertex 77.7716 66.248 1
    endloop
  endfacet
  facet normal -0.946858 -0.321651 0
    outer loop
      vertex 77.7716 66.248 3
      vertex 77.8978 65.8765 1
      vertex 77.8978 65.8765 3
    endloop
  endfacet
  facet normal -0.555523 -0.831501 0
    outer loop
      vertex 76.5 67.6981 1
      vertex 76.8263 67.4801 3
      vertex 76.5 67.6981 3
    endloop
  endfacet
  facet normal -0.555523 -0.831501 -0
    outer loop
      vertex 76.8263 67.4801 3
      vertex 76.5 67.6981 1
      vertex 76.8263 67.4801 1
    endloop
  endfacet
  facet normal 0.19494 -0.980815 0
    outer loop
      vertex 74.2235 67.9978 1
      vertex 74.6084 68.0743 3
      vertex 74.2235 67.9978 3
    endloop
  endfacet
  facet normal 0.19494 -0.980815 0
    outer loop
      vertex 74.6084 68.0743 3
      vertex 74.2235 67.9978 1
      vertex 74.6084 68.0743 1
    endloop
  endfacet
  facet normal -0.321651 0.946858 0
    outer loop
      vertex 76.148 62.3284 1
      vertex 75.7765 62.2022 3
      vertex 76.148 62.3284 3
    endloop
  endfacet
  facet normal -0.321651 0.946858 0
    outer loop
      vertex 75.7765 62.2022 3
      vertex 76.148 62.3284 1
      vertex 75.7765 62.2022 1
    endloop
  endfacet
  facet normal -0.44211 -0.896961 0
    outer loop
      vertex 76.148 67.8716 1
      vertex 76.5 67.6981 3
      vertex 76.148 67.8716 3
    endloop
  endfacet
  facet normal -0.44211 -0.896961 -0
    outer loop
      vertex 76.5 67.6981 3
      vertex 76.148 67.8716 1
      vertex 76.5 67.6981 1
    endloop
  endfacet
  facet normal -0.0654873 0.997853 0
    outer loop
      vertex 75.3916 62.1257 1
      vertex 75 62.1 3
      vertex 75.3916 62.1257 3
    endloop
  endfacet
  facet normal -0.0654873 0.997853 0
    outer loop
      vertex 75 62.1 3
      vertex 75.3916 62.1257 1
      vertex 75 62.1 1
    endloop
  endfacet
  facet normal 0.0654873 -0.997853 0
    outer loop
      vertex 74.6084 68.0743 1
      vertex 75 68.1 3
      vertex 74.6084 68.0743 3
    endloop
  endfacet
  facet normal 0.0654873 -0.997853 0
    outer loop
      vertex 75 68.1 3
      vertex 74.6084 68.0743 1
      vertex 75 68.1 1
    endloop
  endfacet
  facet normal -0.980815 0.19494 0
    outer loop
      vertex 77.8978 64.3235 1
      vertex 77.9743 64.7084 3
      vertex 77.9743 64.7084 1
    endloop
  endfacet
  facet normal -0.980815 0.19494 0
    outer loop
      vertex 77.9743 64.7084 3
      vertex 77.8978 64.3235 1
      vertex 77.8978 64.3235 3
    endloop
  endfacet
  facet normal -0.19494 0.980815 0
    outer loop
      vertex 75.7765 62.2022 1
      vertex 75.3916 62.1257 3
      vertex 75.7765 62.2022 3
    endloop
  endfacet
  facet normal -0.19494 0.980815 0
    outer loop
      vertex 75.3916 62.1257 3
      vertex 75.7765 62.2022 1
      vertex 75.3916 62.1257 1
    endloop
  endfacet
  facet normal 0.44211 -0.896961 0
    outer loop
      vertex 73.5 67.6981 1
      vertex 73.852 67.8716 3
      vertex 73.5 67.6981 3
    endloop
  endfacet
  facet normal 0.44211 -0.896961 0
    outer loop
      vertex 73.852 67.8716 3
      vertex 73.5 67.6981 1
      vertex 73.852 67.8716 1
    endloop
  endfacet
  facet normal -0.659478 0.751724 0
    outer loop
      vertex 77.1213 62.9787 1
      vertex 76.8263 62.7199 3
      vertex 77.1213 62.9787 3
    endloop
  endfacet
  facet normal -0.659478 0.751724 0
    outer loop
      vertex 76.8263 62.7199 3
      vertex 77.1213 62.9787 1
      vertex 76.8263 62.7199 1
    endloop
  endfacet
  facet normal 0.321651 -0.946858 0
    outer loop
      vertex 73.852 67.8716 1
      vertex 74.2235 67.9978 3
      vertex 73.852 67.8716 3
    endloop
  endfacet
  facet normal 0.321651 -0.946858 0
    outer loop
      vertex 74.2235 67.9978 3
      vertex 73.852 67.8716 1
      vertex 74.2235 67.9978 1
    endloop
  endfacet
  facet normal 0.896961 0.44211 0
    outer loop
      vertex 72.4019 63.6 3
      vertex 72.2284 63.952 1
      vertex 72.2284 63.952 3
    endloop
  endfacet
  facet normal 0.896961 0.44211 0
    outer loop
      vertex 72.2284 63.952 1
      vertex 72.4019 63.6 3
      vertex 72.4019 63.6 1
    endloop
  endfacet
  facet normal -0.831501 0.555523 0
    outer loop
      vertex 77.3801 63.2737 1
      vertex 77.5981 63.6 3
      vertex 77.5981 63.6 1
    endloop
  endfacet
  facet normal -0.831501 0.555523 0
    outer loop
      vertex 77.5981 63.6 3
      vertex 77.3801 63.2737 1
      vertex 77.3801 63.2737 3
    endloop
  endfacet
  facet normal -0.0654873 -0.997853 0
    outer loop
      vertex 75 68.1 1
      vertex 75.3916 68.0743 3
      vertex 75 68.1 3
    endloop
  endfacet
  facet normal -0.0654873 -0.997853 -0
    outer loop
      vertex 75.3916 68.0743 3
      vertex 75 68.1 1
      vertex 75.3916 68.0743 1
    endloop
  endfacet
  facet normal 0.555523 -0.831501 0
    outer loop
      vertex 73.1737 67.4801 1
      vertex 73.5 67.6981 3
      vertex 73.1737 67.4801 3
    endloop
  endfacet
  facet normal 0.555523 -0.831501 0
    outer loop
      vertex 73.5 67.6981 3
      vertex 73.1737 67.4801 1
      vertex 73.5 67.6981 1
    endloop
  endfacet
  facet normal -0.946858 0.321651 0
    outer loop
      vertex 77.7716 63.952 1
      vertex 77.8978 64.3235 3
      vertex 77.8978 64.3235 1
    endloop
  endfacet
  facet normal -0.946858 0.321651 0
    outer loop
      vertex 77.8978 64.3235 3
      vertex 77.7716 63.952 1
      vertex 77.7716 63.952 3
    endloop
  endfacet
  facet normal 0.980815 -0.19494 0
    outer loop
      vertex 72.0257 65.4916 3
      vertex 72.1022 65.8765 1
      vertex 72.1022 65.8765 3
    endloop
  endfacet
  facet normal 0.980815 -0.19494 0
    outer loop
      vertex 72.1022 65.8765 1
      vertex 72.0257 65.4916 3
      vertex 72.0257 65.4916 1
    endloop
  endfacet
  facet normal 0.659478 -0.751724 0
    outer loop
      vertex 72.8787 67.2213 1
      vertex 73.1737 67.4801 3
      vertex 72.8787 67.2213 3
    endloop
  endfacet
  facet normal 0.659478 -0.751724 0
    outer loop
      vertex 73.1737 67.4801 3
      vertex 72.8787 67.2213 1
      vertex 73.1737 67.4801 1
    endloop
  endfacet
  facet normal 0.997853 -0.0654873 0
    outer loop
      vertex 72 65.1 3
      vertex 72.0257 65.4916 1
      vertex 72.0257 65.4916 3
    endloop
  endfacet
  facet normal 0.997853 -0.0654873 0
    outer loop
      vertex 72.0257 65.4916 1
      vertex 72 65.1 3
      vertex 72 65.1 1
    endloop
  endfacet
  facet normal 0 0 1
    outer loop
      vertex 76.7 65.1 1
      vertex 78 65.1 1
      vertex 77.9743 65.4916 1
    endloop
  endfacet
  facet normal -0 0 1
    outer loop
      vertex 76.6542 65.4921 1
      vertex 77.9743 65.4916 1
      vertex 77.8978 65.8765 1
    endloop
  endfacet
  facet normal 0 0 1
    outer loop
      vertex 78 65.1 1
      vertex 76.7 65.1 1
      vertex 77.9743 64.7084 1
    endloop
  endfacet
  facet normal 0 0 1
    outer loop
      vertex 76.6542 65.4921 1
      vertex 77.8978 65.8765 1
      vertex 77.7716 66.248 1
    endloop
  endfacet
  facet normal 0 0 1
    outer loop
      vertex 76.6542 64.708 1
      vertex 77.9743 64.7084 1
      vertex 76.7 65.1 1
    endloop
  endfacet
  facet normal 0 0 1
    outer loop
      vertex 76.5192 65.863 1
      vertex 77.7716 66.248 1
      vertex 77.5981 66.6 1
    endloop
  endfacet
  facet normal 0 0 1
    outer loop
      vertex 77.9743 64.7084 1
      vertex 76.6542 64.708 1
      vertex 77.8978 64.3235 1
    endloop
  endfacet
  facet normal 0 0 1
    outer loop
      vertex 76.3023 66.1927 1
      vertex 77.5981 66.6 1
      vertex 77.3801 66.9263 1
    endloop
  endfacet
  facet normal 0 0 1
    outer loop
      vertex 77.8978 64.3235 1
      vertex 76.6542 64.708 1
      vertex 77.7716 63.952 1
    endloop
  endfacet
  facet normal 0 0 1
    outer loop
      vertex 76.3023 66.1927 1
      vertex 77.3801 66.9263 1
      vertex 77.1213 67.2213 1
    endloop
  endfacet
  facet normal -0 0 1
    outer loop
      vertex 76.5192 64.337 1
      vertex 77.7716 63.952 1
      vertex 76.6542 64.708 1
    endloop
  endfacet
  facet normal 0 0 1
    outer loop
      vertex 76.0152 66.4636 1
      vertex 77.1213 67.2213 1
      vertex 76.8263 67.4801 1
    endloop
  endfacet
  facet normal 0 0 1
    outer loop
      vertex 77.7716 63.952 1
      vertex 76.5192 64.337 1
      vertex 77.5981 63.6 1
    endloop
  endfacet
  facet normal -0 0 1
    outer loop
      vertex 76.3023 64.0073 1
      vertex 77.5981 63.6 1
      vertex 76.5192 64.337 1
    endloop
  endfacet
  facet normal 0 0 1
    outer loop
      vertex 77.9743 65.4916 1
      vertex 76.6542 65.4921 1
      vertex 76.7 65.1 1
    endloop
  endfacet
  facet normal 0 0 1
    outer loop
      vertex 77.7716 66.248 1
      vertex 76.5192 65.863 1
      vertex 76.6542 65.4921 1
    endloop
  endfacet
  facet normal 0 0 1
    outer loop
      vertex 76.0152 66.4636 1
      vertex 76.8263 67.4801 1
      vertex 76.5 67.6981 1
    endloop
  endfacet
  facet normal 0 0 1
    outer loop
      vertex 77.5981 66.6 1
      vertex 76.3023 66.1927 1
      vertex 76.5192 65.863 1
    endloop
  endfacet
  facet normal 0 0 1
    outer loop
      vertex 75.6733 66.661 1
      vertex 76.5 67.6981 1
      vertex 76.148 67.8716 1
    endloop
  endfacet
  facet normal 0 0 1
    outer loop
      vertex 77.1213 67.2213 1
      vertex 76.0152 66.4636 1
      vertex 76.3023 66.1927 1
    endloop
  endfacet
  facet normal 0 0 1
    outer loop
      vertex 75.6733 66.661 1
      vertex 76.148 67.8716 1
      vertex 75.7765 67.9978 1
    endloop
  endfacet
  facet normal 0 0 1
    outer loop
      vertex 76.5 67.6981 1
      vertex 75.6733 66.661 1
      vertex 76.0152 66.4636 1
    endloop
  endfacet
  facet normal 0 0 1
    outer loop
      vertex 75.2952 66.7742 1
      vertex 75.7765 67.9978 1
      vertex 75.3916 68.0743 1
    endloop
  endfacet
  facet normal 0 0 1
    outer loop
      vertex 75.7765 67.9978 1
      vertex 75.2952 66.7742 1
      vertex 75.6733 66.661 1
    endloop
  endfacet
  facet normal 0 0 1
    outer loop
      vertex 75 68.1 1
      vertex 75.2952 66.7742 1
      vertex 75.3916 68.0743 1
    endloop
  endfacet
  facet normal 0 0 1
    outer loop
      vertex 75 68.1 1
      vertex 74.9012 66.7971 1
      vertex 75.2952 66.7742 1
    endloop
  endfacet
  facet normal -0 0 1
    outer loop
      vertex 74.6084 68.0743 1
      vertex 74.9012 66.7971 1
      vertex 75 68.1 1
    endloop
  endfacet
  facet normal 0 0 1
    outer loop
      vertex 74.6084 68.0743 1
      vertex 74.5124 66.7286 1
      vertex 74.9012 66.7971 1
    endloop
  endfacet
  facet normal -0 0 1
    outer loop
      vertex 74.2235 67.9978 1
      vertex 74.5124 66.7286 1
      vertex 74.6084 68.0743 1
    endloop
  endfacet
  facet normal -0 0 1
    outer loop
      vertex 73.852 67.8716 1
      vertex 74.5124 66.7286 1
      vertex 74.2235 67.9978 1
    endloop
  endfacet
  facet normal 0 0 1
    outer loop
      vertex 74.5124 66.7286 1
      vertex 73.852 67.8716 1
      vertex 74.15 66.5722 1
    endloop
  endfacet
  facet normal -0 0 1
    outer loop
      vertex 73.5 67.6981 1
      vertex 74.15 66.5722 1
      vertex 73.852 67.8716 1
    endloop
  endfacet
  facet normal -0 0 1
    outer loop
      vertex 73.1737 67.4801 1
      vertex 74.15 66.5722 1
      vertex 73.5 67.6981 1
    endloop
  endfacet
  facet normal 0 0 1
    outer loop
      vertex 74.15 66.5722 1
      vertex 73.1737 67.4801 1
      vertex 73.8334 66.3365 1
    endloop
  endfacet
  facet normal -0 0 1
    outer loop
      vertex 72.8787 67.2213 1
      vertex 73.8334 66.3365 1
      vertex 73.1737 67.4801 1
    endloop
  endfacet
  facet normal -0 0 1
    outer loop
      vertex 72.6199 66.9263 1
      vertex 73.8334 66.3365 1
      vertex 72.8787 67.2213 1
    endloop
  endfacet
  facet normal -0 0 1
    outer loop
      vertex 72.4019 66.6 1
      vertex 73.5797 66.0342 1
      vertex 72.6199 66.9263 1
    endloop
  endfacet
  facet normal 0 0 1
    outer loop
      vertex 73.8334 66.3365 1
      vertex 72.6199 66.9263 1
      vertex 73.5797 66.0342 1
    endloop
  endfacet
  facet normal 0 0 1
    outer loop
      vertex 77.5981 63.6 1
      vertex 76.3023 64.0073 1
      vertex 77.3801 63.2737 1
    endloop
  endfacet
  facet normal 0 0 1
    outer loop
      vertex 77.3801 63.2737 1
      vertex 76.3023 64.0073 1
      vertex 77.1213 62.9787 1
    endloop
  endfacet
  facet normal -0 0 1
    outer loop
      vertex 76.0152 63.7364 1
      vertex 77.1213 62.9787 1
      vertex 76.3023 64.0073 1
    endloop
  endfacet
  facet normal 0 0 1
    outer loop
      vertex 77.1213 62.9787 1
      vertex 76.0152 63.7364 1
      vertex 76.8263 62.7199 1
    endloop
  endfacet
  facet normal 0 0 1
    outer loop
      vertex 76.8263 62.7199 1
      vertex 76.0152 63.7364 1
      vertex 76.5 62.5019 1
    endloop
  endfacet
  facet normal -0 0 1
    outer loop
      vertex 75.6733 63.539 1
      vertex 76.5 62.5019 1
      vertex 76.0152 63.7364 1
    endloop
  endfacet
  facet normal 0 0 1
    outer loop
      vertex 76.5 62.5019 1
      vertex 75.6733 63.539 1
      vertex 76.148 62.3284 1
    endloop
  endfacet
  facet normal 0 0 1
    outer loop
      vertex 76.148 62.3284 1
      vertex 75.6733 63.539 1
      vertex 75.7765 62.2022 1
    endloop
  endfacet
  facet normal -0 0 1
    outer loop
      vertex 75.2952 63.4258 1
      vertex 75.7765 62.2022 1
      vertex 75.6733 63.539 1
    endloop
  endfacet
  facet normal 0 0 1
    outer loop
      vertex 75.7765 62.2022 1
      vertex 75.2952 63.4258 1
      vertex 75.3916 62.1257 1
    endloop
  endfacet
  facet normal 0 0 1
    outer loop
      vertex 75.2952 63.4258 1
      vertex 75 62.1 1
      vertex 75.3916 62.1257 1
    endloop
  endfacet
  facet normal -0 0 1
    outer loop
      vertex 74.9012 63.4029 1
      vertex 75 62.1 1
      vertex 75.2952 63.4258 1
    endloop
  endfacet
  facet normal 0 0 1
    outer loop
      vertex 74.9012 63.4029 1
      vertex 74.6084 62.1257 1
      vertex 75 62.1 1
    endloop
  endfacet
  facet normal 0 0 1
    outer loop
      vertex 74.5124 63.4714 1
      vertex 74.6084 62.1257 1
      vertex 74.9012 63.4029 1
    endloop
  endfacet
  facet normal 0 0 1
    outer loop
      vertex 74.5124 63.4714 1
      vertex 74.2235 62.2022 1
      vertex 74.6084 62.1257 1
    endloop
  endfacet
  facet normal 0 0 1
    outer loop
      vertex 73.852 62.3284 1
      vertex 74.5124 63.4714 1
      vertex 74.15 63.6278 1
    endloop
  endfacet
  facet normal 0 0 1
    outer loop
      vertex 74.5124 63.4714 1
      vertex 73.852 62.3284 1
      vertex 74.2235 62.2022 1
    endloop
  endfacet
  facet normal 0 0 1
    outer loop
      vertex 73.1737 62.7199 1
      vertex 74.15 63.6278 1
      vertex 73.8334 63.8635 1
    endloop
  endfacet
  facet normal 0 0 1
    outer loop
      vertex 72.6199 63.2737 1
      vertex 73.8334 63.8635 1
      vertex 73.5797 64.1658 1
    endloop
  endfacet
  facet normal 0 0 1
    outer loop
      vertex 74.15 63.6278 1
      vertex 73.5 62.5019 1
      vertex 73.852 62.3284 1
    endloop
  endfacet
  facet normal 0 0 1
    outer loop
      vertex 72.4019 63.6 1
      vertex 73.5797 64.1658 1
      vertex 73.4025 64.5186 1
    endloop
  endfacet
  facet normal 0 0 1
    outer loop
      vertex 72.1022 64.3235 1
      vertex 73.4025 64.5186 1
      vertex 73.3115 64.9026 1
    endloop
  endfacet
  facet normal 0 0 1
    outer loop
      vertex 74.15 63.6278 1
      vertex 73.1737 62.7199 1
      vertex 73.5 62.5019 1
    endloop
  endfacet
  facet normal 0 0 1
    outer loop
      vertex 73.5797 66.0342 1
      vertex 72.4019 66.6 1
      vertex 73.4025 65.6814 1
    endloop
  endfacet
  facet normal -0 0 1
    outer loop
      vertex 72.2284 66.248 1
      vertex 73.4025 65.6814 1
      vertex 72.4019 66.6 1
    endloop
  endfacet
  facet normal 0 0 1
    outer loop
      vertex 73.8334 63.8635 1
      vertex 72.8787 62.9787 1
      vertex 73.1737 62.7199 1
    endloop
  endfacet
  facet normal -0 0 1
    outer loop
      vertex 72.1022 65.8765 1
      vertex 73.4025 65.6814 1
      vertex 72.2284 66.248 1
    endloop
  endfacet
  facet normal 0 0 1
    outer loop
      vertex 73.8334 63.8635 1
      vertex 72.6199 63.2737 1
      vertex 72.8787 62.9787 1
    endloop
  endfacet
  facet normal 0 0 1
    outer loop
      vertex 73.4025 65.6814 1
      vertex 72.1022 65.8765 1
      vertex 73.3115 65.2974 1
    endloop
  endfacet
  facet normal 0 0 1
    outer loop
      vertex 73.5797 64.1658 1
      vertex 72.4019 63.6 1
      vertex 72.6199 63.2737 1
    endloop
  endfacet
  facet normal -0 0 1
    outer loop
      vertex 72.0257 65.4916 1
      vertex 73.3115 65.2974 1
      vertex 72.1022 65.8765 1
    endloop
  endfacet
  facet normal 0 0 1
    outer loop
      vertex 73.4025 64.5186 1
      vertex 72.2284 63.952 1
      vertex 72.4019 63.6 1
    endloop
  endfacet
  facet normal 0 0 1
    outer loop
      vertex 72 65.1 1
      vertex 73.3115 65.2974 1
      vertex 72.0257 65.4916 1
    endloop
  endfacet
  facet normal 0 0 1
    outer loop
      vertex 73.4025 64.5186 1
      vertex 72.1022 64.3235 1
      vertex 72.2284 63.952 1
    endloop
  endfacet
  facet normal 0 0 1
    outer loop
      vertex 73.3115 65.2974 1
      vertex 72 65.1 1
      vertex 73.3115 64.9026 1
    endloop
  endfacet
  facet normal 0 0 1
    outer loop
      vertex 73.3115 64.9026 1
      vertex 72.0257 64.7084 1
      vertex 72.1022 64.3235 1
    endloop
  endfacet
  facet normal 0 0 1
    outer loop
      vertex 73.3115 64.9026 1
      vertex 72 65.1 1
      vertex 72.0257 64.7084 1
    endloop
  endfacet
  facet normal -0.555523 0.831501 0
    outer loop
      vertex 76.8263 62.7199 1
      vertex 76.5 62.5019 3
      vertex 76.8263 62.7199 3
    endloop
  endfacet
  facet normal -0.555523 0.831501 0
    outer loop
      vertex 76.5 62.5019 3
      vertex 76.8263 62.7199 1
      vertex 76.5 62.5019 1
    endloop
  endfacet
  facet normal 0.751724 0.659478 0
    outer loop
      vertex 72.8787 62.9787 3
      vertex 72.6199 63.2737 1
      vertex 72.6199 63.2737 3
    endloop
  endfacet
  facet normal 0.751724 0.659478 0
    outer loop
      vertex 72.6199 63.2737 1
      vertex 72.8787 62.9787 3
      vertex 72.8787 62.9787 1
    endloop
  endfacet
  facet normal 0.659478 0.751724 -0
    outer loop
      vertex 73.1737 62.7199 1
      vertex 72.8787 62.9787 3
      vertex 73.1737 62.7199 3
    endloop
  endfacet
  facet normal 0.659478 0.751724 0
    outer loop
      vertex 72.8787 62.9787 3
      vertex 73.1737 62.7199 1
      vertex 72.8787 62.9787 1
    endloop
  endfacet
  facet normal 0.19494 0.980815 -0
    outer loop
      vertex 74.6084 62.1257 1
      vertex 74.2235 62.2022 3
      vertex 74.6084 62.1257 3
    endloop
  endfacet
  facet normal 0.19494 0.980815 0
    outer loop
      vertex 74.2235 62.2022 3
      vertex 74.6084 62.1257 1
      vertex 74.2235 62.2022 1
    endloop
  endfacet
  facet normal -0.290248 0.956951 0
    outer loop
      vertex 19.7654 39.6522 0
      vertex 19.3902 39.5384 3
      vertex 19.7654 39.6522 3
    endloop
  endfacet
  facet normal -0.290248 0.956951 0
    outer loop
      vertex 19.3902 39.5384 3
      vertex 19.7654 39.6522 0
      vertex 19.3902 39.5384 0
    endloop
  endfacet
  facet normal -0.956951 -0.290248 0
    outer loop
      vertex 20.9616 41.8902 0
      vertex 20.8478 42.2654 3
      vertex 20.8478 42.2654 0
    endloop
  endfacet
  facet normal -0.956951 -0.290248 0
    outer loop
      vertex 20.8478 42.2654 3
      vertex 20.9616 41.8902 0
      vertex 20.9616 41.8902 3
    endloop
  endfacet
  facet normal -0.995193 -0.097938 0
    outer loop
      vertex 21 41.5 0
      vertex 20.9616 41.8902 3
      vertex 20.9616 41.8902 0
    endloop
  endfacet
  facet normal -0.995193 -0.097938 0
    outer loop
      vertex 20.9616 41.8902 3
      vertex 21 41.5 0
      vertex 21 41.5 3
    endloop
  endfacet
  facet normal -0.881795 -0.471634 0
    outer loop
      vertex 20.8478 42.2654 0
      vertex 20.6629 42.6111 3
      vertex 20.6629 42.6111 0
    endloop
  endfacet
  facet normal -0.881795 -0.471634 0
    outer loop
      vertex 20.6629 42.6111 3
      vertex 20.8478 42.2654 0
      vertex 20.8478 42.2654 3
    endloop
  endfacet
  facet normal 0.881795 0.471634 0
    outer loop
      vertex 17.3371 40.3889 3
      vertex 17.1522 40.7346 0
      vertex 17.1522 40.7346 3
    endloop
  endfacet
  facet normal 0.881795 0.471634 0
    outer loop
      vertex 17.1522 40.7346 0
      vertex 17.3371 40.3889 3
      vertex 17.3371 40.3889 0
    endloop
  endfacet
  facet normal -0.290248 -0.956951 0
    outer loop
      vertex 19.3902 43.4616 0
      vertex 19.7654 43.3478 3
      vertex 19.3902 43.4616 3
    endloop
  endfacet
  facet normal -0.290248 -0.956951 -0
    outer loop
      vertex 19.7654 43.3478 3
      vertex 19.3902 43.4616 0
      vertex 19.7654 43.3478 0
    endloop
  endfacet
  facet normal 0.097938 -0.995193 0
    outer loop
      vertex 18.6098 43.4616 0
      vertex 19 43.5 3
      vertex 18.6098 43.4616 3
    endloop
  endfacet
  facet normal 0.097938 -0.995193 0
    outer loop
      vertex 19 43.5 3
      vertex 18.6098 43.4616 0
      vertex 19 43.5 0
    endloop
  endfacet
  facet normal 0.471634 0.881795 -0
    outer loop
      vertex 18.2346 39.6522 0
      vertex 17.8889 39.8371 3
      vertex 18.2346 39.6522 3
    endloop
  endfacet
  facet normal 0.471634 0.881795 0
    outer loop
      vertex 17.8889 39.8371 3
      vertex 18.2346 39.6522 0
      vertex 17.8889 39.8371 0
    endloop
  endfacet
  facet normal 0.471634 -0.881795 0
    outer loop
      vertex 17.8889 43.1629 0
      vertex 18.2346 43.3478 3
      vertex 17.8889 43.1629 3
    endloop
  endfacet
  facet normal 0.471634 -0.881795 0
    outer loop
      vertex 18.2346 43.3478 3
      vertex 17.8889 43.1629 0
      vertex 18.2346 43.3478 0
    endloop
  endfacet
  facet normal -0.471634 0.881795 0
    outer loop
      vertex 20.1111 39.8371 0
      vertex 19.7654 39.6522 3
      vertex 20.1111 39.8371 3
    endloop
  endfacet
  facet normal -0.471634 0.881795 0
    outer loop
      vertex 19.7654 39.6522 3
      vertex 20.1111 39.8371 0
      vertex 19.7654 39.6522 0
    endloop
  endfacet
  facet normal 0.77307 -0.634321 0
    outer loop
      vertex 17.3371 42.6111 3
      vertex 17.5858 42.9142 0
      vertex 17.5858 42.9142 3
    endloop
  endfacet
  facet normal 0.77307 -0.634321 0
    outer loop
      vertex 17.5858 42.9142 0
      vertex 17.3371 42.6111 3
      vertex 17.3371 42.6111 0
    endloop
  endfacet
  facet normal -0.77307 -0.634321 0
    outer loop
      vertex 20.6629 42.6111 0
      vertex 20.4142 42.9142 3
      vertex 20.4142 42.9142 0
    endloop
  endfacet
  facet normal -0.77307 -0.634321 0
    outer loop
      vertex 20.4142 42.9142 3
      vertex 20.6629 42.6111 0
      vertex 20.6629 42.6111 3
    endloop
  endfacet
  facet normal -0.77307 0.634321 0
    outer loop
      vertex 20.4142 40.0858 0
      vertex 20.6629 40.3889 3
      vertex 20.6629 40.3889 0
    endloop
  endfacet
  facet normal -0.77307 0.634321 0
    outer loop
      vertex 20.6629 40.3889 3
      vertex 20.4142 40.0858 0
      vertex 20.4142 40.0858 3
    endloop
  endfacet
  facet normal 0.097938 0.995193 -0
    outer loop
      vertex 19 39.5 0
      vertex 18.6098 39.5384 3
      vertex 19 39.5 3
    endloop
  endfacet
  facet normal 0.097938 0.995193 0
    outer loop
      vertex 18.6098 39.5384 3
      vertex 19 39.5 0
      vertex 18.6098 39.5384 0
    endloop
  endfacet
  facet normal 0.290248 -0.956951 0
    outer loop
      vertex 18.2346 43.3478 0
      vertex 18.6098 43.4616 3
      vertex 18.2346 43.3478 3
    endloop
  endfacet
  facet normal 0.290248 -0.956951 0
    outer loop
      vertex 18.6098 43.4616 3
      vertex 18.2346 43.3478 0
      vertex 18.6098 43.4616 0
    endloop
  endfacet
  facet normal -0.634321 0.77307 0
    outer loop
      vertex 20.4142 40.0858 0
      vertex 20.1111 39.8371 3
      vertex 20.4142 40.0858 3
    endloop
  endfacet
  facet normal -0.634321 0.77307 0
    outer loop
      vertex 20.1111 39.8371 3
      vertex 20.4142 40.0858 0
      vertex 20.1111 39.8371 0
    endloop
  endfacet
  facet normal -0.995193 0.097938 0
    outer loop
      vertex 20.9616 41.1098 0
      vertex 21 41.5 3
      vertex 21 41.5 0
    endloop
  endfacet
  facet normal -0.995193 0.097938 0
    outer loop
      vertex 21 41.5 3
      vertex 20.9616 41.1098 0
      vertex 20.9616 41.1098 3
    endloop
  endfacet
  facet normal 0.290248 0.956951 -0
    outer loop
      vertex 18.6098 39.5384 0
      vertex 18.2346 39.6522 3
      vertex 18.6098 39.5384 3
    endloop
  endfacet
  facet normal 0.290248 0.956951 0
    outer loop
      vertex 18.2346 39.6522 3
      vertex 18.6098 39.5384 0
      vertex 18.2346 39.6522 0
    endloop
  endfacet
  facet normal -0.956951 0.290248 0
    outer loop
      vertex 20.8478 40.7346 0
      vertex 20.9616 41.1098 3
      vertex 20.9616 41.1098 0
    endloop
  endfacet
  facet normal -0.956951 0.290248 0
    outer loop
      vertex 20.9616 41.1098 3
      vertex 20.8478 40.7346 0
      vertex 20.8478 40.7346 3
    endloop
  endfacet
  facet normal 0.956951 0.290248 0
    outer loop
      vertex 17.1522 40.7346 3
      vertex 17.0384 41.1098 0
      vertex 17.0384 41.1098 3
    endloop
  endfacet
  facet normal 0.956951 0.290248 0
    outer loop
      vertex 17.0384 41.1098 0
      vertex 17.1522 40.7346 3
      vertex 17.1522 40.7346 0
    endloop
  endfacet
  facet normal -0.881795 0.471634 0
    outer loop
      vertex 20.6629 40.3889 0
      vertex 20.8478 40.7346 3
      vertex 20.8478 40.7346 0
    endloop
  endfacet
  facet normal -0.881795 0.471634 0
    outer loop
      vertex 20.8478 40.7346 3
      vertex 20.6629 40.3889 0
      vertex 20.6629 40.3889 3
    endloop
  endfacet
  facet normal 0.995193 -0.097938 0
    outer loop
      vertex 17 41.5 3
      vertex 17.0384 41.8902 0
      vertex 17.0384 41.8902 3
    endloop
  endfacet
  facet normal 0.995193 -0.097938 0
    outer loop
      vertex 17.0384 41.8902 0
      vertex 17 41.5 3
      vertex 17 41.5 0
    endloop
  endfacet
  facet normal -0.097938 -0.995193 0
    outer loop
      vertex 19 43.5 0
      vertex 19.3902 43.4616 3
      vertex 19 43.5 3
    endloop
  endfacet
  facet normal -0.097938 -0.995193 -0
    outer loop
      vertex 19.3902 43.4616 3
      vertex 19 43.5 0
      vertex 19.3902 43.4616 0
    endloop
  endfacet
  facet normal 0.634321 -0.77307 0
    outer loop
      vertex 17.5858 42.9142 0
      vertex 17.8889 43.1629 3
      vertex 17.5858 42.9142 3
    endloop
  endfacet
  facet normal 0.634321 -0.77307 0
    outer loop
      vertex 17.8889 43.1629 3
      vertex 17.5858 42.9142 0
      vertex 17.8889 43.1629 0
    endloop
  endfacet
  facet normal -0.634321 -0.77307 0
    outer loop
      vertex 20.1111 43.1629 0
      vertex 20.4142 42.9142 3
      vertex 20.1111 43.1629 3
    endloop
  endfacet
  facet normal -0.634321 -0.77307 -0
    outer loop
      vertex 20.4142 42.9142 3
      vertex 20.1111 43.1629 0
      vertex 20.4142 42.9142 0
    endloop
  endfacet
  facet normal -0.097938 0.995193 0
    outer loop
      vertex 19.3902 39.5384 0
      vertex 19 39.5 3
      vertex 19.3902 39.5384 3
    endloop
  endfacet
  facet normal -0.097938 0.995193 0
    outer loop
      vertex 19 39.5 3
      vertex 19.3902 39.5384 0
      vertex 19 39.5 0
    endloop
  endfacet
  facet normal -0.471634 -0.881795 0
    outer loop
      vertex 19.7654 43.3478 0
      vertex 20.1111 43.1629 3
      vertex 19.7654 43.3478 3
    endloop
  endfacet
  facet normal -0.471634 -0.881795 -0
    outer loop
      vertex 20.1111 43.1629 3
      vertex 19.7654 43.3478 0
      vertex 20.1111 43.1629 0
    endloop
  endfacet
  facet normal 0.77307 0.634321 0
    outer loop
      vertex 17.5858 40.0858 3
      vertex 17.3371 40.3889 0
      vertex 17.3371 40.3889 3
    endloop
  endfacet
  facet normal 0.77307 0.634321 0
    outer loop
      vertex 17.3371 40.3889 0
      vertex 17.5858 40.0858 3
      vertex 17.5858 40.0858 0
    endloop
  endfacet
  facet normal 0.634321 0.77307 -0
    outer loop
      vertex 17.8889 39.8371 0
      vertex 17.5858 40.0858 3
      vertex 17.8889 39.8371 3
    endloop
  endfacet
  facet normal 0.634321 0.77307 0
    outer loop
      vertex 17.5858 40.0858 3
      vertex 17.8889 39.8371 0
      vertex 17.5858 40.0858 0
    endloop
  endfacet
  facet normal 0.956951 -0.290248 0
    outer loop
      vertex 17.0384 41.8902 3
      vertex 17.1522 42.2654 0
      vertex 17.1522 42.2654 3
    endloop
  endfacet
  facet normal 0.956951 -0.290248 0
    outer loop
      vertex 17.1522 42.2654 0
      vertex 17.0384 41.8902 3
      vertex 17.0384 41.8902 0
    endloop
  endfacet
  facet normal 0.881795 -0.471634 0
    outer loop
      vertex 17.1522 42.2654 3
      vertex 17.3371 42.6111 0
      vertex 17.3371 42.6111 3
    endloop
  endfacet
  facet normal 0.881795 -0.471634 0
    outer loop
      vertex 17.3371 42.6111 0
      vertex 17.1522 42.2654 3
      vertex 17.1522 42.2654 0
    endloop
  endfacet
  facet normal 0.995193 0.097938 0
    outer loop
      vertex 17.0384 41.1098 3
      vertex 17 41.5 0
      vertex 17 41.5 3
    endloop
  endfacet
  facet normal 0.995193 0.097938 0
    outer loop
      vertex 17 41.5 0
      vertex 17.0384 41.1098 3
      vertex 17.0384 41.1098 0
    endloop
  endfacet
endsolid OpenSCAD_Model
