solid OpenSCAD_Model
  facet normal 1 0 0
    outer loop
      vertex 80 51.3603 15.6052
      vertex 80 70.1 25
      vertex 80 51.3984 16.0006
    endloop
  endfacet
  facet normal 1 0 0
    outer loop
      vertex 80 70.1 25
      vertex 80 51.3857 16.3977
      vertex 80 51.3984 16.0006
    endloop
  endfacet
  facet normal 1 0 0
    outer loop
      vertex 80 70.1 25
      vertex 80 51.3223 16.7898
      vertex 80 51.3857 16.3977
    endloop
  endfacet
  facet normal 1 0 0
    outer loop
      vertex 80 70.1 25
      vertex 80 51.2093 17.1706
      vertex 80 51.3223 16.7898
    endloop
  endfacet
  facet normal 1 0 0
    outer loop
      vertex 80 70.1 25
      vertex 80 51.0485 17.5339
      vertex 80 51.2093 17.1706
    endloop
  endfacet
  facet normal 1 0 0
    outer loop
      vertex 80 70.1 25
      vertex 80 50.8425 17.8736
      vertex 80 51.0485 17.5339
    endloop
  endfacet
  facet normal 1 0 0
    outer loop
      vertex 80 70.1 25
      vertex 80 50.5949 18.1841
      vertex 80 50.8425 17.8736
    endloop
  endfacet
  facet normal 1 0 0
    outer loop
      vertex 80 70.1 25
      vertex 80 50.3095 18.4605
      vertex 80 50.5949 18.1841
    endloop
  endfacet
  facet normal 1 0 0
    outer loop
      vertex 80 70.1 25
      vertex 80 49.9912 18.6981
      vertex 80 50.3095 18.4605
    endloop
  endfacet
  facet normal 1 0 0
    outer loop
      vertex 80 70.1 25
      vertex 80 49.645 18.893
      vertex 80 49.9912 18.6981
    endloop
  endfacet
  facet normal 1 0 0
    outer loop
      vertex 80 70.1 25
      vertex 80 49.2768 19.0421
      vertex 80 49.645 18.893
    endloop
  endfacet
  facet normal 1 0 0
    outer loop
      vertex 80 70.1 25
      vertex 80 48.8926 19.1428
      vertex 80 49.2768 19.0421
    endloop
  endfacet
  facet normal 1 0 0
    outer loop
      vertex 80 70.1 25
      vertex 80 48.4986 19.1936
      vertex 80 48.8926 19.1428
    endloop
  endfacet
  facet normal 1 0 0
    outer loop
      vertex 80 70.1 25
      vertex 80 48.1014 19.1936
      vertex 80 48.4986 19.1936
    endloop
  endfacet
  facet normal 1 0 0
    outer loop
      vertex 80 70.1 25
      vertex 80 47.7074 19.1428
      vertex 80 48.1014 19.1936
    endloop
  endfacet
  facet normal 1 0 0
    outer loop
      vertex 80 45.2143 16.3977
      vertex 80 0 25
      vertex 80 45.2016 16.0006
    endloop
  endfacet
  facet normal 1 0 0
    outer loop
      vertex 80 45.2777 16.7898
      vertex 80 0 25
      vertex 80 45.2143 16.3977
    endloop
  endfacet
  facet normal 1 0 0
    outer loop
      vertex 80 45.3907 17.1706
      vertex 80 0 25
      vertex 80 45.2777 16.7898
    endloop
  endfacet
  facet normal 1 0 0
    outer loop
      vertex 80 45.5515 17.5339
      vertex 80 0 25
      vertex 80 45.3907 17.1706
    endloop
  endfacet
  facet normal 1 0 0
    outer loop
      vertex 80 45.7575 17.8736
      vertex 80 0 25
      vertex 80 45.5515 17.5339
    endloop
  endfacet
  facet normal 1 0 0
    outer loop
      vertex 80 46.0051 18.1841
      vertex 80 0 25
      vertex 80 45.7575 17.8736
    endloop
  endfacet
  facet normal 1 0 0
    outer loop
      vertex 80 46.2905 18.4605
      vertex 80 0 25
      vertex 80 46.0051 18.1841
    endloop
  endfacet
  facet normal 1 0 0
    outer loop
      vertex 80 46.6088 18.6981
      vertex 80 0 25
      vertex 80 46.2905 18.4605
    endloop
  endfacet
  facet normal 1 0 0
    outer loop
      vertex 80 46.955 18.893
      vertex 80 0 25
      vertex 80 46.6088 18.6981
    endloop
  endfacet
  facet normal 1 0 0
    outer loop
      vertex 80 47.3232 19.0421
      vertex 80 0 25
      vertex 80 46.955 18.893
    endloop
  endfacet
  facet normal 1 0 0
    outer loop
      vertex 80 47.7074 19.1428
      vertex 80 0 25
      vertex 80 47.3232 19.0421
    endloop
  endfacet
  facet normal 1 -0 0
    outer loop
      vertex 80 0 25
      vertex 80 47.7074 19.1428
      vertex 80 70.1 25
    endloop
  endfacet
  facet normal 1 0 0
    outer loop
      vertex 80 70.1 25
      vertex 80 51.3603 15.6052
      vertex 80 70.1 0
    endloop
  endfacet
  facet normal 1 -0 0
    outer loop
      vertex 80 51.2719 15.218
      vertex 80 70.1 0
      vertex 80 51.3603 15.6052
    endloop
  endfacet
  facet normal 1 -0 0
    outer loop
      vertex 80 51.1347 14.8452
      vertex 80 70.1 0
      vertex 80 51.2719 15.218
    endloop
  endfacet
  facet normal 1 -0 0
    outer loop
      vertex 80 50.9509 14.493
      vertex 80 70.1 0
      vertex 80 51.1347 14.8452
    endloop
  endfacet
  facet normal 1 -0 0
    outer loop
      vertex 80 50.7237 14.1672
      vertex 80 70.1 0
      vertex 80 50.9509 14.493
    endloop
  endfacet
  facet normal 1 -0 0
    outer loop
      vertex 80 50.4566 13.8731
      vertex 80 70.1 0
      vertex 80 50.7237 14.1672
    endloop
  endfacet
  facet normal 1 -0 0
    outer loop
      vertex 80 50.1541 13.6156
      vertex 80 70.1 0
      vertex 80 50.4566 13.8731
    endloop
  endfacet
  facet normal 1 -0 0
    outer loop
      vertex 80 49.8212 13.3989
      vertex 80 70.1 0
      vertex 80 50.1541 13.6156
    endloop
  endfacet
  facet normal 1 -0 0
    outer loop
      vertex 80 49.4633 13.2266
      vertex 80 70.1 0
      vertex 80 49.8212 13.3989
    endloop
  endfacet
  facet normal 1 -0 0
    outer loop
      vertex 80 49.0863 13.1014
      vertex 80 70.1 0
      vertex 80 49.4633 13.2266
    endloop
  endfacet
  facet normal 1 -0 0
    outer loop
      vertex 80 48.6964 13.0255
      vertex 80 70.1 0
      vertex 80 49.0863 13.1014
    endloop
  endfacet
  facet normal 1 -0 0
    outer loop
      vertex 80 48.3 13
      vertex 80 70.1 0
      vertex 80 48.6964 13.0255
    endloop
  endfacet
  facet normal 1 0 0
    outer loop
      vertex 80 47.9036 13.0255
      vertex 80 70.1 0
      vertex 80 48.3 13
    endloop
  endfacet
  facet normal 1 0 0
    outer loop
      vertex 80 47.5137 13.1014
      vertex 80 70.1 0
      vertex 80 47.9036 13.0255
    endloop
  endfacet
  facet normal 1 0 0
    outer loop
      vertex 80 0 0
      vertex 80 47.5137 13.1014
      vertex 80 47.1367 13.2266
    endloop
  endfacet
  facet normal 1 0 0
    outer loop
      vertex 80 0 0
      vertex 80 47.1367 13.2266
      vertex 80 46.7788 13.3989
    endloop
  endfacet
  facet normal 1 0 0
    outer loop
      vertex 80 0 25
      vertex 80 45.2397 15.6052
      vertex 80 45.2016 16.0006
    endloop
  endfacet
  facet normal 1 0 0
    outer loop
      vertex 80 0 0
      vertex 80 45.2397 15.6052
      vertex 80 0 25
    endloop
  endfacet
  facet normal 1 0 0
    outer loop
      vertex 80 45.2397 15.6052
      vertex 80 0 0
      vertex 80 45.3281 15.218
    endloop
  endfacet
  facet normal 1 0 0
    outer loop
      vertex 80 45.3281 15.218
      vertex 80 0 0
      vertex 80 45.4653 14.8452
    endloop
  endfacet
  facet normal 1 0 0
    outer loop
      vertex 80 45.4653 14.8452
      vertex 80 0 0
      vertex 80 45.6491 14.493
    endloop
  endfacet
  facet normal 1 0 0
    outer loop
      vertex 80 45.6491 14.493
      vertex 80 0 0
      vertex 80 45.8763 14.1672
    endloop
  endfacet
  facet normal 1 0 0
    outer loop
      vertex 80 45.8763 14.1672
      vertex 80 0 0
      vertex 80 46.1434 13.8731
    endloop
  endfacet
  facet normal 1 0 0
    outer loop
      vertex 80 46.1434 13.8731
      vertex 80 0 0
      vertex 80 46.4459 13.6156
    endloop
  endfacet
  facet normal 1 0 0
    outer loop
      vertex 80 46.4459 13.6156
      vertex 80 0 0
      vertex 80 46.7788 13.3989
    endloop
  endfacet
  facet normal 1 0 0
    outer loop
      vertex 80 47.5137 13.1014
      vertex 80 0 0
      vertex 80 70.1 0
    endloop
  endfacet
  facet normal 0 0 1
    outer loop
      vertex 3 38.3 25
      vertex 0 38.3 25
      vertex 3 7.8703 25
    endloop
  endfacet
  facet normal 0 0 1
    outer loop
      vertex 6.25 5 25
      vertex 8.5 5 25
      vertex 8.47719 5.39897 25
    endloop
  endfacet
  facet normal 0 0 1
    outer loop
      vertex 6.18882 5.38627 25
      vertex 8.47719 5.39897 25
      vertex 8.40904 5.79274 25
    endloop
  endfacet
  facet normal 0 0 1
    outer loop
      vertex 8.5 5 25
      vertex 6.25 5 25
      vertex 8.47719 4.60103 25
    endloop
  endfacet
  facet normal 0 0 1
    outer loop
      vertex 6.18882 5.38627 25
      vertex 8.40904 5.79274 25
      vertex 8.29645 6.17617 25
    endloop
  endfacet
  facet normal -0 0 1
    outer loop
      vertex 6.18882 4.61373 25
      vertex 8.47719 4.60103 25
      vertex 6.25 5 25
    endloop
  endfacet
  facet normal 0 0 1
    outer loop
      vertex 6.18882 5.38627 25
      vertex 8.29645 6.17617 25
      vertex 8.14089 6.54427 25
    endloop
  endfacet
  facet normal 0 0 1
    outer loop
      vertex 8.47719 4.60103 25
      vertex 6.18882 4.61373 25
      vertex 8.40904 4.20726 25
    endloop
  endfacet
  facet normal 0 0 1
    outer loop
      vertex 6.18882 5.38627 25
      vertex 8.14089 6.54427 25
      vertex 7.94439 6.89224 25
    endloop
  endfacet
  facet normal 0 0 1
    outer loop
      vertex 8.40904 4.20726 25
      vertex 6.18882 4.61373 25
      vertex 8.29645 3.82383 25
    endloop
  endfacet
  facet normal 0 0 1
    outer loop
      vertex 8.29645 3.82383 25
      vertex 6.18882 4.61373 25
      vertex 8.14089 3.45573 25
    endloop
  endfacet
  facet normal 0 0 1
    outer loop
      vertex 6.18882 5.38627 25
      vertex 7.94439 6.89224 25
      vertex 7.7095 7.21554 25
    endloop
  endfacet
  facet normal -0 0 1
    outer loop
      vertex 71.6418 5.98606 25
      vertex 73.8112 5.38627 25
      vertex 71.7761 6.36244 25
    endloop
  endfacet
  facet normal 0 0 1
    outer loop
      vertex 73.75 5 25
      vertex 71.9524 3.27894 25
      vertex 72.1317 3 25
    endloop
  endfacet
  facet normal -0 0 1
    outer loop
      vertex 71.5513 5.59683 25
      vertex 73.8112 5.38627 25
      vertex 71.6418 5.98606 25
    endloop
  endfacet
  facet normal 0 0 1
    outer loop
      vertex 73.75 5 25
      vertex 71.7761 3.63756 25
      vertex 71.9524 3.27894 25
    endloop
  endfacet
  facet normal 0 0 1
    outer loop
      vertex 73.8112 5.38627 25
      vertex 71.5513 5.59683 25
      vertex 73.75 5 25
    endloop
  endfacet
  facet normal 0 0 1
    outer loop
      vertex 73.75 5 25
      vertex 71.6418 4.01394 25
      vertex 71.7761 3.63756 25
    endloop
  endfacet
  facet normal -0 0 1
    outer loop
      vertex 71.5057 5.19981 25
      vertex 73.75 5 25
      vertex 71.5513 5.59683 25
    endloop
  endfacet
  facet normal 0 0 1
    outer loop
      vertex 73.75 5 25
      vertex 71.5513 4.40317 25
      vertex 71.6418 4.01394 25
    endloop
  endfacet
  facet normal 0 0 1
    outer loop
      vertex 71.5057 4.80019 25
      vertex 73.75 5 25
      vertex 71.5057 5.19981 25
    endloop
  endfacet
  facet normal 0 0 1
    outer loop
      vertex 73.75 5 25
      vertex 71.5057 4.80019 25
      vertex 71.5513 4.40317 25
    endloop
  endfacet
  facet normal -0 0 1
    outer loop
      vertex 71.6418 66.0861 25
      vertex 73.8112 65.4863 25
      vertex 71.7761 66.4624 25
    endloop
  endfacet
  facet normal 0 0 1
    outer loop
      vertex 73.75 65.1 25
      vertex 71.9524 63.3789 25
      vertex 72.1684 63.0428 25
    endloop
  endfacet
  facet normal -0 0 1
    outer loop
      vertex 71.5513 65.6968 25
      vertex 73.8112 65.4863 25
      vertex 71.6418 66.0861 25
    endloop
  endfacet
  facet normal 0 0 1
    outer loop
      vertex 73.75 65.1 25
      vertex 71.7761 63.7376 25
      vertex 71.9524 63.3789 25
    endloop
  endfacet
  facet normal 0 0 1
    outer loop
      vertex 73.8112 65.4863 25
      vertex 71.5513 65.6968 25
      vertex 73.75 65.1 25
    endloop
  endfacet
  facet normal 0 0 1
    outer loop
      vertex 73.75 65.1 25
      vertex 71.6418 64.1139 25
      vertex 71.7761 63.7376 25
    endloop
  endfacet
  facet normal -0 0 1
    outer loop
      vertex 71.5057 65.2998 25
      vertex 73.75 65.1 25
      vertex 71.5513 65.6968 25
    endloop
  endfacet
  facet normal 0 0 1
    outer loop
      vertex 73.75 65.1 25
      vertex 71.5513 64.5032 25
      vertex 71.6418 64.1139 25
    endloop
  endfacet
  facet normal 0 0 1
    outer loop
      vertex 71.5057 64.9002 25
      vertex 73.75 65.1 25
      vertex 71.5057 65.2998 25
    endloop
  endfacet
  facet normal 0 0 1
    outer loop
      vertex 73.75 65.1 25
      vertex 71.5057 64.9002 25
      vertex 71.5513 64.5032 25
    endloop
  endfacet
  facet normal 0 0 1
    outer loop
      vertex 6.25 65.1 25
      vertex 8.5 65.1 25
      vertex 8.47719 65.499 25
    endloop
  endfacet
  facet normal 0 0 1
    outer loop
      vertex 6.18882 65.4863 25
      vertex 8.47719 65.499 25
      vertex 8.40904 65.8927 25
    endloop
  endfacet
  facet normal 0 0 1
    outer loop
      vertex 8.5 65.1 25
      vertex 6.25 65.1 25
      vertex 8.47719 64.701 25
    endloop
  endfacet
  facet normal 0 0 1
    outer loop
      vertex 6.18882 65.4863 25
      vertex 8.40904 65.8927 25
      vertex 8.29645 66.2762 25
    endloop
  endfacet
  facet normal -0 0 1
    outer loop
      vertex 6.18882 64.7137 25
      vertex 8.47719 64.701 25
      vertex 6.25 65.1 25
    endloop
  endfacet
  facet normal 0 0 1
    outer loop
      vertex 6.18882 65.4863 25
      vertex 8.29645 66.2762 25
      vertex 8.14089 66.6443 25
    endloop
  endfacet
  facet normal 0 0 1
    outer loop
      vertex 8.47719 64.701 25
      vertex 6.18882 64.7137 25
      vertex 8.40904 64.3073 25
    endloop
  endfacet
  facet normal 0 0 1
    outer loop
      vertex 6.01127 65.8347 25
      vertex 8.14089 66.6443 25
      vertex 7.94439 66.9922 25
    endloop
  endfacet
  facet normal 0 0 1
    outer loop
      vertex 8.40904 64.3073 25
      vertex 6.18882 64.7137 25
      vertex 8.29645 63.9238 25
    endloop
  endfacet
  facet normal 0 0 1
    outer loop
      vertex 6.01127 65.8347 25
      vertex 7.94439 66.9922 25
      vertex 7.8661 67.1 25
    endloop
  endfacet
  facet normal 0 0 1
    outer loop
      vertex 8.29645 63.9238 25
      vertex 6.18882 64.7137 25
      vertex 8.14089 63.5557 25
    endloop
  endfacet
  facet normal 0 0 1
    outer loop
      vertex 8.47719 5.39897 25
      vertex 6.18882 5.38627 25
      vertex 6.25 5 25
    endloop
  endfacet
  facet normal 0 0 1
    outer loop
      vertex 5.38627 6.18882 25
      vertex 6.45395 8.18371 25
      vertex 6.08156 8.3287 25
    endloop
  endfacet
  facet normal 0 0 1
    outer loop
      vertex 6.80739 7.99722 25
      vertex 6.01127 5.73473 25
      vertex 6.18882 5.38627 25
    endloop
  endfacet
  facet normal 0 0 1
    outer loop
      vertex 6.80739 7.99722 25
      vertex 5.73473 6.01127 25
      vertex 6.01127 5.73473 25
    endloop
  endfacet
  facet normal 0 0 1
    outer loop
      vertex 5.38627 6.18882 25
      vertex 6.08156 8.3287 25
      vertex 5.69507 8.43029 25
    endloop
  endfacet
  facet normal 0 0 1
    outer loop
      vertex 6.45395 8.18371 25
      vertex 5.38627 6.18882 25
      vertex 5.73473 6.01127 25
    endloop
  endfacet
  facet normal 0 0 1
    outer loop
      vertex 5 6.25 25
      vertex 5.69507 8.43029 25
      vertex 5.29951 8.48716 25
    endloop
  endfacet
  facet normal 0 0 1
    outer loop
      vertex 5.69507 8.43029 25
      vertex 5 6.25 25
      vertex 5.38627 6.18882 25
    endloop
  endfacet
  facet normal 0 0 1
    outer loop
      vertex 4.90005 8.49857 25
      vertex 5 6.25 25
      vertex 5.29951 8.48716 25
    endloop
  endfacet
  facet normal -0 0 1
    outer loop
      vertex 4.5019 8.46437 25
      vertex 5 6.25 25
      vertex 4.90005 8.49857 25
    endloop
  endfacet
  facet normal 0 0 1
    outer loop
      vertex 5 6.25 25
      vertex 4.5019 8.46437 25
      vertex 4.61373 6.18882 25
    endloop
  endfacet
  facet normal -0 0 1
    outer loop
      vertex 4.11024 8.38501 25
      vertex 4.61373 6.18882 25
      vertex 4.5019 8.46437 25
    endloop
  endfacet
  facet normal -0 0 1
    outer loop
      vertex 3.73017 8.26152 25
      vertex 4.61373 6.18882 25
      vertex 4.11024 8.38501 25
    endloop
  endfacet
  facet normal -0 0 1
    outer loop
      vertex 3.36666 8.09552 25
      vertex 4.61373 6.18882 25
      vertex 3.73017 8.26152 25
    endloop
  endfacet
  facet normal 0 0 1
    outer loop
      vertex 4.61373 6.18882 25
      vertex 3.36666 8.09552 25
      vertex 4.26527 6.01127 25
    endloop
  endfacet
  facet normal -0 0 1
    outer loop
      vertex 3.02445 7.88915 25
      vertex 4.26527 6.01127 25
      vertex 3.36666 8.09552 25
    endloop
  endfacet
  facet normal -0 0 1
    outer loop
      vertex 3 7.8703 25
      vertex 4.26527 6.01127 25
      vertex 3.02445 7.88915 25
    endloop
  endfacet
  facet normal 0 0 1
    outer loop
      vertex 7.43928 62.59 25
      vertex 5.73473 64.0887 25
      vertex 7.13727 62.3283 25
    endloop
  endfacet
  facet normal 0 0 1
    outer loop
      vertex 7.13727 62.3283 25
      vertex 5.73473 64.0887 25
      vertex 6.80739 62.1028 25
    endloop
  endfacet
  facet normal 0 0 1
    outer loop
      vertex 6.80739 62.1028 25
      vertex 5.73473 64.0887 25
      vertex 6.45395 61.9163 25
    endloop
  endfacet
  facet normal -0 0 1
    outer loop
      vertex 5.38627 63.9112 25
      vertex 6.45395 61.9163 25
      vertex 5.73473 64.0887 25
    endloop
  endfacet
  facet normal 0 0 1
    outer loop
      vertex 6.45395 61.9163 25
      vertex 5.38627 63.9112 25
      vertex 6.08156 61.7713 25
    endloop
  endfacet
  facet normal 0 0 1
    outer loop
      vertex 6.08156 61.7713 25
      vertex 5.38627 63.9112 25
      vertex 5.69507 61.6697 25
    endloop
  endfacet
  facet normal -0 0 1
    outer loop
      vertex 5 63.85 25
      vertex 5.69507 61.6697 25
      vertex 5.38627 63.9112 25
    endloop
  endfacet
  facet normal 0 0 1
    outer loop
      vertex 5.69507 61.6697 25
      vertex 5 63.85 25
      vertex 5.29951 61.6128 25
    endloop
  endfacet
  facet normal 0 0 1
    outer loop
      vertex 5 63.85 25
      vertex 4.90005 61.6014 25
      vertex 5.29951 61.6128 25
    endloop
  endfacet
  facet normal 0 0 1
    outer loop
      vertex 4.5019 61.6356 25
      vertex 5 63.85 25
      vertex 4.61373 63.9112 25
    endloop
  endfacet
  facet normal 0 0 1
    outer loop
      vertex 5 63.85 25
      vertex 4.5019 61.6356 25
      vertex 4.90005 61.6014 25
    endloop
  endfacet
  facet normal 0 0 1
    outer loop
      vertex 3.36666 62.0045 25
      vertex 4.61373 63.9112 25
      vertex 4.26527 64.0887 25
    endloop
  endfacet
  facet normal 0 0 1
    outer loop
      vertex 4.61373 63.9112 25
      vertex 4.11024 61.715 25
      vertex 4.5019 61.6356 25
    endloop
  endfacet
  facet normal 0 0 1
    outer loop
      vertex 3 62.2297 25
      vertex 4.26527 64.0887 25
      vertex 3.98873 64.3653 25
    endloop
  endfacet
  facet normal 0 0 1
    outer loop
      vertex 3 62.2297 25
      vertex 3.98873 64.3653 25
      vertex 3.81118 64.7137 25
    endloop
  endfacet
  facet normal 0 0 1
    outer loop
      vertex 3 62.2297 25
      vertex 3.81118 64.7137 25
      vertex 3.75 65.1 25
    endloop
  endfacet
  facet normal 0 0 1
    outer loop
      vertex 4.61373 63.9112 25
      vertex 3.73017 61.8385 25
      vertex 4.11024 61.715 25
    endloop
  endfacet
  facet normal 0 0 1
    outer loop
      vertex 77 7.86552 25
      vertex 76.1888 5.38627 25
      vertex 76.25 5 25
    endloop
  endfacet
  facet normal 0 0 1
    outer loop
      vertex 75.3863 6.18882 25
      vertex 76.4539 8.18371 25
      vertex 76.0816 8.3287 25
    endloop
  endfacet
  facet normal 0 0 1
    outer loop
      vertex 76.8074 7.99722 25
      vertex 76.0113 5.73473 25
      vertex 76.1888 5.38627 25
    endloop
  endfacet
  facet normal 0 0 1
    outer loop
      vertex 76.8074 7.99722 25
      vertex 75.7347 6.01127 25
      vertex 76.0113 5.73473 25
    endloop
  endfacet
  facet normal 0 0 1
    outer loop
      vertex 75.3863 6.18882 25
      vertex 76.0816 8.3287 25
      vertex 75.6951 8.43029 25
    endloop
  endfacet
  facet normal 0 0 1
    outer loop
      vertex 76.4539 8.18371 25
      vertex 75.3863 6.18882 25
      vertex 75.7347 6.01127 25
    endloop
  endfacet
  facet normal 0 0 1
    outer loop
      vertex 75 6.25 25
      vertex 75.6951 8.43029 25
      vertex 75.2995 8.48716 25
    endloop
  endfacet
  facet normal 0 0 1
    outer loop
      vertex 75.6951 8.43029 25
      vertex 75 6.25 25
      vertex 75.3863 6.18882 25
    endloop
  endfacet
  facet normal 0 0 1
    outer loop
      vertex 74.9001 8.49857 25
      vertex 75 6.25 25
      vertex 75.2995 8.48716 25
    endloop
  endfacet
  facet normal -0 0 1
    outer loop
      vertex 74.5019 8.46437 25
      vertex 75 6.25 25
      vertex 74.9001 8.49857 25
    endloop
  endfacet
  facet normal 0 0 1
    outer loop
      vertex 75 6.25 25
      vertex 74.5019 8.46437 25
      vertex 74.6137 6.18882 25
    endloop
  endfacet
  facet normal -0 0 1
    outer loop
      vertex 74.1102 8.38501 25
      vertex 74.6137 6.18882 25
      vertex 74.5019 8.46437 25
    endloop
  endfacet
  facet normal -0 0 1
    outer loop
      vertex 73.7302 8.26152 25
      vertex 74.6137 6.18882 25
      vertex 74.1102 8.38501 25
    endloop
  endfacet
  facet normal -0 0 1
    outer loop
      vertex 73.3667 8.09552 25
      vertex 74.6137 6.18882 25
      vertex 73.7302 8.26152 25
    endloop
  endfacet
  facet normal 0 0 1
    outer loop
      vertex 74.6137 6.18882 25
      vertex 73.3667 8.09552 25
      vertex 74.2653 6.01127 25
    endloop
  endfacet
  facet normal -0 0 1
    outer loop
      vertex 73.0245 7.88915 25
      vertex 74.2653 6.01127 25
      vertex 73.3667 8.09552 25
    endloop
  endfacet
  facet normal -0 0 1
    outer loop
      vertex 72.708 7.64512 25
      vertex 74.2653 6.01127 25
      vertex 73.0245 7.88915 25
    endloop
  endfacet
  facet normal 0 0 1
    outer loop
      vertex 80 70.1 25
      vertex 77 62.2345 25
      vertex 80 0 25
    endloop
  endfacet
  facet normal -0 0 1
    outer loop
      vertex 76.25 65.1 25
      vertex 77 62.2345 25
      vertex 80 70.1 25
    endloop
  endfacet
  facet normal -0 0 1
    outer loop
      vertex 76.1888 64.7137 25
      vertex 77 62.2345 25
      vertex 76.25 65.1 25
    endloop
  endfacet
  facet normal -0 0 1
    outer loop
      vertex 76.0113 64.3653 25
      vertex 77 62.2345 25
      vertex 76.1888 64.7137 25
    endloop
  endfacet
  facet normal 0 0 1
    outer loop
      vertex 80 70.1 25
      vertex 76.1888 65.4863 25
      vertex 76.25 65.1 25
    endloop
  endfacet
  facet normal 0 0 1
    outer loop
      vertex 80 70.1 25
      vertex 76.0113 65.8347 25
      vertex 76.1888 65.4863 25
    endloop
  endfacet
  facet normal 0 0 1
    outer loop
      vertex 80 70.1 25
      vertex 75.7347 66.1113 25
      vertex 76.0113 65.8347 25
    endloop
  endfacet
  facet normal 0 0 1
    outer loop
      vertex 80 70.1 25
      vertex 75.3863 66.2888 25
      vertex 75.7347 66.1113 25
    endloop
  endfacet
  facet normal 0 0 1
    outer loop
      vertex 80 70.1 25
      vertex 75 66.35 25
      vertex 75.3863 66.2888 25
    endloop
  endfacet
  facet normal -0 0 1
    outer loop
      vertex 72.1317 67.1 25
      vertex 75 66.35 25
      vertex 80 70.1 25
    endloop
  endfacet
  facet normal 0 0 1
    outer loop
      vertex 75 66.35 25
      vertex 72.1317 67.1 25
      vertex 74.6137 66.2888 25
    endloop
  endfacet
  facet normal 0 0 1
    outer loop
      vertex 74.6137 63.9112 25
      vertex 73.3667 62.0045 25
      vertex 73.7302 61.8385 25
    endloop
  endfacet
  facet normal 0 0 1
    outer loop
      vertex 73.8112 64.7137 25
      vertex 73.0245 62.2108 25
      vertex 73.3667 62.0045 25
    endloop
  endfacet
  facet normal 0 0 1
    outer loop
      vertex 73.9887 65.8347 25
      vertex 71.9524 66.8211 25
      vertex 73.8112 65.4863 25
    endloop
  endfacet
  facet normal 0 0 1
    outer loop
      vertex 73.8112 64.7137 25
      vertex 72.708 62.4549 25
      vertex 73.0245 62.2108 25
    endloop
  endfacet
  facet normal 0 0 1
    outer loop
      vertex 73.8112 64.7137 25
      vertex 72.4214 62.7334 25
      vertex 72.708 62.4549 25
    endloop
  endfacet
  facet normal 0 0 1
    outer loop
      vertex 73.8112 64.7137 25
      vertex 72.1684 63.0428 25
      vertex 72.4214 62.7334 25
    endloop
  endfacet
  facet normal -0 0 1
    outer loop
      vertex 71.9524 66.8211 25
      vertex 73.9887 65.8347 25
      vertex 72.1317 67.1 25
    endloop
  endfacet
  facet normal -0 0 1
    outer loop
      vertex 71.7761 66.4624 25
      vertex 73.8112 65.4863 25
      vertex 71.9524 66.8211 25
    endloop
  endfacet
  facet normal 0 0 1
    outer loop
      vertex 74.2653 66.1113 25
      vertex 72.1317 67.1 25
      vertex 73.9887 65.8347 25
    endloop
  endfacet
  facet normal 0 0 1
    outer loop
      vertex 74.6137 66.2888 25
      vertex 72.1317 67.1 25
      vertex 74.2653 66.1113 25
    endloop
  endfacet
  facet normal 0 0 1
    outer loop
      vertex 80 70.1 25
      vertex 7.8661 67.1 25
      vertex 72.1317 67.1 25
    endloop
  endfacet
  facet normal -0 0 1
    outer loop
      vertex 6.01127 64.3653 25
      vertex 8.14089 63.5557 25
      vertex 6.18882 64.7137 25
    endloop
  endfacet
  facet normal 0 0 1
    outer loop
      vertex 8.14089 63.5557 25
      vertex 6.01127 64.3653 25
      vertex 7.94439 63.2078 25
    endloop
  endfacet
  facet normal 0 0 1
    outer loop
      vertex 7.94439 63.2078 25
      vertex 6.01127 64.3653 25
      vertex 7.7095 62.8845 25
    endloop
  endfacet
  facet normal 0 0 1
    outer loop
      vertex 7.7095 62.8845 25
      vertex 6.01127 64.3653 25
      vertex 7.43928 62.59 25
    endloop
  endfacet
  facet normal -0 0 1
    outer loop
      vertex 5.73473 64.0887 25
      vertex 7.43928 62.59 25
      vertex 6.01127 64.3653 25
    endloop
  endfacet
  facet normal 0 0 1
    outer loop
      vertex 8.47719 65.499 25
      vertex 6.18882 65.4863 25
      vertex 6.25 65.1 25
    endloop
  endfacet
  facet normal 0 0 1
    outer loop
      vertex 8.14089 66.6443 25
      vertex 6.01127 65.8347 25
      vertex 6.18882 65.4863 25
    endloop
  endfacet
  facet normal 0 0 1
    outer loop
      vertex 7.8661 67.1 25
      vertex 5.73473 66.1113 25
      vertex 6.01127 65.8347 25
    endloop
  endfacet
  facet normal 0 0 1
    outer loop
      vertex 7.8661 67.1 25
      vertex 5.38627 66.2888 25
      vertex 5.73473 66.1113 25
    endloop
  endfacet
  facet normal 0 0 1
    outer loop
      vertex 7.8661 67.1 25
      vertex 5 66.35 25
      vertex 5.38627 66.2888 25
    endloop
  endfacet
  facet normal 0 0 1
    outer loop
      vertex 0 70.1 25
      vertex 5 66.35 25
      vertex 7.8661 67.1 25
    endloop
  endfacet
  facet normal 0 0 1
    outer loop
      vertex 4.61373 63.9112 25
      vertex 3.36666 62.0045 25
      vertex 3.73017 61.8385 25
    endloop
  endfacet
  facet normal 0 0 1
    outer loop
      vertex 4.26527 64.0887 25
      vertex 3.02445 62.2108 25
      vertex 3.36666 62.0045 25
    endloop
  endfacet
  facet normal 0 0 1
    outer loop
      vertex 0 70.1 25
      vertex 3.75 65.1 25
      vertex 3.81118 65.4863 25
    endloop
  endfacet
  facet normal 0 0 1
    outer loop
      vertex 4.26527 64.0887 25
      vertex 3 62.2297 25
      vertex 3.02445 62.2108 25
    endloop
  endfacet
  facet normal -0 0 1
    outer loop
      vertex 0 70.1 25
      vertex 7.8661 67.1 25
      vertex 80 70.1 25
    endloop
  endfacet
  facet normal 0 0 1
    outer loop
      vertex 5 66.35 25
      vertex 0 70.1 25
      vertex 4.61373 66.2888 25
    endloop
  endfacet
  facet normal 0 0 1
    outer loop
      vertex 0 70.1 25
      vertex 4.26527 66.1113 25
      vertex 4.61373 66.2888 25
    endloop
  endfacet
  facet normal 0 0 1
    outer loop
      vertex 0 70.1 25
      vertex 3.98873 65.8347 25
      vertex 4.26527 66.1113 25
    endloop
  endfacet
  facet normal 0 0 1
    outer loop
      vertex 0 70.1 25
      vertex 3.81118 65.4863 25
      vertex 3.98873 65.8347 25
    endloop
  endfacet
  facet normal 0 0 1
    outer loop
      vertex 3.75 65.1 25
      vertex 0 70.1 25
      vertex 3 62.2297 25
    endloop
  endfacet
  facet normal 0 0 1
    outer loop
      vertex 0 58.3 25
      vertex 3 62.2297 25
      vertex 0 70.1 25
    endloop
  endfacet
  facet normal 0 0 1
    outer loop
      vertex 3 62.2297 25
      vertex 0 58.3 25
      vertex 3 58.3 25
    endloop
  endfacet
  facet normal -0 0 1
    outer loop
      vertex 77 7.86552 25
      vertex 80 0 25
      vertex 77 62.2345 25
    endloop
  endfacet
  facet normal 0 0 1
    outer loop
      vertex 76.1888 5.38627 25
      vertex 77 7.86552 25
      vertex 76.8074 7.99722 25
    endloop
  endfacet
  facet normal 0 0 1
    outer loop
      vertex 75.7347 6.01127 25
      vertex 76.8074 7.99722 25
      vertex 76.4539 8.18371 25
    endloop
  endfacet
  facet normal 0 0 1
    outer loop
      vertex 77 7.86552 25
      vertex 76.25 5 25
      vertex 80 0 25
    endloop
  endfacet
  facet normal -0 0 1
    outer loop
      vertex 76.1888 4.61373 25
      vertex 80 0 25
      vertex 76.25 5 25
    endloop
  endfacet
  facet normal -0 0 1
    outer loop
      vertex 76.0113 4.26527 25
      vertex 80 0 25
      vertex 76.1888 4.61373 25
    endloop
  endfacet
  facet normal -0 0 1
    outer loop
      vertex 75.7347 3.98873 25
      vertex 80 0 25
      vertex 76.0113 4.26527 25
    endloop
  endfacet
  facet normal -0 0 1
    outer loop
      vertex 75.3863 3.81118 25
      vertex 80 0 25
      vertex 75.7347 3.98873 25
    endloop
  endfacet
  facet normal -0 0 1
    outer loop
      vertex 75 3.75 25
      vertex 80 0 25
      vertex 75.3863 3.81118 25
    endloop
  endfacet
  facet normal 0 0 1
    outer loop
      vertex 72.1317 3 25
      vertex 75 3.75 25
      vertex 74.6137 3.81118 25
    endloop
  endfacet
  facet normal 0 0 1
    outer loop
      vertex 72.1317 3 25
      vertex 74.6137 3.81118 25
      vertex 74.2653 3.98873 25
    endloop
  endfacet
  facet normal -0 0 1
    outer loop
      vertex 72.4214 7.36661 25
      vertex 74.2653 6.01127 25
      vertex 72.708 7.64512 25
    endloop
  endfacet
  facet normal 0 0 1
    outer loop
      vertex 74.2653 6.01127 25
      vertex 72.4214 7.36661 25
      vertex 73.9887 5.73473 25
    endloop
  endfacet
  facet normal -0 0 1
    outer loop
      vertex 72.1684 7.05725 25
      vertex 73.9887 5.73473 25
      vertex 72.4214 7.36661 25
    endloop
  endfacet
  facet normal -0 0 1
    outer loop
      vertex 71.9524 6.72106 25
      vertex 73.9887 5.73473 25
      vertex 72.1684 7.05725 25
    endloop
  endfacet
  facet normal 0 0 1
    outer loop
      vertex 73.9887 5.73473 25
      vertex 71.9524 6.72106 25
      vertex 73.8112 5.38627 25
    endloop
  endfacet
  facet normal -0 0 1
    outer loop
      vertex 71.7761 6.36244 25
      vertex 73.8112 5.38627 25
      vertex 71.9524 6.72106 25
    endloop
  endfacet
  facet normal 0 0 1
    outer loop
      vertex 73.75 5 25
      vertex 72.1317 3 25
      vertex 73.8112 4.61373 25
    endloop
  endfacet
  facet normal 0 0 1
    outer loop
      vertex 73.8112 4.61373 25
      vertex 72.1317 3 25
      vertex 73.9887 4.26527 25
    endloop
  endfacet
  facet normal 0 0 1
    outer loop
      vertex 72.1317 3 25
      vertex 74.2653 3.98873 25
      vertex 73.9887 4.26527 25
    endloop
  endfacet
  facet normal 0 0 1
    outer loop
      vertex 75 3.75 25
      vertex 72.1317 3 25
      vertex 80 0 25
    endloop
  endfacet
  facet normal -0 0 1
    outer loop
      vertex 7.8661 3 25
      vertex 80 0 25
      vertex 72.1317 3 25
    endloop
  endfacet
  facet normal 0 0 1
    outer loop
      vertex 6.18882 5.38627 25
      vertex 7.7095 7.21554 25
      vertex 7.43928 7.50996 25
    endloop
  endfacet
  facet normal 0 0 1
    outer loop
      vertex 6.18882 5.38627 25
      vertex 7.43928 7.50996 25
      vertex 7.13727 7.77166 25
    endloop
  endfacet
  facet normal 0 0 1
    outer loop
      vertex 6.18882 5.38627 25
      vertex 7.13727 7.77166 25
      vertex 6.80739 7.99722 25
    endloop
  endfacet
  facet normal 0 0 1
    outer loop
      vertex 5.73473 6.01127 25
      vertex 6.80739 7.99722 25
      vertex 6.45395 8.18371 25
    endloop
  endfacet
  facet normal -0 0 1
    outer loop
      vertex 6.01127 4.26527 25
      vertex 8.14089 3.45573 25
      vertex 6.18882 4.61373 25
    endloop
  endfacet
  facet normal 0 0 1
    outer loop
      vertex 8.14089 3.45573 25
      vertex 6.01127 4.26527 25
      vertex 7.94439 3.10776 25
    endloop
  endfacet
  facet normal 0 0 1
    outer loop
      vertex 7.94439 3.10776 25
      vertex 6.01127 4.26527 25
      vertex 7.8661 3 25
    endloop
  endfacet
  facet normal -0 0 1
    outer loop
      vertex 5.73473 3.98873 25
      vertex 7.8661 3 25
      vertex 6.01127 4.26527 25
    endloop
  endfacet
  facet normal -0 0 1
    outer loop
      vertex 5.38627 3.81118 25
      vertex 7.8661 3 25
      vertex 5.73473 3.98873 25
    endloop
  endfacet
  facet normal -0 0 1
    outer loop
      vertex 5 3.75 25
      vertex 7.8661 3 25
      vertex 5.38627 3.81118 25
    endloop
  endfacet
  facet normal 0 0 1
    outer loop
      vertex 0 0 25
      vertex 5 3.75 25
      vertex 4.61373 3.81118 25
    endloop
  endfacet
  facet normal 0 0 1
    outer loop
      vertex 4.26527 6.01127 25
      vertex 3 7.8703 25
      vertex 3.98873 5.73473 25
    endloop
  endfacet
  facet normal 0 0 1
    outer loop
      vertex 3.98873 5.73473 25
      vertex 3 7.8703 25
      vertex 3.81118 5.38627 25
    endloop
  endfacet
  facet normal 0 0 1
    outer loop
      vertex 3.81118 5.38627 25
      vertex 3 7.8703 25
      vertex 3.75 5 25
    endloop
  endfacet
  facet normal 0 0 1
    outer loop
      vertex 0 0 25
      vertex 3.75 5 25
      vertex 3 7.8703 25
    endloop
  endfacet
  facet normal 0 0 1
    outer loop
      vertex 7.8661 3 25
      vertex 0 0 25
      vertex 80 0 25
    endloop
  endfacet
  facet normal 0 0 1
    outer loop
      vertex 5 3.75 25
      vertex 0 0 25
      vertex 7.8661 3 25
    endloop
  endfacet
  facet normal 0 0 1
    outer loop
      vertex 4.26527 3.98873 25
      vertex 0 0 25
      vertex 4.61373 3.81118 25
    endloop
  endfacet
  facet normal 0 0 1
    outer loop
      vertex 3.98873 4.26527 25
      vertex 0 0 25
      vertex 4.26527 3.98873 25
    endloop
  endfacet
  facet normal 0 0 1
    outer loop
      vertex 3.81118 4.61373 25
      vertex 0 0 25
      vertex 3.98873 4.26527 25
    endloop
  endfacet
  facet normal 0 0 1
    outer loop
      vertex 3.75 5 25
      vertex 0 0 25
      vertex 3.81118 4.61373 25
    endloop
  endfacet
  facet normal 0 0 1
    outer loop
      vertex 0 0 25
      vertex 3 7.8703 25
      vertex 0 38.3 25
    endloop
  endfacet
  facet normal -0 0 1
    outer loop
      vertex 75.7347 64.0887 25
      vertex 77 62.2345 25
      vertex 76.0113 64.3653 25
    endloop
  endfacet
  facet normal 0 0 1
    outer loop
      vertex 77 62.2345 25
      vertex 75.7347 64.0887 25
      vertex 76.8074 62.1028 25
    endloop
  endfacet
  facet normal 0 0 1
    outer loop
      vertex 76.8074 62.1028 25
      vertex 75.7347 64.0887 25
      vertex 76.4539 61.9163 25
    endloop
  endfacet
  facet normal -0 0 1
    outer loop
      vertex 75.3863 63.9112 25
      vertex 76.4539 61.9163 25
      vertex 75.7347 64.0887 25
    endloop
  endfacet
  facet normal 0 0 1
    outer loop
      vertex 76.4539 61.9163 25
      vertex 75.3863 63.9112 25
      vertex 76.0816 61.7713 25
    endloop
  endfacet
  facet normal 0 0 1
    outer loop
      vertex 76.0816 61.7713 25
      vertex 75.3863 63.9112 25
      vertex 75.6951 61.6697 25
    endloop
  endfacet
  facet normal -0 0 1
    outer loop
      vertex 75 63.85 25
      vertex 75.6951 61.6697 25
      vertex 75.3863 63.9112 25
    endloop
  endfacet
  facet normal 0 0 1
    outer loop
      vertex 75.6951 61.6697 25
      vertex 75 63.85 25
      vertex 75.2995 61.6128 25
    endloop
  endfacet
  facet normal 0 0 1
    outer loop
      vertex 75 63.85 25
      vertex 74.9001 61.6014 25
      vertex 75.2995 61.6128 25
    endloop
  endfacet
  facet normal 0 0 1
    outer loop
      vertex 74.5019 61.6356 25
      vertex 75 63.85 25
      vertex 74.6137 63.9112 25
    endloop
  endfacet
  facet normal 0 0 1
    outer loop
      vertex 75 63.85 25
      vertex 74.5019 61.6356 25
      vertex 74.9001 61.6014 25
    endloop
  endfacet
  facet normal 0 0 1
    outer loop
      vertex 73.3667 62.0045 25
      vertex 74.6137 63.9112 25
      vertex 74.2653 64.0887 25
    endloop
  endfacet
  facet normal 0 0 1
    outer loop
      vertex 74.6137 63.9112 25
      vertex 74.1102 61.715 25
      vertex 74.5019 61.6356 25
    endloop
  endfacet
  facet normal 0 0 1
    outer loop
      vertex 73.3667 62.0045 25
      vertex 74.2653 64.0887 25
      vertex 73.9887 64.3653 25
    endloop
  endfacet
  facet normal 0 0 1
    outer loop
      vertex 73.3667 62.0045 25
      vertex 73.9887 64.3653 25
      vertex 73.8112 64.7137 25
    endloop
  endfacet
  facet normal 0 0 1
    outer loop
      vertex 72.1684 63.0428 25
      vertex 73.8112 64.7137 25
      vertex 73.75 65.1 25
    endloop
  endfacet
  facet normal 0 0 1
    outer loop
      vertex 74.6137 63.9112 25
      vertex 73.7302 61.8385 25
      vertex 74.1102 61.715 25
    endloop
  endfacet
  facet normal 0 0 -1
    outer loop
      vertex 15.235 7.09415 0
      vertex 64.765 7.09415 0
      vertex 15.461 6.76679 0
    endloop
  endfacet
  facet normal 0 0 -1
    outer loop
      vertex 64.765 63.0058 0
      vertex 15.6021 63.7051 0
      vertex 15.65 64.1 0
    endloop
  endfacet
  facet normal 0 0 -1
    outer loop
      vertex 64.765 7.09415 0
      vertex 15.235 7.09415 0
      vertex 64.765 63.0058 0
    endloop
  endfacet
  facet normal 0 0 -1
    outer loop
      vertex 64.765 63.0058 0
      vertex 15.461 63.3332 0
      vertex 15.6021 63.7051 0
    endloop
  endfacet
  facet normal 0 0 -1
    outer loop
      vertex 15.235 63.0058 0
      vertex 64.765 63.0058 0
      vertex 15.235 7.09415 0
    endloop
  endfacet
  facet normal 0 0 -1
    outer loop
      vertex 64.765 63.0058 0
      vertex 15.235 63.0058 0
      vertex 15.461 63.3332 0
    endloop
  endfacet
  facet normal 0 0 -1
    outer loop
      vertex 14.9373 7.35792 0
      vertex 15.235 63.0058 0
      vertex 15.235 7.09415 0
    endloop
  endfacet
  facet normal 0 0 -1
    outer loop
      vertex 14.9373 7.35792 0
      vertex 14.9373 62.7421 0
      vertex 15.235 63.0058 0
    endloop
  endfacet
  facet normal 0 0 -1
    outer loop
      vertex 14.5851 7.54278 0
      vertex 14.9373 62.7421 0
      vertex 14.9373 7.35792 0
    endloop
  endfacet
  facet normal 0 0 -1
    outer loop
      vertex 14.5851 7.54278 0
      vertex 14.5851 62.5572 0
      vertex 14.9373 62.7421 0
    endloop
  endfacet
  facet normal 0 0 -1
    outer loop
      vertex 14.1989 7.63797 0
      vertex 14.5851 62.5572 0
      vertex 14.5851 7.54278 0
    endloop
  endfacet
  facet normal 0 0 -1
    outer loop
      vertex 14.1989 7.63797 0
      vertex 14.1989 62.462 0
      vertex 14.5851 62.5572 0
    endloop
  endfacet
  facet normal 0 0 -1
    outer loop
      vertex 13.8011 7.63797 0
      vertex 14.1989 62.462 0
      vertex 14.1989 7.63797 0
    endloop
  endfacet
  facet normal 0 0 -1
    outer loop
      vertex 13.8011 7.63797 0
      vertex 13.8011 62.462 0
      vertex 14.1989 62.462 0
    endloop
  endfacet
  facet normal 0 0 -1
    outer loop
      vertex 13.4149 7.54278 0
      vertex 13.8011 62.462 0
      vertex 13.8011 7.63797 0
    endloop
  endfacet
  facet normal 0 0 -1
    outer loop
      vertex 13.4149 7.54278 0
      vertex 13.4149 62.5572 0
      vertex 13.8011 62.462 0
    endloop
  endfacet
  facet normal 0 0 -1
    outer loop
      vertex 13.0627 7.35792 0
      vertex 13.4149 62.5572 0
      vertex 13.4149 7.54278 0
    endloop
  endfacet
  facet normal 0 0 -1
    outer loop
      vertex 13.0627 7.35792 0
      vertex 13.0627 62.7421 0
      vertex 13.4149 62.5572 0
    endloop
  endfacet
  facet normal 0 0 -1
    outer loop
      vertex 0 0 0
      vertex 13.0627 7.35792 0
      vertex 12.765 7.09415 0
    endloop
  endfacet
  facet normal -0 0 -1
    outer loop
      vertex 13.0627 7.35792 0
      vertex 0 0 0
      vertex 13.0627 62.7421 0
    endloop
  endfacet
  facet normal 0 0 -1
    outer loop
      vertex 0 0 0
      vertex 12.765 7.09415 0
      vertex 12.539 6.76679 0
    endloop
  endfacet
  facet normal 0 0 -1
    outer loop
      vertex 0 70.1 0
      vertex 13.0627 62.7421 0
      vertex 0 0 0
    endloop
  endfacet
  facet normal 0 0 -1
    outer loop
      vertex 0 0 0
      vertex 12.539 6.76679 0
      vertex 12.3979 6.39487 0
    endloop
  endfacet
  facet normal 0 0 -1
    outer loop
      vertex 13.0627 62.7421 0
      vertex 0 70.1 0
      vertex 12.765 63.0058 0
    endloop
  endfacet
  facet normal 0 0 -1
    outer loop
      vertex 0 0 0
      vertex 12.3979 6.39487 0
      vertex 12.35 6 0
    endloop
  endfacet
  facet normal 0 0 -1
    outer loop
      vertex 12.765 63.0058 0
      vertex 0 70.1 0
      vertex 12.539 63.3332 0
    endloop
  endfacet
  facet normal 0 0 -1
    outer loop
      vertex 67.235 7.09415 0
      vertex 80 0 0
      vertex 67.461 6.76679 0
    endloop
  endfacet
  facet normal 0 0 -1
    outer loop
      vertex 80 70.1 0
      vertex 67.6021 63.7051 0
      vertex 67.65 64.1 0
    endloop
  endfacet
  facet normal 0 0 -1
    outer loop
      vertex 66.9373 7.35792 0
      vertex 80 0 0
      vertex 67.235 7.09415 0
    endloop
  endfacet
  facet normal 0 0 -1
    outer loop
      vertex 80 70.1 0
      vertex 67.461 63.3332 0
      vertex 67.6021 63.7051 0
    endloop
  endfacet
  facet normal 0 0 -1
    outer loop
      vertex 80 0 0
      vertex 66.9373 7.35792 0
      vertex 80 70.1 0
    endloop
  endfacet
  facet normal 0 0 -1
    outer loop
      vertex 80 70.1 0
      vertex 67.235 63.0058 0
      vertex 67.461 63.3332 0
    endloop
  endfacet
  facet normal 0 0 -1
    outer loop
      vertex 66.9373 62.7421 0
      vertex 80 70.1 0
      vertex 66.9373 7.35792 0
    endloop
  endfacet
  facet normal 0 0 -1
    outer loop
      vertex 80 70.1 0
      vertex 66.9373 62.7421 0
      vertex 67.235 63.0058 0
    endloop
  endfacet
  facet normal 0 0 -1
    outer loop
      vertex 66.5851 7.54278 0
      vertex 66.9373 62.7421 0
      vertex 66.9373 7.35792 0
    endloop
  endfacet
  facet normal 0 0 -1
    outer loop
      vertex 66.5851 7.54278 0
      vertex 66.5851 62.5572 0
      vertex 66.9373 62.7421 0
    endloop
  endfacet
  facet normal 0 0 -1
    outer loop
      vertex 66.1989 7.63797 0
      vertex 66.5851 62.5572 0
      vertex 66.5851 7.54278 0
    endloop
  endfacet
  facet normal 0 0 -1
    outer loop
      vertex 66.1989 7.63797 0
      vertex 66.1989 62.462 0
      vertex 66.5851 62.5572 0
    endloop
  endfacet
  facet normal 0 0 -1
    outer loop
      vertex 65.8011 7.63797 0
      vertex 66.1989 62.462 0
      vertex 66.1989 7.63797 0
    endloop
  endfacet
  facet normal 0 0 -1
    outer loop
      vertex 65.8011 7.63797 0
      vertex 65.8011 62.462 0
      vertex 66.1989 62.462 0
    endloop
  endfacet
  facet normal 0 0 -1
    outer loop
      vertex 65.4149 7.54278 0
      vertex 65.8011 62.462 0
      vertex 65.8011 7.63797 0
    endloop
  endfacet
  facet normal 0 0 -1
    outer loop
      vertex 65.4149 7.54278 0
      vertex 65.4149 62.5572 0
      vertex 65.8011 62.462 0
    endloop
  endfacet
  facet normal 0 0 -1
    outer loop
      vertex 65.0627 7.35792 0
      vertex 65.4149 62.5572 0
      vertex 65.4149 7.54278 0
    endloop
  endfacet
  facet normal 0 0 -1
    outer loop
      vertex 65.0627 7.35792 0
      vertex 65.0627 62.7421 0
      vertex 65.4149 62.5572 0
    endloop
  endfacet
  facet normal 0 0 -1
    outer loop
      vertex 64.765 7.09415 0
      vertex 65.0627 62.7421 0
      vertex 65.0627 7.35792 0
    endloop
  endfacet
  facet normal 0 0 -1
    outer loop
      vertex 64.765 7.09415 0
      vertex 64.765 63.0058 0
      vertex 65.0627 62.7421 0
    endloop
  endfacet
  facet normal 0 0 -1
    outer loop
      vertex 64.3979 6.39487 0
      vertex 15.6021 6.39487 0
      vertex 64.539 6.76679 0
    endloop
  endfacet
  facet normal 0 0 -1
    outer loop
      vertex 15.461 6.76679 0
      vertex 64.539 6.76679 0
      vertex 15.6021 6.39487 0
    endloop
  endfacet
  facet normal 0 0 -1
    outer loop
      vertex 15.6021 6.39487 0
      vertex 64.3979 6.39487 0
      vertex 15.65 6 0
    endloop
  endfacet
  facet normal 0 0 -1
    outer loop
      vertex 64.539 6.76679 0
      vertex 15.461 6.76679 0
      vertex 64.765 7.09415 0
    endloop
  endfacet
  facet normal 0 0 -1
    outer loop
      vertex 15.65 6 0
      vertex 64.3979 6.39487 0
      vertex 64.35 6 0
    endloop
  endfacet
  facet normal 0 0 -1
    outer loop
      vertex 64.765 63.0058 0
      vertex 15.65 64.1 0
      vertex 64.539 63.3332 0
    endloop
  endfacet
  facet normal 0 0 -1
    outer loop
      vertex 67.6021 6.39487 0
      vertex 80 0 0
      vertex 67.65 6 0
    endloop
  endfacet
  facet normal 0 0 -1
    outer loop
      vertex 80 0 0
      vertex 67.6021 5.60513 0
      vertex 67.65 6 0
    endloop
  endfacet
  facet normal 0 0 -1
    outer loop
      vertex 80 0 0
      vertex 67.461 5.23321 0
      vertex 67.6021 5.60513 0
    endloop
  endfacet
  facet normal 0 0 -1
    outer loop
      vertex 80 0 0
      vertex 67.235 4.90585 0
      vertex 67.461 5.23321 0
    endloop
  endfacet
  facet normal 0 0 -1
    outer loop
      vertex 80 0 0
      vertex 66.9373 4.64208 0
      vertex 67.235 4.90585 0
    endloop
  endfacet
  facet normal 0 0 -1
    outer loop
      vertex 80 0 0
      vertex 66.5851 4.45722 0
      vertex 66.9373 4.64208 0
    endloop
  endfacet
  facet normal 0 0 -1
    outer loop
      vertex 80 0 0
      vertex 66.1989 4.36203 0
      vertex 66.5851 4.45722 0
    endloop
  endfacet
  facet normal 0 0 -1
    outer loop
      vertex 80 0 0
      vertex 65.8011 4.36203 0
      vertex 66.1989 4.36203 0
    endloop
  endfacet
  facet normal 0 0 -1
    outer loop
      vertex 14.1989 4.36203 0
      vertex 65.8011 4.36203 0
      vertex 80 0 0
    endloop
  endfacet
  facet normal 0 0 -1
    outer loop
      vertex 64.539 63.3332 0
      vertex 15.65 64.1 0
      vertex 64.3979 63.7051 0
    endloop
  endfacet
  facet normal 0 0 -1
    outer loop
      vertex 64.3979 5.60513 0
      vertex 15.65 6 0
      vertex 64.35 6 0
    endloop
  endfacet
  facet normal 0 0 -1
    outer loop
      vertex 15.6021 5.60513 0
      vertex 64.3979 5.60513 0
      vertex 64.539 5.23321 0
    endloop
  endfacet
  facet normal 0 0 -1
    outer loop
      vertex 15.461 5.23321 0
      vertex 64.539 5.23321 0
      vertex 64.765 4.90585 0
    endloop
  endfacet
  facet normal 0 0 -1
    outer loop
      vertex 15.235 4.90585 0
      vertex 64.765 4.90585 0
      vertex 65.0627 4.64208 0
    endloop
  endfacet
  facet normal 0 0 -1
    outer loop
      vertex 14.9373 4.64208 0
      vertex 65.0627 4.64208 0
      vertex 65.4149 4.45722 0
    endloop
  endfacet
  facet normal 0 0 -1
    outer loop
      vertex 65.8011 4.36203 0
      vertex 14.1989 4.36203 0
      vertex 65.4149 4.45722 0
    endloop
  endfacet
  facet normal 0 0 -1
    outer loop
      vertex 64.3979 5.60513 0
      vertex 15.6021 5.60513 0
      vertex 15.65 6 0
    endloop
  endfacet
  facet normal 0 0 -1
    outer loop
      vertex 64.539 5.23321 0
      vertex 15.461 5.23321 0
      vertex 15.6021 5.60513 0
    endloop
  endfacet
  facet normal 0 0 -1
    outer loop
      vertex 64.765 4.90585 0
      vertex 15.235 4.90585 0
      vertex 15.461 5.23321 0
    endloop
  endfacet
  facet normal 0 0 -1
    outer loop
      vertex 65.0627 4.64208 0
      vertex 14.9373 4.64208 0
      vertex 15.235 4.90585 0
    endloop
  endfacet
  facet normal 0 0 -1
    outer loop
      vertex 65.4149 4.45722 0
      vertex 14.5851 4.45722 0
      vertex 14.9373 4.64208 0
    endloop
  endfacet
  facet normal -0 0 -1
    outer loop
      vertex 65.4149 4.45722 0
      vertex 14.1989 4.36203 0
      vertex 14.5851 4.45722 0
    endloop
  endfacet
  facet normal 0 0 -1
    outer loop
      vertex 0 0 0
      vertex 14.1989 4.36203 0
      vertex 80 0 0
    endloop
  endfacet
  facet normal 0 0 -1
    outer loop
      vertex 12.539 63.3332 0
      vertex 0 70.1 0
      vertex 12.3979 63.7051 0
    endloop
  endfacet
  facet normal -0 0 -1
    outer loop
      vertex 12.3979 5.60513 0
      vertex 0 0 0
      vertex 12.35 6 0
    endloop
  endfacet
  facet normal -0 0 -1
    outer loop
      vertex 12.539 5.23321 0
      vertex 0 0 0
      vertex 12.3979 5.60513 0
    endloop
  endfacet
  facet normal -0 0 -1
    outer loop
      vertex 12.765 4.90585 0
      vertex 0 0 0
      vertex 12.539 5.23321 0
    endloop
  endfacet
  facet normal -0 0 -1
    outer loop
      vertex 13.0627 4.64208 0
      vertex 0 0 0
      vertex 12.765 4.90585 0
    endloop
  endfacet
  facet normal -0 0 -1
    outer loop
      vertex 13.4149 4.45722 0
      vertex 0 0 0
      vertex 13.0627 4.64208 0
    endloop
  endfacet
  facet normal -0 0 -1
    outer loop
      vertex 13.8011 4.36203 0
      vertex 0 0 0
      vertex 13.4149 4.45722 0
    endloop
  endfacet
  facet normal -0 0 -1
    outer loop
      vertex 14.1989 4.36203 0
      vertex 0 0 0
      vertex 13.8011 4.36203 0
    endloop
  endfacet
  facet normal 0 0 -1
    outer loop
      vertex 67.461 6.76679 0
      vertex 80 0 0
      vertex 67.6021 6.39487 0
    endloop
  endfacet
  facet normal 0 0 -1
    outer loop
      vertex 67.6021 64.4949 0
      vertex 80 70.1 0
      vertex 67.65 64.1 0
    endloop
  endfacet
  facet normal 0 0 -1
    outer loop
      vertex 67.461 64.8668 0
      vertex 80 70.1 0
      vertex 67.6021 64.4949 0
    endloop
  endfacet
  facet normal 0 0 -1
    outer loop
      vertex 67.235 65.1942 0
      vertex 80 70.1 0
      vertex 67.461 64.8668 0
    endloop
  endfacet
  facet normal 0 0 -1
    outer loop
      vertex 66.9373 65.4579 0
      vertex 80 70.1 0
      vertex 67.235 65.1942 0
    endloop
  endfacet
  facet normal 0 0 -1
    outer loop
      vertex 66.5851 65.6428 0
      vertex 80 70.1 0
      vertex 66.9373 65.4579 0
    endloop
  endfacet
  facet normal 0 0 -1
    outer loop
      vertex 66.1989 65.738 0
      vertex 80 70.1 0
      vertex 66.5851 65.6428 0
    endloop
  endfacet
  facet normal 0 0 -1
    outer loop
      vertex 65.8011 65.738 0
      vertex 80 70.1 0
      vertex 66.1989 65.738 0
    endloop
  endfacet
  facet normal 0 0 -1
    outer loop
      vertex 14.1989 65.738 0
      vertex 65.8011 65.738 0
      vertex 65.4149 65.6428 0
    endloop
  endfacet
  facet normal 0 0 -1
    outer loop
      vertex 64.3979 63.7051 0
      vertex 15.65 64.1 0
      vertex 64.35 64.1 0
    endloop
  endfacet
  facet normal 0 0 -1
    outer loop
      vertex 64.35 64.1 0
      vertex 15.65 64.1 0
      vertex 64.3979 64.4949 0
    endloop
  endfacet
  facet normal 0 0 -1
    outer loop
      vertex 15.6021 64.4949 0
      vertex 64.3979 64.4949 0
      vertex 15.65 64.1 0
    endloop
  endfacet
  facet normal 0 0 -1
    outer loop
      vertex 64.3979 64.4949 0
      vertex 15.6021 64.4949 0
      vertex 64.539 64.8668 0
    endloop
  endfacet
  facet normal 0 0 -1
    outer loop
      vertex 15.461 64.8668 0
      vertex 64.539 64.8668 0
      vertex 15.6021 64.4949 0
    endloop
  endfacet
  facet normal 0 0 -1
    outer loop
      vertex 64.539 64.8668 0
      vertex 15.461 64.8668 0
      vertex 64.765 65.1942 0
    endloop
  endfacet
  facet normal 0 0 -1
    outer loop
      vertex 15.235 65.1942 0
      vertex 64.765 65.1942 0
      vertex 15.461 64.8668 0
    endloop
  endfacet
  facet normal 0 0 -1
    outer loop
      vertex 64.765 65.1942 0
      vertex 15.235 65.1942 0
      vertex 65.0627 65.4579 0
    endloop
  endfacet
  facet normal 0 0 -1
    outer loop
      vertex 14.9373 65.4579 0
      vertex 65.0627 65.4579 0
      vertex 15.235 65.1942 0
    endloop
  endfacet
  facet normal 0 0 -1
    outer loop
      vertex 65.0627 65.4579 0
      vertex 14.9373 65.4579 0
      vertex 65.4149 65.6428 0
    endloop
  endfacet
  facet normal 0 0 -1
    outer loop
      vertex 14.5851 65.6428 0
      vertex 65.4149 65.6428 0
      vertex 14.9373 65.4579 0
    endloop
  endfacet
  facet normal 0 0 -1
    outer loop
      vertex 14.1989 65.738 0
      vertex 65.4149 65.6428 0
      vertex 14.5851 65.6428 0
    endloop
  endfacet
  facet normal 0 0 -1
    outer loop
      vertex 65.8011 65.738 0
      vertex 14.1989 65.738 0
      vertex 80 70.1 0
    endloop
  endfacet
  facet normal 0 0 -1
    outer loop
      vertex 0 70.1 0
      vertex 14.1989 65.738 0
      vertex 13.8011 65.738 0
    endloop
  endfacet
  facet normal 0 0 -1
    outer loop
      vertex 12.3979 63.7051 0
      vertex 0 70.1 0
      vertex 12.35 64.1 0
    endloop
  endfacet
  facet normal 0 0 -1
    outer loop
      vertex 14.1989 65.738 0
      vertex 0 70.1 0
      vertex 80 70.1 0
    endloop
  endfacet
  facet normal 0 0 -1
    outer loop
      vertex 13.4149 65.6428 0
      vertex 0 70.1 0
      vertex 13.8011 65.738 0
    endloop
  endfacet
  facet normal 0 0 -1
    outer loop
      vertex 13.0627 65.4579 0
      vertex 0 70.1 0
      vertex 13.4149 65.6428 0
    endloop
  endfacet
  facet normal 0 0 -1
    outer loop
      vertex 12.765 65.1942 0
      vertex 0 70.1 0
      vertex 13.0627 65.4579 0
    endloop
  endfacet
  facet normal 0 0 -1
    outer loop
      vertex 12.539 64.8668 0
      vertex 0 70.1 0
      vertex 12.765 65.1942 0
    endloop
  endfacet
  facet normal 0 0 -1
    outer loop
      vertex 12.3979 64.4949 0
      vertex 0 70.1 0
      vertex 12.539 64.8668 0
    endloop
  endfacet
  facet normal 0 0 -1
    outer loop
      vertex 12.35 64.1 0
      vertex 0 70.1 0
      vertex 12.3979 64.4949 0
    endloop
  endfacet
  facet normal -1 0 0
    outer loop
      vertex 0 70.1 0
      vertex 0 58.3 18
      vertex 0 70.1 25
    endloop
  endfacet
  facet normal -1 0 0
    outer loop
      vertex 0 70.1 0
      vertex 0 54.3 8.1
      vertex 0 58.3 18
    endloop
  endfacet
  facet normal -1 0 0
    outer loop
      vertex 0 70.1 0
      vertex 0 42.3 8.1
      vertex 0 54.3 8.1
    endloop
  endfacet
  facet normal -1 0 0
    outer loop
      vertex 0 42.3 8.1
      vertex 0 38.3 18
      vertex 0 42.3 14.1
    endloop
  endfacet
  facet normal -1 0 0
    outer loop
      vertex 0 0 0
      vertex 0 42.3 8.1
      vertex 0 70.1 0
    endloop
  endfacet
  facet normal -1 0 0
    outer loop
      vertex 0 0 0
      vertex 0 38.3 18
      vertex 0 42.3 8.1
    endloop
  endfacet
  facet normal -1 0 0
    outer loop
      vertex 0 0 25
      vertex 0 38.3 18
      vertex 0 0 0
    endloop
  endfacet
  facet normal -1 0 0
    outer loop
      vertex 0 38.3 18
      vertex 0 0 25
      vertex 0 38.3 25
    endloop
  endfacet
  facet normal -1 -0 0
    outer loop
      vertex 0 70.1 25
      vertex 0 58.3 18
      vertex 0 58.3 25
    endloop
  endfacet
  facet normal -1 0 0
    outer loop
      vertex 0 54.3 14.1
      vertex 0 58.3 18
      vertex 0 54.3 8.1
    endloop
  endfacet
  facet normal -1 0 0
    outer loop
      vertex 0 42.3 14.1
      vertex 0 58.3 18
      vertex 0 54.3 14.1
    endloop
  endfacet
  facet normal -1 -0 0
    outer loop
      vertex 0 58.3 18
      vertex 0 42.3 14.1
      vertex 0 38.3 18
    endloop
  endfacet
  facet normal 0 1 -0
    outer loop
      vertex 80 70.1 0
      vertex 0 70.1 25
      vertex 80 70.1 25
    endloop
  endfacet
  facet normal 0 1 0
    outer loop
      vertex 0 70.1 25
      vertex 80 70.1 0
      vertex 0 70.1 0
    endloop
  endfacet
  facet normal 0 -1 0
    outer loop
      vertex 0 0 0
      vertex 80 0 25
      vertex 0 0 25
    endloop
  endfacet
  facet normal 0 -1 -0
    outer loop
      vertex 80 0 25
      vertex 0 0 0
      vertex 80 0 0
    endloop
  endfacet
  facet normal -1 0 0
    outer loop
      vertex 77 51.3603 15.6052
      vertex 77 62.2345 25
      vertex 77 62.2345 3
    endloop
  endfacet
  facet normal -1 0 0
    outer loop
      vertex 77 62.2345 25
      vertex 77 51.3603 15.6052
      vertex 77 51.3984 16.0006
    endloop
  endfacet
  facet normal -1 0 0
    outer loop
      vertex 77 62.2345 3
      vertex 77 51.2719 15.218
      vertex 77 51.3603 15.6052
    endloop
  endfacet
  facet normal -1 0 0
    outer loop
      vertex 77 62.2345 3
      vertex 77 51.1347 14.8452
      vertex 77 51.2719 15.218
    endloop
  endfacet
  facet normal -1 0 0
    outer loop
      vertex 77 62.2345 3
      vertex 77 50.9509 14.493
      vertex 77 51.1347 14.8452
    endloop
  endfacet
  facet normal -1 0 0
    outer loop
      vertex 77 62.2345 3
      vertex 77 50.7237 14.1672
      vertex 77 50.9509 14.493
    endloop
  endfacet
  facet normal -1 0 0
    outer loop
      vertex 77 62.2345 3
      vertex 77 50.4566 13.8731
      vertex 77 50.7237 14.1672
    endloop
  endfacet
  facet normal -1 0 0
    outer loop
      vertex 77 62.2345 3
      vertex 77 50.1541 13.6156
      vertex 77 50.4566 13.8731
    endloop
  endfacet
  facet normal -1 0 0
    outer loop
      vertex 77 62.2345 3
      vertex 77 49.8212 13.3989
      vertex 77 50.1541 13.6156
    endloop
  endfacet
  facet normal -1 0 0
    outer loop
      vertex 77 62.2345 3
      vertex 77 49.4633 13.2266
      vertex 77 49.8212 13.3989
    endloop
  endfacet
  facet normal -1 0 0
    outer loop
      vertex 77 62.2345 3
      vertex 77 49.0863 13.1014
      vertex 77 49.4633 13.2266
    endloop
  endfacet
  facet normal -1 0 0
    outer loop
      vertex 77 62.2345 3
      vertex 77 48.6964 13.0255
      vertex 77 49.0863 13.1014
    endloop
  endfacet
  facet normal -1 0 0
    outer loop
      vertex 77 62.2345 3
      vertex 77 48.3 13
      vertex 77 48.6964 13.0255
    endloop
  endfacet
  facet normal -1 0 0
    outer loop
      vertex 77 62.2345 3
      vertex 77 47.9036 13.0255
      vertex 77 48.3 13
    endloop
  endfacet
  facet normal -1 0 0
    outer loop
      vertex 77 62.2345 3
      vertex 77 47.5137 13.1014
      vertex 77 47.9036 13.0255
    endloop
  endfacet
  facet normal -1 0 0
    outer loop
      vertex 77 62.2345 3
      vertex 77 47.1367 13.2266
      vertex 77 47.5137 13.1014
    endloop
  endfacet
  facet normal -1 0 0
    outer loop
      vertex 77 7.86552 3
      vertex 77 47.1367 13.2266
      vertex 77 62.2345 3
    endloop
  endfacet
  facet normal -1 -0 0
    outer loop
      vertex 77 47.1367 13.2266
      vertex 77 7.86552 3
      vertex 77 46.7788 13.3989
    endloop
  endfacet
  facet normal -1 -0 0
    outer loop
      vertex 77 45.2397 15.6052
      vertex 77 7.86552 3
      vertex 77 45.2016 16.0006
    endloop
  endfacet
  facet normal -1 -0 0
    outer loop
      vertex 77 45.3281 15.218
      vertex 77 7.86552 3
      vertex 77 45.2397 15.6052
    endloop
  endfacet
  facet normal -1 -0 0
    outer loop
      vertex 77 45.4653 14.8452
      vertex 77 7.86552 3
      vertex 77 45.3281 15.218
    endloop
  endfacet
  facet normal -1 -0 0
    outer loop
      vertex 77 45.6491 14.493
      vertex 77 7.86552 3
      vertex 77 45.4653 14.8452
    endloop
  endfacet
  facet normal -1 -0 0
    outer loop
      vertex 77 45.8763 14.1672
      vertex 77 7.86552 3
      vertex 77 45.6491 14.493
    endloop
  endfacet
  facet normal -1 -0 0
    outer loop
      vertex 77 46.1434 13.8731
      vertex 77 7.86552 3
      vertex 77 45.8763 14.1672
    endloop
  endfacet
  facet normal -1 -0 0
    outer loop
      vertex 77 46.4459 13.6156
      vertex 77 7.86552 3
      vertex 77 46.1434 13.8731
    endloop
  endfacet
  facet normal -1 -0 0
    outer loop
      vertex 77 46.7788 13.3989
      vertex 77 7.86552 3
      vertex 77 46.4459 13.6156
    endloop
  endfacet
  facet normal -1 0 0
    outer loop
      vertex 77 51.3857 16.3977
      vertex 77 62.2345 25
      vertex 77 51.3984 16.0006
    endloop
  endfacet
  facet normal -1 0 0
    outer loop
      vertex 77 51.3223 16.7898
      vertex 77 62.2345 25
      vertex 77 51.3857 16.3977
    endloop
  endfacet
  facet normal -1 0 0
    outer loop
      vertex 77 51.2093 17.1706
      vertex 77 62.2345 25
      vertex 77 51.3223 16.7898
    endloop
  endfacet
  facet normal -1 0 0
    outer loop
      vertex 77 51.0485 17.5339
      vertex 77 62.2345 25
      vertex 77 51.2093 17.1706
    endloop
  endfacet
  facet normal -1 0 0
    outer loop
      vertex 77 50.8425 17.8736
      vertex 77 62.2345 25
      vertex 77 51.0485 17.5339
    endloop
  endfacet
  facet normal -1 0 0
    outer loop
      vertex 77 50.5949 18.1841
      vertex 77 62.2345 25
      vertex 77 50.8425 17.8736
    endloop
  endfacet
  facet normal -1 0 0
    outer loop
      vertex 77 50.3095 18.4605
      vertex 77 62.2345 25
      vertex 77 50.5949 18.1841
    endloop
  endfacet
  facet normal -1 0 0
    outer loop
      vertex 77 49.9912 18.6981
      vertex 77 62.2345 25
      vertex 77 50.3095 18.4605
    endloop
  endfacet
  facet normal -1 0 0
    outer loop
      vertex 77 49.645 18.893
      vertex 77 62.2345 25
      vertex 77 49.9912 18.6981
    endloop
  endfacet
  facet normal -1 0 0
    outer loop
      vertex 77 49.2768 19.0421
      vertex 77 62.2345 25
      vertex 77 49.645 18.893
    endloop
  endfacet
  facet normal -1 0 0
    outer loop
      vertex 77 48.8926 19.1428
      vertex 77 62.2345 25
      vertex 77 49.2768 19.0421
    endloop
  endfacet
  facet normal -1 0 0
    outer loop
      vertex 77 48.4986 19.1936
      vertex 77 62.2345 25
      vertex 77 48.8926 19.1428
    endloop
  endfacet
  facet normal -1 0 0
    outer loop
      vertex 77 48.1014 19.1936
      vertex 77 62.2345 25
      vertex 77 48.4986 19.1936
    endloop
  endfacet
  facet normal -1 0 0
    outer loop
      vertex 77 47.7074 19.1428
      vertex 77 62.2345 25
      vertex 77 48.1014 19.1936
    endloop
  endfacet
  facet normal -1 0 0
    outer loop
      vertex 77 7.86552 25
      vertex 77 47.7074 19.1428
      vertex 77 47.3232 19.0421
    endloop
  endfacet
  facet normal -1 0 0
    outer loop
      vertex 77 7.86552 25
      vertex 77 45.2016 16.0006
      vertex 77 7.86552 3
    endloop
  endfacet
  facet normal -1 0 0
    outer loop
      vertex 77 45.2016 16.0006
      vertex 77 7.86552 25
      vertex 77 45.2143 16.3977
    endloop
  endfacet
  facet normal -1 0 0
    outer loop
      vertex 77 45.2143 16.3977
      vertex 77 7.86552 25
      vertex 77 45.2777 16.7898
    endloop
  endfacet
  facet normal -1 0 0
    outer loop
      vertex 77 45.2777 16.7898
      vertex 77 7.86552 25
      vertex 77 45.3907 17.1706
    endloop
  endfacet
  facet normal -1 0 0
    outer loop
      vertex 77 45.3907 17.1706
      vertex 77 7.86552 25
      vertex 77 45.5515 17.5339
    endloop
  endfacet
  facet normal -1 0 0
    outer loop
      vertex 77 45.5515 17.5339
      vertex 77 7.86552 25
      vertex 77 45.7575 17.8736
    endloop
  endfacet
  facet normal -1 0 0
    outer loop
      vertex 77 45.7575 17.8736
      vertex 77 7.86552 25
      vertex 77 46.0051 18.1841
    endloop
  endfacet
  facet normal -1 0 0
    outer loop
      vertex 77 46.0051 18.1841
      vertex 77 7.86552 25
      vertex 77 46.2905 18.4605
    endloop
  endfacet
  facet normal -1 0 0
    outer loop
      vertex 77 46.2905 18.4605
      vertex 77 7.86552 25
      vertex 77 46.6088 18.6981
    endloop
  endfacet
  facet normal -1 0 0
    outer loop
      vertex 77 47.7074 19.1428
      vertex 77 7.86552 25
      vertex 77 62.2345 25
    endloop
  endfacet
  facet normal -1 0 0
    outer loop
      vertex 77 46.955 18.893
      vertex 77 7.86552 25
      vertex 77 47.3232 19.0421
    endloop
  endfacet
  facet normal -1 0 0
    outer loop
      vertex 77 46.6088 18.6981
      vertex 77 7.86552 25
      vertex 77 46.955 18.893
    endloop
  endfacet
  facet normal 0 0 1
    outer loop
      vertex 34.9775 56.8305 3
      vertex 12.9616 48.6902 3
      vertex 13 48.3 3
    endloop
  endfacet
  facet normal 0 0 1
    outer loop
      vertex 11 50.3 3
      vertex 13.2259 61.2109 3
      vertex 12.8567 61.3362 3
    endloop
  endfacet
  facet normal 0 0 1
    outer loop
      vertex 11 50.3 3
      vertex 12.8567 61.3362 3
      vertex 12.8554 61.3366 3
    endloop
  endfacet
  facet normal 0 0 1
    outer loop
      vertex 11 50.3 3
      vertex 12.8554 61.3366 3
      vertex 12.8541 61.3373 3
    endloop
  endfacet
  facet normal 0 0 1
    outer loop
      vertex 13.2273 61.2106 3
      vertex 12.8478 49.0654 3
      vertex 12.9616 48.6902 3
    endloop
  endfacet
  facet normal 0 0 1
    outer loop
      vertex 13.2273 61.2106 3
      vertex 12.6629 49.4111 3
      vertex 12.8478 49.0654 3
    endloop
  endfacet
  facet normal 0 0 1
    outer loop
      vertex 10.6098 50.2616 3
      vertex 12.8541 61.3373 3
      vertex 12.5045 61.5097 3
    endloop
  endfacet
  facet normal 0 0 1
    outer loop
      vertex 13.2273 61.2106 3
      vertex 12.4142 49.7142 3
      vertex 12.6629 49.4111 3
    endloop
  endfacet
  facet normal 0 0 1
    outer loop
      vertex 6.45395 61.9163 3
      vertex 12.5045 61.5097 3
      vertex 12.1803 61.7262 3
    endloop
  endfacet
  facet normal 0 0 1
    outer loop
      vertex 6.45395 61.9163 3
      vertex 12.1803 61.7262 3
      vertex 12.1792 61.727 3
    endloop
  endfacet
  facet normal 0 0 1
    outer loop
      vertex 6.80739 62.1028 3
      vertex 12.1792 61.727 3
      vertex 12.1781 61.728 3
    endloop
  endfacet
  facet normal 0 0 1
    outer loop
      vertex 13.2273 61.2106 3
      vertex 12.1111 49.9629 3
      vertex 12.4142 49.7142 3
    endloop
  endfacet
  facet normal 0 0 1
    outer loop
      vertex 6.80739 62.1028 3
      vertex 12.1781 61.728 3
      vertex 11.885 61.985 3
    endloop
  endfacet
  facet normal 0 0 1
    outer loop
      vertex 13.2273 61.2106 3
      vertex 11.7654 50.1478 3
      vertex 12.1111 49.9629 3
    endloop
  endfacet
  facet normal 0 0 1
    outer loop
      vertex 7.13727 62.3283 3
      vertex 11.885 61.985 3
      vertex 11.628 62.2781 3
    endloop
  endfacet
  facet normal 0 0 1
    outer loop
      vertex 7.43928 62.59 3
      vertex 11.628 62.2781 3
      vertex 11.627 62.2792 3
    endloop
  endfacet
  facet normal -0 0 1
    outer loop
      vertex 7.43928 62.59 3
      vertex 11.627 62.2792 3
      vertex 11.4105 62.6033 3
    endloop
  endfacet
  facet normal 0 0 1
    outer loop
      vertex 7.7095 62.8845 3
      vertex 11.4105 62.6033 3
      vertex 11.4097 62.6045 3
    endloop
  endfacet
  facet normal 0 0 1
    outer loop
      vertex 13.2273 61.2106 3
      vertex 11.3902 50.2616 3
      vertex 11.7654 50.1478 3
    endloop
  endfacet
  facet normal 0 0 1
    outer loop
      vertex 7.94439 63.2078 3
      vertex 11.4097 62.6045 3
      vertex 11.2373 62.9541 3
    endloop
  endfacet
  facet normal 0 0 1
    outer loop
      vertex 7.94439 63.2078 3
      vertex 11.2373 62.9541 3
      vertex 11.2366 62.9554 3
    endloop
  endfacet
  facet normal 0 0 1
    outer loop
      vertex 8.14089 63.5557 3
      vertex 11.2366 62.9554 3
      vertex 11.1113 63.3245 3
    endloop
  endfacet
  facet normal 0 0 1
    outer loop
      vertex 8.14089 63.5557 3
      vertex 11.1113 63.3245 3
      vertex 11.1109 63.3259 3
    endloop
  endfacet
  facet normal 0 0 1
    outer loop
      vertex 8.14089 63.5557 3
      vertex 11.1109 63.3259 3
      vertex 11.1106 63.3273 3
    endloop
  endfacet
  facet normal 0 0 1
    outer loop
      vertex 8.29645 63.9238 3
      vertex 11.1106 63.3273 3
      vertex 11.0345 63.7096 3
    endloop
  endfacet
  facet normal 0 0 1
    outer loop
      vertex 8.29645 63.9238 3
      vertex 11.0345 63.7096 3
      vertex 11.0344 63.711 3
    endloop
  endfacet
  facet normal 0 0 1
    outer loop
      vertex 8.40904 64.3073 3
      vertex 11.0344 63.711 3
      vertex 11.0089 64.1 3
    endloop
  endfacet
  facet normal 0 0 1
    outer loop
      vertex 13.2259 61.2109 3
      vertex 11 50.3 3
      vertex 11.3902 50.2616 3
    endloop
  endfacet
  facet normal 0 0 1
    outer loop
      vertex 39.0225 56.8305 3
      vertex 44.4775 57.1305 3
      vertex 39.2275 57.165 3
    endloop
  endfacet
  facet normal 0 0 1
    outer loop
      vertex 45.0305 56.5775 3
      vertex 39.4692 38.6911 3
      vertex 39.5 38.3 3
    endloop
  endfacet
  facet normal 0 0 1
    outer loop
      vertex 44.4775 57.1305 3
      vertex 39.0225 56.8305 3
      vertex 44.7322 56.8322 3
    endloop
  endfacet
  facet normal 0 0 1
    outer loop
      vertex 45.0305 56.5775 3
      vertex 39.3776 39.0725 3
      vertex 39.4692 38.6911 3
    endloop
  endfacet
  facet normal 0 0 1
    outer loop
      vertex 38.7678 56.5322 3
      vertex 44.7322 56.8322 3
      vertex 39.0225 56.8305 3
    endloop
  endfacet
  facet normal 0 0 1
    outer loop
      vertex 45.0305 56.5775 3
      vertex 39.2275 39.435 3
      vertex 39.3776 39.0725 3
    endloop
  endfacet
  facet normal 0 0 1
    outer loop
      vertex 44.7322 56.8322 3
      vertex 38.7678 56.5322 3
      vertex 45.0305 56.5775 3
    endloop
  endfacet
  facet normal 0 0 1
    outer loop
      vertex 45.0305 56.5775 3
      vertex 39.0225 39.7695 3
      vertex 39.2275 39.435 3
    endloop
  endfacet
  facet normal 0 0 1
    outer loop
      vertex 38.4695 56.2775 3
      vertex 45.0305 56.5775 3
      vertex 38.7678 56.5322 3
    endloop
  endfacet
  facet normal 0 0 1
    outer loop
      vertex 45.0305 56.5775 3
      vertex 38.7678 40.0678 3
      vertex 39.0225 39.7695 3
    endloop
  endfacet
  facet normal 0 0 1
    outer loop
      vertex 38.135 56.0725 3
      vertex 45.0305 56.5775 3
      vertex 38.4695 56.2775 3
    endloop
  endfacet
  facet normal 0 0 1
    outer loop
      vertex 45.0305 56.5775 3
      vertex 38.4695 40.3225 3
      vertex 38.7678 40.0678 3
    endloop
  endfacet
  facet normal 0 0 1
    outer loop
      vertex 38.135 40.5275 3
      vertex 45.0305 56.5775 3
      vertex 38.135 56.0725 3
    endloop
  endfacet
  facet normal 0 0 1
    outer loop
      vertex 45.0305 56.5775 3
      vertex 38.135 40.5275 3
      vertex 38.4695 40.3225 3
    endloop
  endfacet
  facet normal -0 0 1
    outer loop
      vertex 37.7725 55.9224 3
      vertex 38.135 40.5275 3
      vertex 38.135 56.0725 3
    endloop
  endfacet
  facet normal 0 0 1
    outer loop
      vertex 37.7725 55.9224 3
      vertex 37.7725 40.6776 3
      vertex 38.135 40.5275 3
    endloop
  endfacet
  facet normal -0 0 1
    outer loop
      vertex 37.3911 55.8308 3
      vertex 37.7725 40.6776 3
      vertex 37.7725 55.9224 3
    endloop
  endfacet
  facet normal 0 0 1
    outer loop
      vertex 37.3911 55.8308 3
      vertex 37.3911 40.7692 3
      vertex 37.7725 40.6776 3
    endloop
  endfacet
  facet normal -0 0 1
    outer loop
      vertex 37 55.8 3
      vertex 37.3911 40.7692 3
      vertex 37.3911 55.8308 3
    endloop
  endfacet
  facet normal 0 0 1
    outer loop
      vertex 37 55.8 3
      vertex 37 40.8 3
      vertex 37.3911 40.7692 3
    endloop
  endfacet
  facet normal 0 0 1
    outer loop
      vertex 36.6089 55.8308 3
      vertex 37 40.8 3
      vertex 37 55.8 3
    endloop
  endfacet
  facet normal 0 0 1
    outer loop
      vertex 36.6089 55.8308 3
      vertex 36.6089 40.7692 3
      vertex 37 40.8 3
    endloop
  endfacet
  facet normal 0 0 1
    outer loop
      vertex 36.2275 55.9224 3
      vertex 36.6089 40.7692 3
      vertex 36.6089 55.8308 3
    endloop
  endfacet
  facet normal 0 0 1
    outer loop
      vertex 36.2275 55.9224 3
      vertex 36.2275 40.6776 3
      vertex 36.6089 40.7692 3
    endloop
  endfacet
  facet normal 0 0 1
    outer loop
      vertex 35.865 56.0725 3
      vertex 36.2275 40.6776 3
      vertex 36.2275 55.9224 3
    endloop
  endfacet
  facet normal 0 0 1
    outer loop
      vertex 35.865 56.0725 3
      vertex 35.865 40.5275 3
      vertex 36.2275 40.6776 3
    endloop
  endfacet
  facet normal 0 0 1
    outer loop
      vertex 35.5305 56.2775 3
      vertex 35.865 40.5275 3
      vertex 35.865 56.0725 3
    endloop
  endfacet
  facet normal 0 0 1
    outer loop
      vertex 35.5305 56.2775 3
      vertex 35.5305 40.3225 3
      vertex 35.865 40.5275 3
    endloop
  endfacet
  facet normal 0 0 1
    outer loop
      vertex 35.2322 56.5322 3
      vertex 35.5305 40.3225 3
      vertex 35.5305 56.2775 3
    endloop
  endfacet
  facet normal 0 0 1
    outer loop
      vertex 35.2322 56.5322 3
      vertex 35.2322 40.0678 3
      vertex 35.5305 40.3225 3
    endloop
  endfacet
  facet normal 0 0 1
    outer loop
      vertex 13 48.3 3
      vertex 35.2322 56.5322 3
      vertex 34.9775 56.8305 3
    endloop
  endfacet
  facet normal 0 0 1
    outer loop
      vertex 35.2322 56.5322 3
      vertex 13 48.3 3
      vertex 35.2322 40.0678 3
    endloop
  endfacet
  facet normal 0 0 1
    outer loop
      vertex 12.9616 48.6902 3
      vertex 34.9775 56.8305 3
      vertex 34.7725 57.165 3
    endloop
  endfacet
  facet normal 0 0 1
    outer loop
      vertex 35.2322 40.0678 3
      vertex 13 48.3 3
      vertex 34.9775 39.7695 3
    endloop
  endfacet
  facet normal 0 0 1
    outer loop
      vertex 12.9616 48.6902 3
      vertex 34.7725 57.165 3
      vertex 34.6224 57.5275 3
    endloop
  endfacet
  facet normal -0 0 1
    outer loop
      vertex 12.9616 47.9098 3
      vertex 34.9775 39.7695 3
      vertex 13 48.3 3
    endloop
  endfacet
  facet normal 0 0 1
    outer loop
      vertex 16.372 62.2781 3
      vertex 34.6224 57.5275 3
      vertex 34.5308 57.9089 3
    endloop
  endfacet
  facet normal 0 0 1
    outer loop
      vertex 34.9775 39.7695 3
      vertex 12.9616 47.9098 3
      vertex 34.7725 39.435 3
    endloop
  endfacet
  facet normal 0 0 1
    outer loop
      vertex 16.5903 62.6045 3
      vertex 34.5308 57.9089 3
      vertex 34.5 58.3 3
    endloop
  endfacet
  facet normal -0 0 1
    outer loop
      vertex 12.8478 47.5346 3
      vertex 34.7725 39.435 3
      vertex 12.9616 47.9098 3
    endloop
  endfacet
  facet normal 0 0 1
    outer loop
      vertex 66 61.1089 3
      vertex 63.9692 58.9911 3
      vertex 64 58.6 3
    endloop
  endfacet
  facet normal 0 0 1
    outer loop
      vertex 62.9695 60.6225 3
      vertex 64.1781 61.728 3
      vertex 63.885 61.985 3
    endloop
  endfacet
  facet normal 0 0 1
    outer loop
      vertex 64.1792 61.727 3
      vertex 63.8776 59.3725 3
      vertex 63.9692 58.9911 3
    endloop
  endfacet
  facet normal 0 0 1
    outer loop
      vertex 64.1792 61.727 3
      vertex 63.7275 59.735 3
      vertex 63.8776 59.3725 3
    endloop
  endfacet
  facet normal 0 0 1
    outer loop
      vertex 62.635 60.8275 3
      vertex 63.885 61.985 3
      vertex 63.628 62.2781 3
    endloop
  endfacet
  facet normal 0 0 1
    outer loop
      vertex 62.635 60.8275 3
      vertex 63.628 62.2781 3
      vertex 63.627 62.2792 3
    endloop
  endfacet
  facet normal 0 0 1
    outer loop
      vertex 64.1792 61.727 3
      vertex 63.5225 60.0695 3
      vertex 63.7275 59.735 3
    endloop
  endfacet
  facet normal 0 0 1
    outer loop
      vertex 62.2725 60.9776 3
      vertex 63.627 62.2792 3
      vertex 63.4105 62.6033 3
    endloop
  endfacet
  facet normal 0 0 1
    outer loop
      vertex 62.2725 60.9776 3
      vertex 63.4105 62.6033 3
      vertex 63.4097 62.6045 3
    endloop
  endfacet
  facet normal 0 0 1
    outer loop
      vertex 64.1792 61.727 3
      vertex 63.2678 60.3678 3
      vertex 63.5225 60.0695 3
    endloop
  endfacet
  facet normal 0 0 1
    outer loop
      vertex 61.8911 61.0692 3
      vertex 63.4097 62.6045 3
      vertex 63.2373 62.9541 3
    endloop
  endfacet
  facet normal 0 0 1
    outer loop
      vertex 61.8911 61.0692 3
      vertex 63.2373 62.9541 3
      vertex 63.2366 62.9554 3
    endloop
  endfacet
  facet normal 0 0 1
    outer loop
      vertex 61.5 61.1 3
      vertex 63.2366 62.9554 3
      vertex 63.1113 63.3245 3
    endloop
  endfacet
  facet normal 0 0 1
    outer loop
      vertex 61.5 61.1 3
      vertex 63.1113 63.3245 3
      vertex 63.1109 63.3259 3
    endloop
  endfacet
  facet normal 0 0 1
    outer loop
      vertex 61.5 61.1 3
      vertex 63.1109 63.3259 3
      vertex 63.1106 63.3273 3
    endloop
  endfacet
  facet normal 0 0 1
    outer loop
      vertex 61.1089 61.0692 3
      vertex 63.1106 63.3273 3
      vertex 63.0345 63.7096 3
    endloop
  endfacet
  facet normal 0 0 1
    outer loop
      vertex 61.1089 61.0692 3
      vertex 63.0344 63.711 3
      vertex 63.0089 64.1 3
    endloop
  endfacet
  facet normal 0 0 1
    outer loop
      vertex 64.1781 61.728 3
      vertex 62.9695 60.6225 3
      vertex 63.2678 60.3678 3
    endloop
  endfacet
  facet normal 0 0 1
    outer loop
      vertex 63.0344 63.711 3
      vertex 61.1089 61.0692 3
      vertex 63.0345 63.7096 3
    endloop
  endfacet
  facet normal 0 0 1
    outer loop
      vertex 68.8894 64.8727 3
      vertex 71.5057 64.9002 3
      vertex 71.5057 65.2998 3
    endloop
  endfacet
  facet normal 0 0 1
    outer loop
      vertex 68.7634 65.2446 3
      vertex 71.5057 65.2998 3
      vertex 71.5513 65.6968 3
    endloop
  endfacet
  facet normal 0 0 1
    outer loop
      vertex 68.5903 65.5955 3
      vertex 71.5513 65.6968 3
      vertex 71.6418 66.0861 3
    endloop
  endfacet
  facet normal 0 0 1
    outer loop
      vertex 68.373 65.9208 3
      vertex 71.6418 66.0861 3
      vertex 71.7761 66.4624 3
    endloop
  endfacet
  facet normal 0 0 1
    outer loop
      vertex 68.115 66.215 3
      vertex 71.7761 66.4624 3
      vertex 71.9524 66.8211 3
    endloop
  endfacet
  facet normal 0 0 1
    outer loop
      vertex 67.8208 66.473 3
      vertex 71.9524 66.8211 3
      vertex 72.1317 67.1 3
    endloop
  endfacet
  facet normal 0 0 1
    outer loop
      vertex 71.5057 64.9002 3
      vertex 68.991 64.1014 3
      vertex 68.9911 64.1 3
    endloop
  endfacet
  facet normal 0 0 1
    outer loop
      vertex 71.5057 64.9002 3
      vertex 68.9655 64.4904 3
      vertex 68.991 64.1014 3
    endloop
  endfacet
  facet normal 0 0 1
    outer loop
      vertex 71.5057 64.9002 3
      vertex 68.8894 64.8727 3
      vertex 68.9655 64.4904 3
    endloop
  endfacet
  facet normal 0 0 1
    outer loop
      vertex 71.5057 65.2998 3
      vertex 68.8891 64.8741 3
      vertex 68.8894 64.8727 3
    endloop
  endfacet
  facet normal 0 0 1
    outer loop
      vertex 71.5057 65.2998 3
      vertex 68.8887 64.8755 3
      vertex 68.8891 64.8741 3
    endloop
  endfacet
  facet normal 0 0 1
    outer loop
      vertex 71.5057 65.2998 3
      vertex 68.7634 65.2446 3
      vertex 68.8887 64.8755 3
    endloop
  endfacet
  facet normal 0 0 1
    outer loop
      vertex 71.5513 65.6968 3
      vertex 68.7627 65.2459 3
      vertex 68.7634 65.2446 3
    endloop
  endfacet
  facet normal 0 0 1
    outer loop
      vertex 71.5513 65.6968 3
      vertex 68.5903 65.5955 3
      vertex 68.7627 65.2459 3
    endloop
  endfacet
  facet normal 0 0 1
    outer loop
      vertex 71.6418 66.0861 3
      vertex 68.5895 65.5967 3
      vertex 68.5903 65.5955 3
    endloop
  endfacet
  facet normal 0 0 1
    outer loop
      vertex 71.6418 66.0861 3
      vertex 68.373 65.9208 3
      vertex 68.5895 65.5967 3
    endloop
  endfacet
  facet normal 0 0 1
    outer loop
      vertex 71.7761 66.4624 3
      vertex 68.372 65.9219 3
      vertex 68.373 65.9208 3
    endloop
  endfacet
  facet normal 0 0 1
    outer loop
      vertex 71.7761 66.4624 3
      vertex 68.115 66.215 3
      vertex 68.372 65.9219 3
    endloop
  endfacet
  facet normal 0 0 1
    outer loop
      vertex 71.9524 66.8211 3
      vertex 68.1139 66.2159 3
      vertex 68.115 66.215 3
    endloop
  endfacet
  facet normal 0 0 1
    outer loop
      vertex 71.9524 66.8211 3
      vertex 67.8208 66.473 3
      vertex 68.1139 66.2159 3
    endloop
  endfacet
  facet normal 0 0 1
    outer loop
      vertex 72.1317 67.1 3
      vertex 67.4967 66.6895 3
      vertex 67.8208 66.473 3
    endloop
  endfacet
  facet normal 0 0 1
    outer loop
      vertex 72.1317 67.1 3
      vertex 67.4955 66.6903 3
      vertex 67.4967 66.6895 3
    endloop
  endfacet
  facet normal 0 0 1
    outer loop
      vertex 72.1317 67.1 3
      vertex 67.4942 66.691 3
      vertex 67.4955 66.6903 3
    endloop
  endfacet
  facet normal 0 0 1
    outer loop
      vertex 72.1317 67.1 3
      vertex 67.1446 66.8634 3
      vertex 67.4942 66.691 3
    endloop
  endfacet
  facet normal 0 0 1
    outer loop
      vertex 72.1317 67.1 3
      vertex 66.7755 66.9887 3
      vertex 67.1446 66.8634 3
    endloop
  endfacet
  facet normal 0 0 1
    outer loop
      vertex 72.1317 67.1 3
      vertex 66.7741 66.9891 3
      vertex 66.7755 66.9887 3
    endloop
  endfacet
  facet normal 0 0 1
    outer loop
      vertex 72.1317 67.1 3
      vertex 66.7727 66.9894 3
      vertex 66.7741 66.9891 3
    endloop
  endfacet
  facet normal 0 0 1
    outer loop
      vertex 72.1317 67.1 3
      vertex 66.3904 67.0655 3
      vertex 66.7727 66.9894 3
    endloop
  endfacet
  facet normal 0 0 1
    outer loop
      vertex 72.1317 67.1 3
      vertex 66.389 67.0656 3
      vertex 66.3904 67.0655 3
    endloop
  endfacet
  facet normal 0 0 1
    outer loop
      vertex 72.1317 67.1 3
      vertex 66 67.0911 3
      vertex 66.389 67.0656 3
    endloop
  endfacet
  facet normal 0 0 -1
    outer loop
      vertex 65.6096 67.0655 3
      vertex 65.2259 66.9891 3
      vertex 65.2273 66.9894 3
    endloop
  endfacet
  facet normal 0 0 1
    outer loop
      vertex 64.8554 66.8634 3
      vertex 64.5045 66.6903 3
      vertex 64.8541 66.8627 3
    endloop
  endfacet
  facet normal 0 0 1
    outer loop
      vertex 63.885 66.215 3
      vertex 63.627 65.9208 3
      vertex 63.628 65.9219 3
    endloop
  endfacet
  facet normal 0 0 1
    outer loop
      vertex 60.365 60.8275 3
      vertex 63.1106 64.8727 3
      vertex 63.1109 64.8741 3
    endloop
  endfacet
  facet normal 0 0 1
    outer loop
      vertex 60.365 60.8275 3
      vertex 63.0344 64.489 3
      vertex 63.0345 64.4904 3
    endloop
  endfacet
  facet normal 0 0 1
    outer loop
      vertex 63.885 61.985 3
      vertex 62.635 60.8275 3
      vertex 62.9695 60.6225 3
    endloop
  endfacet
  facet normal 0 0 1
    outer loop
      vertex 63.0344 64.489 3
      vertex 60.7275 60.9776 3
      vertex 63.0089 64.1 3
    endloop
  endfacet
  facet normal 0 0 1
    outer loop
      vertex 63.627 62.2792 3
      vertex 62.2725 60.9776 3
      vertex 62.635 60.8275 3
    endloop
  endfacet
  facet normal 0 0 1
    outer loop
      vertex 63.1106 64.8727 3
      vertex 60.365 60.8275 3
      vertex 63.0345 64.4904 3
    endloop
  endfacet
  facet normal 0 0 1
    outer loop
      vertex 63.4097 62.6045 3
      vertex 61.8911 61.0692 3
      vertex 62.2725 60.9776 3
    endloop
  endfacet
  facet normal 0 0 1
    outer loop
      vertex 63.2366 62.9554 3
      vertex 61.5 61.1 3
      vertex 61.8911 61.0692 3
    endloop
  endfacet
  facet normal 0 0 1
    outer loop
      vertex 60.0305 60.6225 3
      vertex 63.1109 64.8741 3
      vertex 63.1113 64.8755 3
    endloop
  endfacet
  facet normal 0 0 1
    outer loop
      vertex 60.0305 60.6225 3
      vertex 63.1113 64.8755 3
      vertex 63.2366 65.2446 3
    endloop
  endfacet
  facet normal 0 0 1
    outer loop
      vertex 63.1106 63.3273 3
      vertex 61.1089 61.0692 3
      vertex 61.5 61.1 3
    endloop
  endfacet
  facet normal 0 0 1
    outer loop
      vertex 47.9695 60.6225 3
      vertex 63.2366 65.2446 3
      vertex 63.2373 65.2459 3
    endloop
  endfacet
  facet normal 0 0 1
    outer loop
      vertex 47.635 60.8275 3
      vertex 63.2373 65.2459 3
      vertex 63.4097 65.5955 3
    endloop
  endfacet
  facet normal 0 0 1
    outer loop
      vertex 63.0089 64.1 3
      vertex 60.7275 60.9776 3
      vertex 61.1089 61.0692 3
    endloop
  endfacet
  facet normal 0 0 1
    outer loop
      vertex 63.0344 64.489 3
      vertex 60.365 60.8275 3
      vertex 60.7275 60.9776 3
    endloop
  endfacet
  facet normal 0 0 1
    outer loop
      vertex 63.1109 64.8741 3
      vertex 60.0305 60.6225 3
      vertex 60.365 60.8275 3
    endloop
  endfacet
  facet normal 0 0 1
    outer loop
      vertex 47.635 60.8275 3
      vertex 63.4097 65.5955 3
      vertex 63.4105 65.5967 3
    endloop
  endfacet
  facet normal 0 0 1
    outer loop
      vertex 47.635 60.8275 3
      vertex 63.4105 65.5967 3
      vertex 63.627 65.9208 3
    endloop
  endfacet
  facet normal 0 0 1
    outer loop
      vertex 63.2366 65.2446 3
      vertex 47.9695 60.6225 3
      vertex 60.0305 60.6225 3
    endloop
  endfacet
  facet normal 0 0 1
    outer loop
      vertex 60.0305 60.6225 3
      vertex 47.9695 60.6225 3
      vertex 59.7322 60.3678 3
    endloop
  endfacet
  facet normal 0 0 1
    outer loop
      vertex 59.0308 58.9911 3
      vertex 49 58.6 3
      vertex 59 58.6 3
    endloop
  endfacet
  facet normal 0 0 1
    outer loop
      vertex 48.9692 58.9911 3
      vertex 59.0308 58.9911 3
      vertex 59.1224 59.3725 3
    endloop
  endfacet
  facet normal 0 0 1
    outer loop
      vertex 48.8776 59.3725 3
      vertex 59.1224 59.3725 3
      vertex 59.2725 59.735 3
    endloop
  endfacet
  facet normal 0 0 1
    outer loop
      vertex 48.7275 59.735 3
      vertex 59.2725 59.735 3
      vertex 59.4775 60.0695 3
    endloop
  endfacet
  facet normal 0 -0 1
    outer loop
      vertex 48.2678 60.3678 3
      vertex 59.7322 60.3678 3
      vertex 47.9695 60.6225 3
    endloop
  endfacet
  facet normal 0 0 1
    outer loop
      vertex 47.2725 60.9776 3
      vertex 63.627 65.9208 3
      vertex 63.885 66.215 3
    endloop
  endfacet
  facet normal 0 0 1
    outer loop
      vertex 46.8911 61.0692 3
      vertex 63.885 66.215 3
      vertex 63.8861 66.2159 3
    endloop
  endfacet
  facet normal 0 0 1
    outer loop
      vertex 46.8911 61.0692 3
      vertex 63.8861 66.2159 3
      vertex 64.1792 66.473 3
    endloop
  endfacet
  facet normal 0 0 1
    outer loop
      vertex 46.5 61.1 3
      vertex 64.1792 66.473 3
      vertex 64.1803 66.4738 3
    endloop
  endfacet
  facet normal 0 0 1
    outer loop
      vertex 46.5 61.1 3
      vertex 64.1803 66.4738 3
      vertex 64.5045 66.6903 3
    endloop
  endfacet
  facet normal 0 0 1
    outer loop
      vertex 59.0308 58.9911 3
      vertex 48.9692 58.9911 3
      vertex 49 58.6 3
    endloop
  endfacet
  facet normal 0 0 1
    outer loop
      vertex 59.1224 59.3725 3
      vertex 48.8776 59.3725 3
      vertex 48.9692 58.9911 3
    endloop
  endfacet
  facet normal 0 0 1
    outer loop
      vertex 15.4955 66.6903 3
      vertex 64.5045 66.6903 3
      vertex 64.8554 66.8634 3
    endloop
  endfacet
  facet normal 0 0 1
    outer loop
      vertex 59.2725 59.735 3
      vertex 48.7275 59.735 3
      vertex 48.8776 59.3725 3
    endloop
  endfacet
  facet normal 0 0 1
    outer loop
      vertex 59.4775 60.0695 3
      vertex 48.5225 60.0695 3
      vertex 48.7275 59.735 3
    endloop
  endfacet
  facet normal 0 0 1
    outer loop
      vertex 59.4775 60.0695 3
      vertex 48.2678 60.3678 3
      vertex 48.5225 60.0695 3
    endloop
  endfacet
  facet normal 0 0 1
    outer loop
      vertex 59.7322 60.3678 3
      vertex 48.2678 60.3678 3
      vertex 59.4775 60.0695 3
    endloop
  endfacet
  facet normal 0 0 1
    outer loop
      vertex 63.2373 65.2459 3
      vertex 47.635 60.8275 3
      vertex 47.9695 60.6225 3
    endloop
  endfacet
  facet normal 0 0 1
    outer loop
      vertex 63.627 65.9208 3
      vertex 47.2725 60.9776 3
      vertex 47.635 60.8275 3
    endloop
  endfacet
  facet normal 0 0 1
    outer loop
      vertex 15.1446 66.8634 3
      vertex 64.8554 66.8634 3
      vertex 65.2245 66.9887 3
    endloop
  endfacet
  facet normal 0 0 1
    outer loop
      vertex 15.1446 66.8634 3
      vertex 65.2245 66.9887 3
      vertex 65.2259 66.9891 3
    endloop
  endfacet
  facet normal 0 0 1
    outer loop
      vertex 63.885 66.215 3
      vertex 46.8911 61.0692 3
      vertex 47.2725 60.9776 3
    endloop
  endfacet
  facet normal 0 0 1
    outer loop
      vertex 64.1792 66.473 3
      vertex 46.5 61.1 3
      vertex 46.8911 61.0692 3
    endloop
  endfacet
  facet normal 0 0 1
    outer loop
      vertex 64.5045 66.6903 3
      vertex 46.1089 61.0692 3
      vertex 46.5 61.1 3
    endloop
  endfacet
  facet normal 0 0 1
    outer loop
      vertex 64.5045 66.6903 3
      vertex 37 60.8 3
      vertex 46.1089 61.0692 3
    endloop
  endfacet
  facet normal -0 0 1
    outer loop
      vertex 39.4692 58.6911 3
      vertex 44 58.6 3
      vertex 44.0308 58.9911 3
    endloop
  endfacet
  facet normal -0 0 1
    outer loop
      vertex 39.3776 59.0725 3
      vertex 44.0308 58.9911 3
      vertex 44.1224 59.3725 3
    endloop
  endfacet
  facet normal -0 0 1
    outer loop
      vertex 39.2275 59.435 3
      vertex 44.1224 59.3725 3
      vertex 44.2725 59.735 3
    endloop
  endfacet
  facet normal -0 0 1
    outer loop
      vertex 39.0225 59.7695 3
      vertex 44.2725 59.735 3
      vertex 44.4775 60.0695 3
    endloop
  endfacet
  facet normal 0 0 1
    outer loop
      vertex 38.7678 60.0678 3
      vertex 44.4775 60.0695 3
      vertex 44.7322 60.3678 3
    endloop
  endfacet
  facet normal 0 0 1
    outer loop
      vertex 38.4695 60.3225 3
      vertex 44.7322 60.3678 3
      vertex 45.0305 60.6225 3
    endloop
  endfacet
  facet normal 0 0 1
    outer loop
      vertex 38.135 60.5275 3
      vertex 45.0305 60.6225 3
      vertex 45.365 60.8275 3
    endloop
  endfacet
  facet normal 0 0 1
    outer loop
      vertex 44 58.6 3
      vertex 39.4692 58.6911 3
      vertex 39.5 58.3 3
    endloop
  endfacet
  facet normal 0 0 1
    outer loop
      vertex 37.7725 60.6776 3
      vertex 45.365 60.8275 3
      vertex 45.7275 60.9776 3
    endloop
  endfacet
  facet normal 0 0 1
    outer loop
      vertex 44.0308 58.9911 3
      vertex 39.3776 59.0725 3
      vertex 39.4692 58.6911 3
    endloop
  endfacet
  facet normal 0 -0 1
    outer loop
      vertex 37.3911 60.7692 3
      vertex 46.1089 61.0692 3
      vertex 37 60.8 3
    endloop
  endfacet
  facet normal 0 0 1
    outer loop
      vertex 44.1224 59.3725 3
      vertex 39.2275 59.435 3
      vertex 39.3776 59.0725 3
    endloop
  endfacet
  facet normal 0 0 1
    outer loop
      vertex 44.2725 59.735 3
      vertex 39.0225 59.7695 3
      vertex 39.2275 59.435 3
    endloop
  endfacet
  facet normal 0 0 1
    outer loop
      vertex 44.4775 60.0695 3
      vertex 38.7678 60.0678 3
      vertex 39.0225 59.7695 3
    endloop
  endfacet
  facet normal 0 0 1
    outer loop
      vertex 44.7322 60.3678 3
      vertex 38.4695 60.3225 3
      vertex 38.7678 60.0678 3
    endloop
  endfacet
  facet normal 0 0 1
    outer loop
      vertex 45.0305 60.6225 3
      vertex 38.135 60.5275 3
      vertex 38.4695 60.3225 3
    endloop
  endfacet
  facet normal 0 0 1
    outer loop
      vertex 45.365 60.8275 3
      vertex 37.7725 60.6776 3
      vertex 38.135 60.5275 3
    endloop
  endfacet
  facet normal 0 0 1
    outer loop
      vertex 45.7275 60.9776 3
      vertex 37.3911 60.7692 3
      vertex 37.7725 60.6776 3
    endloop
  endfacet
  facet normal 0 0 1
    outer loop
      vertex 46.1089 61.0692 3
      vertex 37.3911 60.7692 3
      vertex 45.7275 60.9776 3
    endloop
  endfacet
  facet normal 0 0 1
    outer loop
      vertex 64.5045 66.6903 3
      vertex 15.4955 66.6903 3
      vertex 37 60.8 3
    endloop
  endfacet
  facet normal -0 0 1
    outer loop
      vertex 16.8894 63.3273 3
      vertex 34.6224 59.0725 3
      vertex 16.9655 63.7096 3
    endloop
  endfacet
  facet normal 0 0 1
    outer loop
      vertex 34.7725 59.435 3
      vertex 16.9655 63.7096 3
      vertex 34.6224 59.0725 3
    endloop
  endfacet
  facet normal -0 0 1
    outer loop
      vertex 16.9655 63.7096 3
      vertex 34.7725 59.435 3
      vertex 16.991 64.0986 3
    endloop
  endfacet
  facet normal -0 0 1
    outer loop
      vertex 16.991 64.0986 3
      vertex 34.7725 59.435 3
      vertex 16.9911 64.1 3
    endloop
  endfacet
  facet normal 0 0 1
    outer loop
      vertex 34.9775 59.7695 3
      vertex 16.9911 64.1 3
      vertex 34.7725 59.435 3
    endloop
  endfacet
  facet normal 0 0 1
    outer loop
      vertex 16.9655 64.4904 3
      vertex 34.9775 59.7695 3
      vertex 35.2322 60.0678 3
    endloop
  endfacet
  facet normal 0 0 1
    outer loop
      vertex 16.7634 65.2446 3
      vertex 35.2322 60.0678 3
      vertex 35.5305 60.3225 3
    endloop
  endfacet
  facet normal 0 0 1
    outer loop
      vertex 16.5903 65.5955 3
      vertex 35.5305 60.3225 3
      vertex 35.865 60.5275 3
    endloop
  endfacet
  facet normal 0 0 1
    outer loop
      vertex 16.373 65.9208 3
      vertex 35.865 60.5275 3
      vertex 36.2275 60.6776 3
    endloop
  endfacet
  facet normal 0 0 1
    outer loop
      vertex 16.115 66.215 3
      vertex 36.2275 60.6776 3
      vertex 36.6089 60.7692 3
    endloop
  endfacet
  facet normal -0 -0 1
    outer loop
      vertex 15.4967 66.6895 3
      vertex 37 60.8 3
      vertex 15.4955 66.6903 3
    endloop
  endfacet
  facet normal 0 0 1
    outer loop
      vertex 14.7741 66.9891 3
      vertex 65.2259 66.9891 3
      vertex 65.6096 67.0655 3
    endloop
  endfacet
  facet normal 0 0 1
    outer loop
      vertex 14.3904 67.0655 3
      vertex 65.6096 67.0655 3
      vertex 65.611 67.0656 3
    endloop
  endfacet
  facet normal 0 0 1
    outer loop
      vertex 14.3904 67.0655 3
      vertex 65.611 67.0656 3
      vertex 66 67.0911 3
    endloop
  endfacet
  facet normal 0 0 1
    outer loop
      vertex 34.9775 59.7695 3
      vertex 16.991 64.1014 3
      vertex 16.9911 64.1 3
    endloop
  endfacet
  facet normal 0 0 1
    outer loop
      vertex 34.9775 59.7695 3
      vertex 16.9655 64.4904 3
      vertex 16.991 64.1014 3
    endloop
  endfacet
  facet normal 0 0 1
    outer loop
      vertex 35.2322 60.0678 3
      vertex 16.8894 64.8727 3
      vertex 16.9655 64.4904 3
    endloop
  endfacet
  facet normal 0 0 1
    outer loop
      vertex 35.2322 60.0678 3
      vertex 16.8891 64.8741 3
      vertex 16.8894 64.8727 3
    endloop
  endfacet
  facet normal 0 0 1
    outer loop
      vertex 35.2322 60.0678 3
      vertex 16.8887 64.8755 3
      vertex 16.8891 64.8741 3
    endloop
  endfacet
  facet normal 0 0 1
    outer loop
      vertex 35.2322 60.0678 3
      vertex 16.7634 65.2446 3
      vertex 16.8887 64.8755 3
    endloop
  endfacet
  facet normal 0 0 1
    outer loop
      vertex 35.5305 60.3225 3
      vertex 16.7627 65.2459 3
      vertex 16.7634 65.2446 3
    endloop
  endfacet
  facet normal 0 0 1
    outer loop
      vertex 35.5305 60.3225 3
      vertex 16.5903 65.5955 3
      vertex 16.7627 65.2459 3
    endloop
  endfacet
  facet normal 0 0 1
    outer loop
      vertex 35.865 60.5275 3
      vertex 16.5895 65.5967 3
      vertex 16.5903 65.5955 3
    endloop
  endfacet
  facet normal 0 0 1
    outer loop
      vertex 35.865 60.5275 3
      vertex 16.373 65.9208 3
      vertex 16.5895 65.5967 3
    endloop
  endfacet
  facet normal 0 0 1
    outer loop
      vertex 36.2275 60.6776 3
      vertex 16.372 65.9219 3
      vertex 16.373 65.9208 3
    endloop
  endfacet
  facet normal 0 0 1
    outer loop
      vertex 36.2275 60.6776 3
      vertex 16.115 66.215 3
      vertex 16.372 65.9219 3
    endloop
  endfacet
  facet normal 0 0 1
    outer loop
      vertex 36.6089 60.7692 3
      vertex 16.1139 66.2159 3
      vertex 16.115 66.215 3
    endloop
  endfacet
  facet normal 0 0 1
    outer loop
      vertex 36.6089 60.7692 3
      vertex 15.8208 66.473 3
      vertex 16.1139 66.2159 3
    endloop
  endfacet
  facet normal 0 0 1
    outer loop
      vertex 37 60.8 3
      vertex 15.8208 66.473 3
      vertex 36.6089 60.7692 3
    endloop
  endfacet
  facet normal -0 -0 1
    outer loop
      vertex 15.8208 66.473 3
      vertex 37 60.8 3
      vertex 15.4967 66.6895 3
    endloop
  endfacet
  facet normal 0 0 1
    outer loop
      vertex 64.8554 66.8634 3
      vertex 15.4942 66.691 3
      vertex 15.4955 66.6903 3
    endloop
  endfacet
  facet normal 0 0 1
    outer loop
      vertex 64.8554 66.8634 3
      vertex 15.1446 66.8634 3
      vertex 15.4942 66.691 3
    endloop
  endfacet
  facet normal 0 0 1
    outer loop
      vertex 65.2259 66.9891 3
      vertex 14.7755 66.9887 3
      vertex 15.1446 66.8634 3
    endloop
  endfacet
  facet normal 0 0 1
    outer loop
      vertex 65.2259 66.9891 3
      vertex 14.7741 66.9891 3
      vertex 14.7755 66.9887 3
    endloop
  endfacet
  facet normal 0 0 1
    outer loop
      vertex 65.6096 67.0655 3
      vertex 14.7727 66.9894 3
      vertex 14.7741 66.9891 3
    endloop
  endfacet
  facet normal 0 0 1
    outer loop
      vertex 65.6096 67.0655 3
      vertex 14.3904 67.0655 3
      vertex 14.7727 66.9894 3
    endloop
  endfacet
  facet normal 0 0 1
    outer loop
      vertex 14 67.0911 3
      vertex 66 67.0911 3
      vertex 72.1317 67.1 3
    endloop
  endfacet
  facet normal 0 0 1
    outer loop
      vertex 66 67.0911 3
      vertex 14.389 67.0656 3
      vertex 14.3904 67.0655 3
    endloop
  endfacet
  facet normal 0 0 1
    outer loop
      vertex 66 67.0911 3
      vertex 14 67.0911 3
      vertex 14.389 67.0656 3
    endloop
  endfacet
  facet normal 0 0 1
    outer loop
      vertex 7.8661 67.1 3
      vertex 13.2273 66.9894 3
      vertex 13.6096 67.0655 3
    endloop
  endfacet
  facet normal 0 0 1
    outer loop
      vertex 7.8661 67.1 3
      vertex 12.8541 66.8627 3
      vertex 12.8554 66.8634 3
    endloop
  endfacet
  facet normal 0 0 1
    outer loop
      vertex 7.8661 67.1 3
      vertex 12.1803 66.4738 3
      vertex 12.5045 66.6903 3
    endloop
  endfacet
  facet normal 0 0 1
    outer loop
      vertex 8.14089 66.6443 3
      vertex 11.628 65.9219 3
      vertex 11.885 66.215 3
    endloop
  endfacet
  facet normal 0 0 1
    outer loop
      vertex 8.40904 65.8927 3
      vertex 11.2373 65.2459 3
      vertex 11.4097 65.5955 3
    endloop
  endfacet
  facet normal 0 0 1
    outer loop
      vertex 8.47719 65.499 3
      vertex 11.1113 64.8755 3
      vertex 11.2366 65.2446 3
    endloop
  endfacet
  facet normal 0 0 1
    outer loop
      vertex 8.47719 64.701 3
      vertex 11.0344 64.489 3
      vertex 11.0345 64.4904 3
    endloop
  endfacet
  facet normal 0 0 1
    outer loop
      vertex 11.885 61.985 3
      vertex 7.13727 62.3283 3
      vertex 6.80739 62.1028 3
    endloop
  endfacet
  facet normal 0 0 1
    outer loop
      vertex 12.1792 61.727 3
      vertex 6.80739 62.1028 3
      vertex 6.45395 61.9163 3
    endloop
  endfacet
  facet normal 0 0 1
    outer loop
      vertex 12.8541 61.3373 3
      vertex 10.6098 50.2616 3
      vertex 11 50.3 3
    endloop
  endfacet
  facet normal 0 0 1
    outer loop
      vertex 11.0344 64.489 3
      vertex 8.47719 64.701 3
      vertex 11.0089 64.1 3
    endloop
  endfacet
  facet normal 0 0 1
    outer loop
      vertex 11.628 62.2781 3
      vertex 7.43928 62.59 3
      vertex 7.13727 62.3283 3
    endloop
  endfacet
  facet normal 0 0 1
    outer loop
      vertex 12.5045 61.5097 3
      vertex 6.45395 61.9163 3
      vertex 10.6098 50.2616 3
    endloop
  endfacet
  facet normal 0 0 1
    outer loop
      vertex 10.6098 50.2616 3
      vertex 6.45395 61.9163 3
      vertex 10.2346 50.1478 3
    endloop
  endfacet
  facet normal -0 0 1
    outer loop
      vertex 6.08156 61.7713 3
      vertex 10.2346 50.1478 3
      vertex 6.45395 61.9163 3
    endloop
  endfacet
  facet normal 0 0 1
    outer loop
      vertex 11.0089 64.1 3
      vertex 8.47719 64.701 3
      vertex 8.40904 64.3073 3
    endloop
  endfacet
  facet normal -0 0 1
    outer loop
      vertex 8.47719 64.701 3
      vertex 11.0345 64.4904 3
      vertex 8.5 65.1 3
    endloop
  endfacet
  facet normal 0 0 1
    outer loop
      vertex 11.1106 64.8727 3
      vertex 8.5 65.1 3
      vertex 11.0345 64.4904 3
    endloop
  endfacet
  facet normal 0 0 1
    outer loop
      vertex 11.1109 64.8741 3
      vertex 8.5 65.1 3
      vertex 11.1106 64.8727 3
    endloop
  endfacet
  facet normal -0 -0 1
    outer loop
      vertex 8.5 65.1 3
      vertex 11.1113 64.8755 3
      vertex 8.47719 65.499 3
    endloop
  endfacet
  facet normal -0 -0 1
    outer loop
      vertex 8.47719 65.499 3
      vertex 11.2373 65.2459 3
      vertex 8.40904 65.8927 3
    endloop
  endfacet
  facet normal 0 0 1
    outer loop
      vertex 8.40904 65.8927 3
      vertex 11.4097 65.5955 3
      vertex 11.4105 65.5967 3
    endloop
  endfacet
  facet normal 0 0 1
    outer loop
      vertex 8.29645 66.2762 3
      vertex 11.4105 65.5967 3
      vertex 11.627 65.9208 3
    endloop
  endfacet
  facet normal 0 0 1
    outer loop
      vertex 11.628 65.9219 3
      vertex 8.14089 66.6443 3
      vertex 11.627 65.9208 3
    endloop
  endfacet
  facet normal 0 0 1
    outer loop
      vertex 7.94439 66.9922 3
      vertex 11.885 66.215 3
      vertex 11.8861 66.2159 3
    endloop
  endfacet
  facet normal 0 0 1
    outer loop
      vertex 7.94439 66.9922 3
      vertex 11.8861 66.2159 3
      vertex 12.1792 66.473 3
    endloop
  endfacet
  facet normal 0 0 1
    outer loop
      vertex 12.1803 66.4738 3
      vertex 7.8661 67.1 3
      vertex 12.1792 66.473 3
    endloop
  endfacet
  facet normal 0 0 1
    outer loop
      vertex 12.8541 66.8627 3
      vertex 7.8661 67.1 3
      vertex 12.5045 66.6903 3
    endloop
  endfacet
  facet normal 0 0 1
    outer loop
      vertex 11.1113 64.8755 3
      vertex 8.5 65.1 3
      vertex 11.1109 64.8741 3
    endloop
  endfacet
  facet normal 0 0 1
    outer loop
      vertex 7.8661 67.1 3
      vertex 12.8554 66.8634 3
      vertex 13.2245 66.9887 3
    endloop
  endfacet
  facet normal 0 0 1
    outer loop
      vertex 7.8661 67.1 3
      vertex 13.2245 66.9887 3
      vertex 13.2259 66.9891 3
    endloop
  endfacet
  facet normal 0 0 1
    outer loop
      vertex 11.2373 65.2459 3
      vertex 8.47719 65.499 3
      vertex 11.2366 65.2446 3
    endloop
  endfacet
  facet normal 0 0 1
    outer loop
      vertex 11.4105 65.5967 3
      vertex 8.29645 66.2762 3
      vertex 8.40904 65.8927 3
    endloop
  endfacet
  facet normal 0 0 1
    outer loop
      vertex 13.2273 66.9894 3
      vertex 7.8661 67.1 3
      vertex 13.2259 66.9891 3
    endloop
  endfacet
  facet normal 0 0 1
    outer loop
      vertex 11.627 65.9208 3
      vertex 8.14089 66.6443 3
      vertex 8.29645 66.2762 3
    endloop
  endfacet
  facet normal 0 0 1
    outer loop
      vertex 11.885 66.215 3
      vertex 7.94439 66.9922 3
      vertex 8.14089 66.6443 3
    endloop
  endfacet
  facet normal 0 0 1
    outer loop
      vertex 7.8661 67.1 3
      vertex 13.6096 67.0655 3
      vertex 13.611 67.0656 3
    endloop
  endfacet
  facet normal 0 0 1
    outer loop
      vertex 7.8661 67.1 3
      vertex 13.611 67.0656 3
      vertex 14 67.0911 3
    endloop
  endfacet
  facet normal 0 0 1
    outer loop
      vertex 12.1792 66.473 3
      vertex 7.8661 67.1 3
      vertex 7.94439 66.9922 3
    endloop
  endfacet
  facet normal -0 0 1
    outer loop
      vertex 7.8661 67.1 3
      vertex 14 67.0911 3
      vertex 72.1317 67.1 3
    endloop
  endfacet
  facet normal 0 0 1
    outer loop
      vertex 75 32.5 3
      vertex 77 62.2345 3
      vertex 76.8074 62.1028 3
    endloop
  endfacet
  facet normal 0 0 1
    outer loop
      vertex 77 62.2345 3
      vertex 75 32.5 3
      vertex 77 7.86552 3
    endloop
  endfacet
  facet normal 0 0 1
    outer loop
      vertex 75 32.5 3
      vertex 76.8074 62.1028 3
      vertex 76.4539 61.9163 3
    endloop
  endfacet
  facet normal 0 0 1
    outer loop
      vertex 77 7.86552 3
      vertex 75 32.5 3
      vertex 76.8074 7.99722 3
    endloop
  endfacet
  facet normal 0 0 1
    outer loop
      vertex 75 32.5 3
      vertex 76.4539 61.9163 3
      vertex 76.0816 61.7713 3
    endloop
  endfacet
  facet normal 0 0 1
    outer loop
      vertex 76.8074 7.99722 3
      vertex 75 32.5 3
      vertex 76.4539 8.18371 3
    endloop
  endfacet
  facet normal 0 0 1
    outer loop
      vertex 75 32.5 3
      vertex 76.0816 61.7713 3
      vertex 75.6951 61.6697 3
    endloop
  endfacet
  facet normal -0 0 1
    outer loop
      vertex 75 9 3
      vertex 76.4539 8.18371 3
      vertex 75 32.5 3
    endloop
  endfacet
  facet normal 0 0 1
    outer loop
      vertex 75 32.5 3
      vertex 75.6951 61.6697 3
      vertex 75.2995 61.6128 3
    endloop
  endfacet
  facet normal 0 0 1
    outer loop
      vertex 76.4539 8.18371 3
      vertex 75 9 3
      vertex 76.0816 8.3287 3
    endloop
  endfacet
  facet normal 0 0 1
    outer loop
      vertex 76.0816 8.3287 3
      vertex 75 9 3
      vertex 75.6951 8.43029 3
    endloop
  endfacet
  facet normal -0 0 1
    outer loop
      vertex 74.9001 61.6014 3
      vertex 75 32.5 3
      vertex 75.2995 61.6128 3
    endloop
  endfacet
  facet normal 0 0 1
    outer loop
      vertex 63.2678 56.8322 3
      vertex 74.9001 61.6014 3
      vertex 74.5019 61.6356 3
    endloop
  endfacet
  facet normal 0 0 1
    outer loop
      vertex 63.5225 57.1305 3
      vertex 74.5019 61.6356 3
      vertex 74.1102 61.715 3
    endloop
  endfacet
  facet normal 0 0 1
    outer loop
      vertex 63.7275 57.465 3
      vertex 74.1102 61.715 3
      vertex 73.7302 61.8385 3
    endloop
  endfacet
  facet normal 0 0 1
    outer loop
      vertex 67.4955 61.5097 3
      vertex 73.7302 61.8385 3
      vertex 73.3667 62.0045 3
    endloop
  endfacet
  facet normal 0 0 1
    outer loop
      vertex 67.8208 61.727 3
      vertex 73.3667 62.0045 3
      vertex 73.0245 62.2108 3
    endloop
  endfacet
  facet normal 0 0 1
    outer loop
      vertex 68.115 61.985 3
      vertex 73.0245 62.2108 3
      vertex 72.708 62.4549 3
    endloop
  endfacet
  facet normal 0 0 1
    outer loop
      vertex 68.373 62.2792 3
      vertex 72.708 62.4549 3
      vertex 72.4214 62.7334 3
    endloop
  endfacet
  facet normal 0 0 1
    outer loop
      vertex 68.5903 62.6045 3
      vertex 72.4214 62.7334 3
      vertex 72.1684 63.0428 3
    endloop
  endfacet
  facet normal 0 0 1
    outer loop
      vertex 68.7634 62.9554 3
      vertex 72.1684 63.0428 3
      vertex 71.9524 63.3789 3
    endloop
  endfacet
  facet normal 0 0 1
    outer loop
      vertex 68.8891 63.3259 3
      vertex 71.9524 63.3789 3
      vertex 71.7761 63.7376 3
    endloop
  endfacet
  facet normal 0 0 1
    outer loop
      vertex 68.9655 63.7096 3
      vertex 71.7761 63.7376 3
      vertex 71.6418 64.1139 3
    endloop
  endfacet
  facet normal 0 0 1
    outer loop
      vertex 68.991 64.0986 3
      vertex 71.6418 64.1139 3
      vertex 71.5513 64.5032 3
    endloop
  endfacet
  facet normal 0 0 1
    outer loop
      vertex 68.9911 64.1 3
      vertex 71.5513 64.5032 3
      vertex 71.5057 64.9002 3
    endloop
  endfacet
  facet normal 0 0 1
    outer loop
      vertex 71.5513 64.5032 3
      vertex 68.9911 64.1 3
      vertex 68.991 64.0986 3
    endloop
  endfacet
  facet normal 0 0 1
    outer loop
      vertex 71.6418 64.1139 3
      vertex 68.991 64.0986 3
      vertex 68.9655 63.7096 3
    endloop
  endfacet
  facet normal 0 0 1
    outer loop
      vertex 71.7761 63.7376 3
      vertex 68.9655 63.7096 3
      vertex 68.8894 63.3273 3
    endloop
  endfacet
  facet normal 0 0 1
    outer loop
      vertex 71.7761 63.7376 3
      vertex 68.8894 63.3273 3
      vertex 68.8891 63.3259 3
    endloop
  endfacet
  facet normal 0 0 1
    outer loop
      vertex 71.9524 63.3789 3
      vertex 68.8891 63.3259 3
      vertex 68.8887 63.3245 3
    endloop
  endfacet
  facet normal 0 0 1
    outer loop
      vertex 71.9524 63.3789 3
      vertex 68.8887 63.3245 3
      vertex 68.7634 62.9554 3
    endloop
  endfacet
  facet normal 0 0 1
    outer loop
      vertex 72.1684 63.0428 3
      vertex 68.7634 62.9554 3
      vertex 68.7627 62.9541 3
    endloop
  endfacet
  facet normal 0 0 1
    outer loop
      vertex 72.1684 63.0428 3
      vertex 68.7627 62.9541 3
      vertex 68.5903 62.6045 3
    endloop
  endfacet
  facet normal 0 0 1
    outer loop
      vertex 72.4214 62.7334 3
      vertex 68.5903 62.6045 3
      vertex 68.5895 62.6033 3
    endloop
  endfacet
  facet normal 0 0 1
    outer loop
      vertex 72.4214 62.7334 3
      vertex 68.5895 62.6033 3
      vertex 68.373 62.2792 3
    endloop
  endfacet
  facet normal 0 0 1
    outer loop
      vertex 72.708 62.4549 3
      vertex 68.373 62.2792 3
      vertex 68.372 62.2781 3
    endloop
  endfacet
  facet normal 0 0 1
    outer loop
      vertex 72.708 62.4549 3
      vertex 68.372 62.2781 3
      vertex 68.115 61.985 3
    endloop
  endfacet
  facet normal 0 0 1
    outer loop
      vertex 73.0245 62.2108 3
      vertex 68.115 61.985 3
      vertex 67.8219 61.728 3
    endloop
  endfacet
  facet normal 0 0 1
    outer loop
      vertex 73.0245 62.2108 3
      vertex 67.8219 61.728 3
      vertex 67.8208 61.727 3
    endloop
  endfacet
  facet normal 0 0 1
    outer loop
      vertex 73.3667 62.0045 3
      vertex 67.8208 61.727 3
      vertex 67.8197 61.7262 3
    endloop
  endfacet
  facet normal 0 0 1
    outer loop
      vertex 73.3667 62.0045 3
      vertex 67.8197 61.7262 3
      vertex 67.4955 61.5097 3
    endloop
  endfacet
  facet normal 0 0 1
    outer loop
      vertex 73.7302 61.8385 3
      vertex 67.4955 61.5097 3
      vertex 63.7275 57.465 3
    endloop
  endfacet
  facet normal 0 0 1
    outer loop
      vertex 63.7275 57.465 3
      vertex 67.4955 61.5097 3
      vertex 67.1459 61.3373 3
    endloop
  endfacet
  facet normal 0 0 1
    outer loop
      vertex 63.8776 57.8275 3
      vertex 67.1459 61.3373 3
      vertex 67.1446 61.3366 3
    endloop
  endfacet
  facet normal 0 0 1
    outer loop
      vertex 63.8776 57.8275 3
      vertex 67.1446 61.3366 3
      vertex 67.1433 61.3362 3
    endloop
  endfacet
  facet normal 0 0 1
    outer loop
      vertex 63.8776 57.8275 3
      vertex 67.1433 61.3362 3
      vertex 66.7741 61.2109 3
    endloop
  endfacet
  facet normal 0 0 1
    outer loop
      vertex 63.9692 58.2089 3
      vertex 66.7741 61.2109 3
      vertex 66.7727 61.2106 3
    endloop
  endfacet
  facet normal 0 0 1
    outer loop
      vertex 63.9692 58.2089 3
      vertex 66.7727 61.2106 3
      vertex 66.3904 61.1345 3
    endloop
  endfacet
  facet normal 0 0 1
    outer loop
      vertex 64 58.6 3
      vertex 66.3904 61.1345 3
      vertex 66.0014 61.109 3
    endloop
  endfacet
  facet normal 0 0 1
    outer loop
      vertex 64 58.6 3
      vertex 66.0014 61.109 3
      vertex 66 61.1089 3
    endloop
  endfacet
  facet normal 0 0 1
    outer loop
      vertex 63.9692 58.9911 3
      vertex 66 61.1089 3
      vertex 65.9986 61.109 3
    endloop
  endfacet
  facet normal 0 0 1
    outer loop
      vertex 63.9692 58.9911 3
      vertex 65.9986 61.109 3
      vertex 65.6096 61.1345 3
    endloop
  endfacet
  facet normal 0 0 1
    outer loop
      vertex 63.9692 58.9911 3
      vertex 65.6096 61.1345 3
      vertex 65.2273 61.2106 3
    endloop
  endfacet
  facet normal 0 0 1
    outer loop
      vertex 63.9692 58.9911 3
      vertex 65.2273 61.2106 3
      vertex 65.2259 61.2109 3
    endloop
  endfacet
  facet normal 0 0 1
    outer loop
      vertex 63.9692 58.9911 3
      vertex 65.2259 61.2109 3
      vertex 64.8567 61.3362 3
    endloop
  endfacet
  facet normal 0 0 1
    outer loop
      vertex 63.9692 58.9911 3
      vertex 64.8567 61.3362 3
      vertex 64.8554 61.3366 3
    endloop
  endfacet
  facet normal 0 0 1
    outer loop
      vertex 63.9692 58.9911 3
      vertex 64.8554 61.3366 3
      vertex 64.8541 61.3373 3
    endloop
  endfacet
  facet normal 0 0 1
    outer loop
      vertex 63.9692 58.9911 3
      vertex 64.8541 61.3373 3
      vertex 64.5045 61.5097 3
    endloop
  endfacet
  facet normal 0 0 1
    outer loop
      vertex 63.9692 58.9911 3
      vertex 64.5045 61.5097 3
      vertex 64.1803 61.7262 3
    endloop
  endfacet
  facet normal 0 0 1
    outer loop
      vertex 63.9692 58.9911 3
      vertex 64.1803 61.7262 3
      vertex 64.1792 61.727 3
    endloop
  endfacet
  facet normal 0 0 1
    outer loop
      vertex 63.2678 60.3678 3
      vertex 64.1792 61.727 3
      vertex 64.1781 61.728 3
    endloop
  endfacet
  facet normal 0 0 1
    outer loop
      vertex 66.3904 61.1345 3
      vertex 64 58.6 3
      vertex 63.9692 58.2089 3
    endloop
  endfacet
  facet normal 0 0 1
    outer loop
      vertex 66.7741 61.2109 3
      vertex 63.9692 58.2089 3
      vertex 63.8776 57.8275 3
    endloop
  endfacet
  facet normal 0 0 1
    outer loop
      vertex 67.1459 61.3373 3
      vertex 63.8776 57.8275 3
      vertex 63.7275 57.465 3
    endloop
  endfacet
  facet normal 0 0 1
    outer loop
      vertex 74.1102 61.715 3
      vertex 63.7275 57.465 3
      vertex 63.5225 57.1305 3
    endloop
  endfacet
  facet normal 0 0 1
    outer loop
      vertex 74.5019 61.6356 3
      vertex 63.5225 57.1305 3
      vertex 63.2678 56.8322 3
    endloop
  endfacet
  facet normal 0 0 1
    outer loop
      vertex 74.9001 61.6014 3
      vertex 63.2678 56.8322 3
      vertex 75 32.5 3
    endloop
  endfacet
  facet normal -0 0 1
    outer loop
      vertex 62.9695 56.5775 3
      vertex 75 32.5 3
      vertex 63.2678 56.8322 3
    endloop
  endfacet
  facet normal -0 0 1
    outer loop
      vertex 62.635 56.3725 3
      vertex 75 32.5 3
      vertex 62.9695 56.5775 3
    endloop
  endfacet
  facet normal -0 0 1
    outer loop
      vertex 62.2725 56.2224 3
      vertex 75 32.5 3
      vertex 62.635 56.3725 3
    endloop
  endfacet
  facet normal -0 0 1
    outer loop
      vertex 61.8911 56.1308 3
      vertex 75 32.5 3
      vertex 62.2725 56.2224 3
    endloop
  endfacet
  facet normal -0 0 1
    outer loop
      vertex 61.5 56.1 3
      vertex 75 32.5 3
      vertex 61.8911 56.1308 3
    endloop
  endfacet
  facet normal 0 0 1
    outer loop
      vertex 61.1089 56.1308 3
      vertex 75 32.5 3
      vertex 61.5 56.1 3
    endloop
  endfacet
  facet normal 0 0 1
    outer loop
      vertex 39.5 38.3 3
      vertex 61.1089 56.1308 3
      vertex 60.7275 56.2224 3
    endloop
  endfacet
  facet normal 0 0 1
    outer loop
      vertex 39.5 38.3 3
      vertex 60.7275 56.2224 3
      vertex 60.365 56.3725 3
    endloop
  endfacet
  facet normal 0 0 1
    outer loop
      vertex 47.635 56.3725 3
      vertex 60.365 56.3725 3
      vertex 60.0305 56.5775 3
    endloop
  endfacet
  facet normal 0 0 1
    outer loop
      vertex 47.9695 56.5775 3
      vertex 60.0305 56.5775 3
      vertex 59.7322 56.8322 3
    endloop
  endfacet
  facet normal 0 0 1
    outer loop
      vertex 48.2678 56.8322 3
      vertex 59.7322 56.8322 3
      vertex 59.4775 57.1305 3
    endloop
  endfacet
  facet normal -0 0 1
    outer loop
      vertex 49 58.6 3
      vertex 59.0308 58.2089 3
      vertex 59 58.6 3
    endloop
  endfacet
  facet normal 0 0 1
    outer loop
      vertex 48.9692 58.2089 3
      vertex 59.0308 58.2089 3
      vertex 49 58.6 3
    endloop
  endfacet
  facet normal 0 0 1
    outer loop
      vertex 59.0308 58.2089 3
      vertex 48.9692 58.2089 3
      vertex 59.1224 57.8275 3
    endloop
  endfacet
  facet normal 0 0 1
    outer loop
      vertex 48.8776 57.8275 3
      vertex 59.1224 57.8275 3
      vertex 48.9692 58.2089 3
    endloop
  endfacet
  facet normal 0 0 1
    outer loop
      vertex 59.1224 57.8275 3
      vertex 48.8776 57.8275 3
      vertex 59.2725 57.465 3
    endloop
  endfacet
  facet normal 0 0 1
    outer loop
      vertex 48.7275 57.465 3
      vertex 59.2725 57.465 3
      vertex 48.8776 57.8275 3
    endloop
  endfacet
  facet normal 0 0 1
    outer loop
      vertex 59.2725 57.465 3
      vertex 48.7275 57.465 3
      vertex 59.4775 57.1305 3
    endloop
  endfacet
  facet normal 0 0 1
    outer loop
      vertex 48.5225 57.1305 3
      vertex 59.4775 57.1305 3
      vertex 48.7275 57.465 3
    endloop
  endfacet
  facet normal 0 0 1
    outer loop
      vertex 48.2678 56.8322 3
      vertex 59.4775 57.1305 3
      vertex 48.5225 57.1305 3
    endloop
  endfacet
  facet normal 0 0 1
    outer loop
      vertex 59.7322 56.8322 3
      vertex 48.2678 56.8322 3
      vertex 47.9695 56.5775 3
    endloop
  endfacet
  facet normal 0 0 1
    outer loop
      vertex 60.0305 56.5775 3
      vertex 47.9695 56.5775 3
      vertex 47.635 56.3725 3
    endloop
  endfacet
  facet normal 0 0 1
    outer loop
      vertex 60.365 56.3725 3
      vertex 47.635 56.3725 3
      vertex 39.5 38.3 3
    endloop
  endfacet
  facet normal 0 0 1
    outer loop
      vertex 39.5 38.3 3
      vertex 47.635 56.3725 3
      vertex 47.2725 56.2224 3
    endloop
  endfacet
  facet normal 0 0 1
    outer loop
      vertex 39.5 38.3 3
      vertex 47.2725 56.2224 3
      vertex 46.8911 56.1308 3
    endloop
  endfacet
  facet normal 0 0 1
    outer loop
      vertex 39.5 38.3 3
      vertex 46.8911 56.1308 3
      vertex 46.5 56.1 3
    endloop
  endfacet
  facet normal 0 0 1
    outer loop
      vertex 39.5 38.3 3
      vertex 46.5 56.1 3
      vertex 46.1089 56.1308 3
    endloop
  endfacet
  facet normal 0 0 1
    outer loop
      vertex 39.5 38.3 3
      vertex 46.1089 56.1308 3
      vertex 45.7275 56.2224 3
    endloop
  endfacet
  facet normal 0 0 1
    outer loop
      vertex 39.5 38.3 3
      vertex 45.7275 56.2224 3
      vertex 45.365 56.3725 3
    endloop
  endfacet
  facet normal 0 0 1
    outer loop
      vertex 39.5 38.3 3
      vertex 45.365 56.3725 3
      vertex 45.0305 56.5775 3
    endloop
  endfacet
  facet normal -0 0 1
    outer loop
      vertex 39.5 58.3 3
      vertex 44.0308 58.2089 3
      vertex 44 58.6 3
    endloop
  endfacet
  facet normal 0 0 1
    outer loop
      vertex 39.4692 57.9089 3
      vertex 44.0308 58.2089 3
      vertex 39.5 58.3 3
    endloop
  endfacet
  facet normal 0 0 1
    outer loop
      vertex 44.0308 58.2089 3
      vertex 39.4692 57.9089 3
      vertex 44.1224 57.8275 3
    endloop
  endfacet
  facet normal 0 0 1
    outer loop
      vertex 39.3776 57.5275 3
      vertex 44.1224 57.8275 3
      vertex 39.4692 57.9089 3
    endloop
  endfacet
  facet normal 0 0 1
    outer loop
      vertex 44.1224 57.8275 3
      vertex 39.3776 57.5275 3
      vertex 44.2725 57.465 3
    endloop
  endfacet
  facet normal 0 0 1
    outer loop
      vertex 39.2275 57.165 3
      vertex 44.2725 57.465 3
      vertex 39.3776 57.5275 3
    endloop
  endfacet
  facet normal 0 0 1
    outer loop
      vertex 44.2725 57.465 3
      vertex 39.2275 57.165 3
      vertex 44.4775 57.1305 3
    endloop
  endfacet
  facet normal 0 0 1
    outer loop
      vertex 61.1089 56.1308 3
      vertex 39.5 38.3 3
      vertex 75 32.5 3
    endloop
  endfacet
  facet normal -0 0 1
    outer loop
      vertex 39.4692 37.9089 3
      vertex 75 32.5 3
      vertex 39.5 38.3 3
    endloop
  endfacet
  facet normal -0 0 1
    outer loop
      vertex 39.3776 37.5275 3
      vertex 75 32.5 3
      vertex 39.4692 37.9089 3
    endloop
  endfacet
  facet normal -0 0 1
    outer loop
      vertex 39.2275 37.165 3
      vertex 75 32.5 3
      vertex 39.3776 37.5275 3
    endloop
  endfacet
  facet normal -0 0 1
    outer loop
      vertex 39.0225 36.8305 3
      vertex 75 32.5 3
      vertex 39.2275 37.165 3
    endloop
  endfacet
  facet normal -0 0 1
    outer loop
      vertex 38.7678 36.5322 3
      vertex 75 32.5 3
      vertex 39.0225 36.8305 3
    endloop
  endfacet
  facet normal -0 0 1
    outer loop
      vertex 38.4695 36.2775 3
      vertex 75 32.5 3
      vertex 38.7678 36.5322 3
    endloop
  endfacet
  facet normal -0 0 1
    outer loop
      vertex 38.135 36.0725 3
      vertex 75 32.5 3
      vertex 38.4695 36.2775 3
    endloop
  endfacet
  facet normal -0 0 1
    outer loop
      vertex 37.7725 35.9224 3
      vertex 75 32.5 3
      vertex 38.135 36.0725 3
    endloop
  endfacet
  facet normal -0 0 1
    outer loop
      vertex 37.3911 35.8308 3
      vertex 75 32.5 3
      vertex 37.7725 35.9224 3
    endloop
  endfacet
  facet normal -0 0 1
    outer loop
      vertex 37 35.8 3
      vertex 75 32.5 3
      vertex 37.3911 35.8308 3
    endloop
  endfacet
  facet normal 0 0 1
    outer loop
      vertex 5 32.5 3
      vertex 37 35.8 3
      vertex 36.6089 35.8308 3
    endloop
  endfacet
  facet normal -0 0 1
    outer loop
      vertex 16.8891 63.3259 3
      vertex 34.6224 59.0725 3
      vertex 16.8894 63.3273 3
    endloop
  endfacet
  facet normal 0 0 1
    outer loop
      vertex 34.6224 59.0725 3
      vertex 16.8891 63.3259 3
      vertex 34.5308 58.6911 3
    endloop
  endfacet
  facet normal -0 0 1
    outer loop
      vertex 16.8887 63.3245 3
      vertex 34.5308 58.6911 3
      vertex 16.8891 63.3259 3
    endloop
  endfacet
  facet normal -0 0 1
    outer loop
      vertex 16.7634 62.9554 3
      vertex 34.5308 58.6911 3
      vertex 16.8887 63.3245 3
    endloop
  endfacet
  facet normal 0 0 1
    outer loop
      vertex 34.5308 58.6911 3
      vertex 16.7634 62.9554 3
      vertex 34.5 58.3 3
    endloop
  endfacet
  facet normal -0 0 1
    outer loop
      vertex 16.7627 62.9541 3
      vertex 34.5 58.3 3
      vertex 16.7634 62.9554 3
    endloop
  endfacet
  facet normal -0 0 1
    outer loop
      vertex 16.5903 62.6045 3
      vertex 34.5 58.3 3
      vertex 16.7627 62.9541 3
    endloop
  endfacet
  facet normal 0 0 1
    outer loop
      vertex 34.5308 57.9089 3
      vertex 16.5903 62.6045 3
      vertex 16.5895 62.6033 3
    endloop
  endfacet
  facet normal 0 0 1
    outer loop
      vertex 34.5308 57.9089 3
      vertex 16.5895 62.6033 3
      vertex 16.373 62.2792 3
    endloop
  endfacet
  facet normal 0 0 1
    outer loop
      vertex 34.5308 57.9089 3
      vertex 16.373 62.2792 3
      vertex 16.372 62.2781 3
    endloop
  endfacet
  facet normal 0 0 1
    outer loop
      vertex 34.7725 39.435 3
      vertex 12.8478 47.5346 3
      vertex 34.6224 39.0725 3
    endloop
  endfacet
  facet normal -0 0 1
    outer loop
      vertex 12.6629 47.1889 3
      vertex 34.6224 39.0725 3
      vertex 12.8478 47.5346 3
    endloop
  endfacet
  facet normal 0 0 1
    outer loop
      vertex 34.6224 39.0725 3
      vertex 12.6629 47.1889 3
      vertex 34.5308 38.6911 3
    endloop
  endfacet
  facet normal 0 0 1
    outer loop
      vertex 34.5308 38.6911 3
      vertex 12.6629 47.1889 3
      vertex 34.5 38.3 3
    endloop
  endfacet
  facet normal 0 0 1
    outer loop
      vertex 34.6224 57.5275 3
      vertex 16.372 62.2781 3
      vertex 16.115 61.985 3
    endloop
  endfacet
  facet normal 0 0 1
    outer loop
      vertex 12.9616 48.6902 3
      vertex 34.6224 57.5275 3
      vertex 16.115 61.985 3
    endloop
  endfacet
  facet normal 0 0 1
    outer loop
      vertex 12.9616 48.6902 3
      vertex 16.115 61.985 3
      vertex 15.8219 61.728 3
    endloop
  endfacet
  facet normal 0 0 1
    outer loop
      vertex 12.9616 48.6902 3
      vertex 15.8219 61.728 3
      vertex 15.8208 61.727 3
    endloop
  endfacet
  facet normal 0 0 1
    outer loop
      vertex 12.9616 48.6902 3
      vertex 15.8208 61.727 3
      vertex 15.8197 61.7262 3
    endloop
  endfacet
  facet normal 0 0 1
    outer loop
      vertex 12.9616 48.6902 3
      vertex 15.8197 61.7262 3
      vertex 15.4955 61.5097 3
    endloop
  endfacet
  facet normal 0 0 1
    outer loop
      vertex 12.9616 48.6902 3
      vertex 15.4955 61.5097 3
      vertex 15.1459 61.3373 3
    endloop
  endfacet
  facet normal 0 0 1
    outer loop
      vertex 12.9616 48.6902 3
      vertex 15.1459 61.3373 3
      vertex 15.1446 61.3366 3
    endloop
  endfacet
  facet normal 0 0 1
    outer loop
      vertex 12.9616 48.6902 3
      vertex 15.1446 61.3366 3
      vertex 15.1433 61.3362 3
    endloop
  endfacet
  facet normal 0 0 1
    outer loop
      vertex 12.9616 48.6902 3
      vertex 15.1433 61.3362 3
      vertex 14.7741 61.2109 3
    endloop
  endfacet
  facet normal 0 0 1
    outer loop
      vertex 12.9616 48.6902 3
      vertex 14.7741 61.2109 3
      vertex 14.7727 61.2106 3
    endloop
  endfacet
  facet normal 0 0 1
    outer loop
      vertex 12.9616 48.6902 3
      vertex 14.7727 61.2106 3
      vertex 14.3904 61.1345 3
    endloop
  endfacet
  facet normal 0 0 1
    outer loop
      vertex 12.9616 48.6902 3
      vertex 14.3904 61.1345 3
      vertex 14.0014 61.109 3
    endloop
  endfacet
  facet normal -0 0 1
    outer loop
      vertex 12.4142 46.8858 3
      vertex 34.5 38.3 3
      vertex 12.6629 47.1889 3
    endloop
  endfacet
  facet normal 0 0 1
    outer loop
      vertex 12.9616 48.6902 3
      vertex 14.0014 61.109 3
      vertex 14 61.1089 3
    endloop
  endfacet
  facet normal 0 0 1
    outer loop
      vertex 12.9616 48.6902 3
      vertex 14 61.1089 3
      vertex 13.9986 61.109 3
    endloop
  endfacet
  facet normal 0 0 1
    outer loop
      vertex 12.9616 48.6902 3
      vertex 13.9986 61.109 3
      vertex 13.6096 61.1345 3
    endloop
  endfacet
  facet normal 0 0 1
    outer loop
      vertex 12.9616 48.6902 3
      vertex 13.6096 61.1345 3
      vertex 13.2273 61.2106 3
    endloop
  endfacet
  facet normal 0 0 1
    outer loop
      vertex 11.3902 50.2616 3
      vertex 13.2273 61.2106 3
      vertex 13.2259 61.2109 3
    endloop
  endfacet
  facet normal 0 0 1
    outer loop
      vertex 34.5 38.3 3
      vertex 12.4142 46.8858 3
      vertex 34.5308 37.9089 3
    endloop
  endfacet
  facet normal -0 0 1
    outer loop
      vertex 12.1111 46.6371 3
      vertex 34.5308 37.9089 3
      vertex 12.4142 46.8858 3
    endloop
  endfacet
  facet normal 0 0 1
    outer loop
      vertex 34.5308 37.9089 3
      vertex 12.1111 46.6371 3
      vertex 34.6224 37.5275 3
    endloop
  endfacet
  facet normal 0 0 1
    outer loop
      vertex 5 32.5 3
      vertex 34.6224 37.5275 3
      vertex 12.1111 46.6371 3
    endloop
  endfacet
  facet normal 0 0 1
    outer loop
      vertex 34.6224 37.5275 3
      vertex 5 32.5 3
      vertex 34.7725 37.165 3
    endloop
  endfacet
  facet normal 0 0 1
    outer loop
      vertex 34.7725 37.165 3
      vertex 5 32.5 3
      vertex 34.9775 36.8305 3
    endloop
  endfacet
  facet normal 0 0 1
    outer loop
      vertex 34.9775 36.8305 3
      vertex 5 32.5 3
      vertex 35.2322 36.5322 3
    endloop
  endfacet
  facet normal 0 0 1
    outer loop
      vertex 35.2322 36.5322 3
      vertex 5 32.5 3
      vertex 35.5305 36.2775 3
    endloop
  endfacet
  facet normal 0 0 1
    outer loop
      vertex 5 32.5 3
      vertex 12.1111 46.6371 3
      vertex 11.7654 46.4522 3
    endloop
  endfacet
  facet normal 0 0 1
    outer loop
      vertex 5 32.5 3
      vertex 11.7654 46.4522 3
      vertex 11.3902 46.3384 3
    endloop
  endfacet
  facet normal 0 0 1
    outer loop
      vertex 5 32.5 3
      vertex 11.3902 46.3384 3
      vertex 11 46.3 3
    endloop
  endfacet
  facet normal 0 0 1
    outer loop
      vertex 35.5305 36.2775 3
      vertex 5 32.5 3
      vertex 35.865 36.0725 3
    endloop
  endfacet
  facet normal 0 0 1
    outer loop
      vertex 5 32.5 3
      vertex 11 46.3 3
      vertex 10.6098 46.3384 3
    endloop
  endfacet
  facet normal 0 0 1
    outer loop
      vertex 5 32.5 3
      vertex 10.6098 46.3384 3
      vertex 10.2346 46.4522 3
    endloop
  endfacet
  facet normal 0 0 1
    outer loop
      vertex 11.0344 63.711 3
      vertex 8.40904 64.3073 3
      vertex 8.29645 63.9238 3
    endloop
  endfacet
  facet normal 0 0 1
    outer loop
      vertex 11.1106 63.3273 3
      vertex 8.29645 63.9238 3
      vertex 8.14089 63.5557 3
    endloop
  endfacet
  facet normal 0 0 1
    outer loop
      vertex 11.2366 62.9554 3
      vertex 8.14089 63.5557 3
      vertex 7.94439 63.2078 3
    endloop
  endfacet
  facet normal 0 0 1
    outer loop
      vertex 11.4097 62.6045 3
      vertex 7.94439 63.2078 3
      vertex 7.7095 62.8845 3
    endloop
  endfacet
  facet normal 0 0 1
    outer loop
      vertex 11.4105 62.6033 3
      vertex 7.7095 62.8845 3
      vertex 7.43928 62.59 3
    endloop
  endfacet
  facet normal -0 0 1
    outer loop
      vertex 5.69507 61.6697 3
      vertex 10.2346 50.1478 3
      vertex 6.08156 61.7713 3
    endloop
  endfacet
  facet normal 0 0 1
    outer loop
      vertex 10.2346 50.1478 3
      vertex 5.69507 61.6697 3
      vertex 9.88886 49.9629 3
    endloop
  endfacet
  facet normal -0 0 1
    outer loop
      vertex 5.29951 61.6128 3
      vertex 9.88886 49.9629 3
      vertex 5.69507 61.6697 3
    endloop
  endfacet
  facet normal 0 0 1
    outer loop
      vertex 9.88886 49.9629 3
      vertex 5.29951 61.6128 3
      vertex 9.58579 49.7142 3
    endloop
  endfacet
  facet normal -0 0 1
    outer loop
      vertex 4.90005 61.6014 3
      vertex 9.58579 49.7142 3
      vertex 5.29951 61.6128 3
    endloop
  endfacet
  facet normal 0 0 1
    outer loop
      vertex 4.5019 61.6356 3
      vertex 9.58579 49.7142 3
      vertex 4.90005 61.6014 3
    endloop
  endfacet
  facet normal 0 0 1
    outer loop
      vertex 9.58579 49.7142 3
      vertex 4.5019 61.6356 3
      vertex 9.33706 49.4111 3
    endloop
  endfacet
  facet normal 0 0 1
    outer loop
      vertex 4.11024 61.715 3
      vertex 9.33706 49.4111 3
      vertex 4.5019 61.6356 3
    endloop
  endfacet
  facet normal 0 0 1
    outer loop
      vertex 9.33706 49.4111 3
      vertex 4.11024 61.715 3
      vertex 9.15224 49.0654 3
    endloop
  endfacet
  facet normal 0 0 1
    outer loop
      vertex 37 35.8 3
      vertex 5 32.5 3
      vertex 75 32.5 3
    endloop
  endfacet
  facet normal 0 0 1
    outer loop
      vertex 36.2275 35.9224 3
      vertex 5 32.5 3
      vertex 36.6089 35.8308 3
    endloop
  endfacet
  facet normal 0 0 1
    outer loop
      vertex 35.865 36.0725 3
      vertex 5 32.5 3
      vertex 36.2275 35.9224 3
    endloop
  endfacet
  facet normal 0 0 1
    outer loop
      vertex 9.88886 46.6371 3
      vertex 5 32.5 3
      vertex 10.2346 46.4522 3
    endloop
  endfacet
  facet normal 0 0 1
    outer loop
      vertex 9.58579 46.8858 3
      vertex 5 32.5 3
      vertex 9.88886 46.6371 3
    endloop
  endfacet
  facet normal 0 0 1
    outer loop
      vertex 9.33706 47.1889 3
      vertex 5 32.5 3
      vertex 9.58579 46.8858 3
    endloop
  endfacet
  facet normal 0 0 1
    outer loop
      vertex 9.15224 47.5346 3
      vertex 5 32.5 3
      vertex 9.33706 47.1889 3
    endloop
  endfacet
  facet normal 0 0 1
    outer loop
      vertex 9.03843 47.9098 3
      vertex 5 32.5 3
      vertex 9.15224 47.5346 3
    endloop
  endfacet
  facet normal 0 0 1
    outer loop
      vertex 3.73017 61.8385 3
      vertex 9.15224 49.0654 3
      vertex 4.11024 61.715 3
    endloop
  endfacet
  facet normal 0 0 1
    outer loop
      vertex 9.15224 49.0654 3
      vertex 3.36666 62.0045 3
      vertex 9.03843 48.6902 3
    endloop
  endfacet
  facet normal 0 0 1
    outer loop
      vertex 3.36666 62.0045 3
      vertex 9.15224 49.0654 3
      vertex 3.73017 61.8385 3
    endloop
  endfacet
  facet normal 0 0 1
    outer loop
      vertex 75.6951 8.43029 3
      vertex 75 9 3
      vertex 75.2995 8.48716 3
    endloop
  endfacet
  facet normal 0 0 1
    outer loop
      vertex 75 9 3
      vertex 74.9001 8.49857 3
      vertex 75.2995 8.48716 3
    endloop
  endfacet
  facet normal 0 0 1
    outer loop
      vertex 75 9 3
      vertex 74.5019 8.46437 3
      vertex 74.9001 8.49857 3
    endloop
  endfacet
  facet normal 0 0 1
    outer loop
      vertex 75 9 3
      vertex 74.1102 8.38501 3
      vertex 74.5019 8.46437 3
    endloop
  endfacet
  facet normal 0 0 1
    outer loop
      vertex 75 9 3
      vertex 73.7302 8.26152 3
      vertex 74.1102 8.38501 3
    endloop
  endfacet
  facet normal -0 0 1
    outer loop
      vertex 67.4955 8.59033 3
      vertex 73.7302 8.26152 3
      vertex 75 9 3
    endloop
  endfacet
  facet normal -0 0 1
    outer loop
      vertex 68.9655 5.60959 3
      vertex 71.5513 5.59683 3
      vertex 68.991 5.99857 3
    endloop
  endfacet
  facet normal -0 0 1
    outer loop
      vertex 68.991 5.99857 3
      vertex 71.5513 5.59683 3
      vertex 68.9911 6 3
    endloop
  endfacet
  facet normal 0 0 1
    outer loop
      vertex 71.6418 5.98606 3
      vertex 68.9911 6 3
      vertex 71.5513 5.59683 3
    endloop
  endfacet
  facet normal 0 0 1
    outer loop
      vertex 68.9655 6.39041 3
      vertex 71.6418 5.98606 3
      vertex 71.7761 6.36244 3
    endloop
  endfacet
  facet normal 0 0 1
    outer loop
      vertex 68.8891 6.77414 3
      vertex 71.7761 6.36244 3
      vertex 71.9524 6.72106 3
    endloop
  endfacet
  facet normal 0 0 1
    outer loop
      vertex 68.7634 7.14463 3
      vertex 71.9524 6.72106 3
      vertex 72.1684 7.05725 3
    endloop
  endfacet
  facet normal 0 0 1
    outer loop
      vertex 68.5903 7.49553 3
      vertex 72.1684 7.05725 3
      vertex 72.4214 7.36661 3
    endloop
  endfacet
  facet normal 0 0 1
    outer loop
      vertex 68.373 7.82084 3
      vertex 72.4214 7.36661 3
      vertex 72.708 7.64512 3
    endloop
  endfacet
  facet normal 0 0 1
    outer loop
      vertex 68.115 8.115 3
      vertex 72.708 7.64512 3
      vertex 73.0245 7.88915 3
    endloop
  endfacet
  facet normal 0 0 1
    outer loop
      vertex 67.8208 8.37297 3
      vertex 73.0245 7.88915 3
      vertex 73.3667 8.09552 3
    endloop
  endfacet
  facet normal 0 0 1
    outer loop
      vertex 73.7302 8.26152 3
      vertex 67.4955 8.59033 3
      vertex 73.3667 8.09552 3
    endloop
  endfacet
  facet normal 0 0 1
    outer loop
      vertex 71.6418 5.98606 3
      vertex 68.991 6.00143 3
      vertex 68.9911 6 3
    endloop
  endfacet
  facet normal 0 0 1
    outer loop
      vertex 71.6418 5.98606 3
      vertex 68.9655 6.39041 3
      vertex 68.991 6.00143 3
    endloop
  endfacet
  facet normal 0 0 1
    outer loop
      vertex 71.7761 6.36244 3
      vertex 68.8894 6.77274 3
      vertex 68.9655 6.39041 3
    endloop
  endfacet
  facet normal 0 0 1
    outer loop
      vertex 71.7761 6.36244 3
      vertex 68.8891 6.77414 3
      vertex 68.8894 6.77274 3
    endloop
  endfacet
  facet normal 0 0 1
    outer loop
      vertex 71.9524 6.72106 3
      vertex 68.8887 6.7755 3
      vertex 68.8891 6.77414 3
    endloop
  endfacet
  facet normal 0 0 1
    outer loop
      vertex 71.9524 6.72106 3
      vertex 68.7634 7.14463 3
      vertex 68.8887 6.7755 3
    endloop
  endfacet
  facet normal 0 0 1
    outer loop
      vertex 72.1684 7.05725 3
      vertex 68.7627 7.14591 3
      vertex 68.7634 7.14463 3
    endloop
  endfacet
  facet normal 0 0 1
    outer loop
      vertex 72.1684 7.05725 3
      vertex 68.5903 7.49553 3
      vertex 68.7627 7.14591 3
    endloop
  endfacet
  facet normal 0 0 1
    outer loop
      vertex 72.4214 7.36661 3
      vertex 68.3738 7.81965 3
      vertex 68.5903 7.49553 3
    endloop
  endfacet
  facet normal 0 0 1
    outer loop
      vertex 72.4214 7.36661 3
      vertex 68.373 7.82084 3
      vertex 68.3738 7.81965 3
    endloop
  endfacet
  facet normal 0 0 1
    outer loop
      vertex 72.708 7.64512 3
      vertex 68.372 7.82192 3
      vertex 68.373 7.82084 3
    endloop
  endfacet
  facet normal 0 0 1
    outer loop
      vertex 72.708 7.64512 3
      vertex 68.115 8.115 3
      vertex 68.372 7.82192 3
    endloop
  endfacet
  facet normal 0 0 1
    outer loop
      vertex 73.0245 7.88915 3
      vertex 67.8219 8.37202 3
      vertex 68.115 8.115 3
    endloop
  endfacet
  facet normal 0 0 1
    outer loop
      vertex 73.0245 7.88915 3
      vertex 67.8208 8.37297 3
      vertex 67.8219 8.37202 3
    endloop
  endfacet
  facet normal 0 0 1
    outer loop
      vertex 73.3667 8.09552 3
      vertex 67.8197 8.37376 3
      vertex 67.8208 8.37297 3
    endloop
  endfacet
  facet normal 0 0 1
    outer loop
      vertex 73.3667 8.09552 3
      vertex 67.4955 8.59033 3
      vertex 67.8197 8.37376 3
    endloop
  endfacet
  facet normal 0 0 1
    outer loop
      vertex 75 9 3
      vertex 67.1459 8.76275 3
      vertex 67.4955 8.59033 3
    endloop
  endfacet
  facet normal 0 0 1
    outer loop
      vertex 75 9 3
      vertex 67.1446 8.76338 3
      vertex 67.1459 8.76275 3
    endloop
  endfacet
  facet normal 0 0 1
    outer loop
      vertex 75 9 3
      vertex 66.7755 8.88868 3
      vertex 67.1446 8.76338 3
    endloop
  endfacet
  facet normal 0 0 1
    outer loop
      vertex 75 9 3
      vertex 66.7741 8.88914 3
      vertex 66.7755 8.88868 3
    endloop
  endfacet
  facet normal 0 0 1
    outer loop
      vertex 75 9 3
      vertex 66.7727 8.88942 3
      vertex 66.7741 8.88914 3
    endloop
  endfacet
  facet normal 0 0 1
    outer loop
      vertex 75 9 3
      vertex 66.3904 8.96547 3
      vertex 66.7727 8.88942 3
    endloop
  endfacet
  facet normal 0 0 1
    outer loop
      vertex 75 9 3
      vertex 66.0014 8.99097 3
      vertex 66.3904 8.96547 3
    endloop
  endfacet
  facet normal 0 0 1
    outer loop
      vertex 75 9 3
      vertex 66 8.99106 3
      vertex 66.0014 8.99097 3
    endloop
  endfacet
  facet normal 0 0 -1
    outer loop
      vertex 65.2259 8.88914 3
      vertex 64.8554 8.76338 3
      vertex 65.2245 8.88868 3
    endloop
  endfacet
  facet normal 0 0 -1
    outer loop
      vertex 64.8554 8.76338 3
      vertex 64.5045 8.59033 3
      vertex 64.8541 8.76275 3
    endloop
  endfacet
  facet normal 0 0 1
    outer loop
      vertex 63.885 8.115 3
      vertex 63.627 7.82084 3
      vertex 63.628 7.82192 3
    endloop
  endfacet
  facet normal 0 0 -1
    outer loop
      vertex 63.627 7.82084 3
      vertex 63.4097 7.49553 3
      vertex 63.6262 7.81965 3
    endloop
  endfacet
  facet normal 0 0 -1
    outer loop
      vertex 63.1109 6.77414 3
      vertex 63.0345 6.39041 3
      vertex 63.1106 6.77274 3
    endloop
  endfacet
  facet normal 0 0 -1
    outer loop
      vertex 63.0345 6.39041 3
      vertex 63.0089 6 3
      vertex 63.0344 6.38898 3
    endloop
  endfacet
  facet normal 0 0 1
    outer loop
      vertex 63.0345 6.39041 3
      vertex 16.9911 6 3
      vertex 63.0089 6 3
    endloop
  endfacet
  facet normal 0 0 1
    outer loop
      vertex 16.9655 6.39041 3
      vertex 63.0345 6.39041 3
      vertex 63.1109 6.77414 3
    endloop
  endfacet
  facet normal 0 0 1
    outer loop
      vertex 16.8891 6.77414 3
      vertex 63.1109 6.77414 3
      vertex 63.1113 6.7755 3
    endloop
  endfacet
  facet normal 0 0 1
    outer loop
      vertex 16.8891 6.77414 3
      vertex 63.1113 6.7755 3
      vertex 63.2366 7.14463 3
    endloop
  endfacet
  facet normal 0 0 1
    outer loop
      vertex 16.7634 7.14463 3
      vertex 63.2366 7.14463 3
      vertex 63.2373 7.14591 3
    endloop
  endfacet
  facet normal 0 0 1
    outer loop
      vertex 16.7634 7.14463 3
      vertex 63.2373 7.14591 3
      vertex 63.4097 7.49553 3
    endloop
  endfacet
  facet normal 0 0 1
    outer loop
      vertex 16.5903 7.49553 3
      vertex 63.4097 7.49553 3
      vertex 63.627 7.82084 3
    endloop
  endfacet
  facet normal 0 0 1
    outer loop
      vertex 16.373 7.82084 3
      vertex 63.627 7.82084 3
      vertex 63.885 8.115 3
    endloop
  endfacet
  facet normal 0 0 1
    outer loop
      vertex 16.115 8.115 3
      vertex 63.885 8.115 3
      vertex 64.1781 8.37202 3
    endloop
  endfacet
  facet normal 0 0 1
    outer loop
      vertex 16.115 8.115 3
      vertex 64.1781 8.37202 3
      vertex 64.1792 8.37297 3
    endloop
  endfacet
  facet normal 0 0 1
    outer loop
      vertex 15.8208 8.37297 3
      vertex 64.1792 8.37297 3
      vertex 64.1803 8.37376 3
    endloop
  endfacet
  facet normal 0 0 1
    outer loop
      vertex 15.8208 8.37297 3
      vertex 64.1803 8.37376 3
      vertex 64.5045 8.59033 3
    endloop
  endfacet
  facet normal 0 0 1
    outer loop
      vertex 15.4955 8.59033 3
      vertex 64.5045 8.59033 3
      vertex 64.8554 8.76338 3
    endloop
  endfacet
  facet normal 0 0 1
    outer loop
      vertex 15.1446 8.76338 3
      vertex 64.8554 8.76338 3
      vertex 65.2259 8.88914 3
    endloop
  endfacet
  facet normal 0 0 1
    outer loop
      vertex 14.7741 8.88914 3
      vertex 65.2259 8.88914 3
      vertex 65.2273 8.88942 3
    endloop
  endfacet
  facet normal 0 0 1
    outer loop
      vertex 14.7741 8.88914 3
      vertex 65.2273 8.88942 3
      vertex 65.6096 8.96547 3
    endloop
  endfacet
  facet normal 0 0 1
    outer loop
      vertex 14.3904 8.96547 3
      vertex 65.6096 8.96547 3
      vertex 65.9986 8.99097 3
    endloop
  endfacet
  facet normal 0 0 1
    outer loop
      vertex 14.3904 8.96547 3
      vertex 65.9986 8.99097 3
      vertex 66 8.99106 3
    endloop
  endfacet
  facet normal 0 0 1
    outer loop
      vertex 63.0345 6.39041 3
      vertex 16.991 6.00143 3
      vertex 16.9911 6 3
    endloop
  endfacet
  facet normal 0 0 1
    outer loop
      vertex 63.0345 6.39041 3
      vertex 16.9655 6.39041 3
      vertex 16.991 6.00143 3
    endloop
  endfacet
  facet normal 0 0 1
    outer loop
      vertex 63.1109 6.77414 3
      vertex 16.8894 6.77274 3
      vertex 16.9655 6.39041 3
    endloop
  endfacet
  facet normal 0 0 1
    outer loop
      vertex 63.1109 6.77414 3
      vertex 16.8891 6.77414 3
      vertex 16.8894 6.77274 3
    endloop
  endfacet
  facet normal 0 0 1
    outer loop
      vertex 63.2366 7.14463 3
      vertex 16.8887 6.7755 3
      vertex 16.8891 6.77414 3
    endloop
  endfacet
  facet normal 0 0 1
    outer loop
      vertex 63.2366 7.14463 3
      vertex 16.7634 7.14463 3
      vertex 16.8887 6.7755 3
    endloop
  endfacet
  facet normal 0 0 1
    outer loop
      vertex 63.4097 7.49553 3
      vertex 16.7627 7.14591 3
      vertex 16.7634 7.14463 3
    endloop
  endfacet
  facet normal 0 0 1
    outer loop
      vertex 63.4097 7.49553 3
      vertex 16.5903 7.49553 3
      vertex 16.7627 7.14591 3
    endloop
  endfacet
  facet normal 0 0 1
    outer loop
      vertex 63.627 7.82084 3
      vertex 16.3738 7.81965 3
      vertex 16.5903 7.49553 3
    endloop
  endfacet
  facet normal 0 0 1
    outer loop
      vertex 63.627 7.82084 3
      vertex 16.373 7.82084 3
      vertex 16.3738 7.81965 3
    endloop
  endfacet
  facet normal 0 0 1
    outer loop
      vertex 63.885 8.115 3
      vertex 16.372 7.82192 3
      vertex 16.373 7.82084 3
    endloop
  endfacet
  facet normal 0 0 1
    outer loop
      vertex 63.885 8.115 3
      vertex 16.115 8.115 3
      vertex 16.372 7.82192 3
    endloop
  endfacet
  facet normal 0 0 1
    outer loop
      vertex 64.1792 8.37297 3
      vertex 15.8219 8.37202 3
      vertex 16.115 8.115 3
    endloop
  endfacet
  facet normal 0 0 1
    outer loop
      vertex 64.1792 8.37297 3
      vertex 15.8208 8.37297 3
      vertex 15.8219 8.37202 3
    endloop
  endfacet
  facet normal 0 0 1
    outer loop
      vertex 64.5045 8.59033 3
      vertex 15.8197 8.37376 3
      vertex 15.8208 8.37297 3
    endloop
  endfacet
  facet normal 0 0 1
    outer loop
      vertex 64.5045 8.59033 3
      vertex 15.4955 8.59033 3
      vertex 15.8197 8.37376 3
    endloop
  endfacet
  facet normal 0 0 1
    outer loop
      vertex 64.8554 8.76338 3
      vertex 15.1459 8.76275 3
      vertex 15.4955 8.59033 3
    endloop
  endfacet
  facet normal 0 0 1
    outer loop
      vertex 64.8554 8.76338 3
      vertex 15.1446 8.76338 3
      vertex 15.1459 8.76275 3
    endloop
  endfacet
  facet normal 0 0 1
    outer loop
      vertex 65.2259 8.88914 3
      vertex 14.7755 8.88868 3
      vertex 15.1446 8.76338 3
    endloop
  endfacet
  facet normal 0 0 1
    outer loop
      vertex 65.2259 8.88914 3
      vertex 14.7741 8.88914 3
      vertex 14.7755 8.88868 3
    endloop
  endfacet
  facet normal 0 0 1
    outer loop
      vertex 65.6096 8.96547 3
      vertex 14.7727 8.88942 3
      vertex 14.7741 8.88914 3
    endloop
  endfacet
  facet normal 0 0 1
    outer loop
      vertex 65.6096 8.96547 3
      vertex 14.3904 8.96547 3
      vertex 14.7727 8.88942 3
    endloop
  endfacet
  facet normal 0 0 1
    outer loop
      vertex 14 8.99106 3
      vertex 66 8.99106 3
      vertex 75 9 3
    endloop
  endfacet
  facet normal 0 0 1
    outer loop
      vertex 66 8.99106 3
      vertex 14.0014 8.99097 3
      vertex 14.3904 8.96547 3
    endloop
  endfacet
  facet normal 0 0 1
    outer loop
      vertex 66 8.99106 3
      vertex 14 8.99106 3
      vertex 14.0014 8.99097 3
    endloop
  endfacet
  facet normal 0 0 -1
    outer loop
      vertex 14 8.99106 3
      vertex 13.6096 8.96547 3
      vertex 13.9986 8.99097 3
    endloop
  endfacet
  facet normal 0 0 1
    outer loop
      vertex 5 9 3
      vertex 12.8541 8.76275 3
      vertex 12.8554 8.76338 3
    endloop
  endfacet
  facet normal 0 0 1
    outer loop
      vertex 7.43928 7.50996 3
      vertex 11.628 7.82192 3
      vertex 11.885 8.115 3
    endloop
  endfacet
  facet normal 0 0 1
    outer loop
      vertex 8.29645 6.17617 3
      vertex 11.0344 6.38898 3
      vertex 11.0345 6.39041 3
    endloop
  endfacet
  facet normal 0 0 1
    outer loop
      vertex 11.0344 6.38898 3
      vertex 8.40904 5.79274 3
      vertex 11.0089 6 3
    endloop
  endfacet
  facet normal 0 0 1
    outer loop
      vertex 8.29645 6.17617 3
      vertex 11.0345 6.39041 3
      vertex 11.1106 6.77274 3
    endloop
  endfacet
  facet normal 0 0 1
    outer loop
      vertex 8.14089 6.54427 3
      vertex 11.1106 6.77274 3
      vertex 11.1109 6.77414 3
    endloop
  endfacet
  facet normal 0 0 1
    outer loop
      vertex 8.14089 6.54427 3
      vertex 11.1109 6.77414 3
      vertex 11.1113 6.7755 3
    endloop
  endfacet
  facet normal 0 0 1
    outer loop
      vertex 8.14089 6.54427 3
      vertex 11.1113 6.7755 3
      vertex 11.2366 7.14463 3
    endloop
  endfacet
  facet normal 0 0 1
    outer loop
      vertex 7.94439 6.89224 3
      vertex 11.2366 7.14463 3
      vertex 11.2373 7.14591 3
    endloop
  endfacet
  facet normal 0 0 1
    outer loop
      vertex 7.94439 6.89224 3
      vertex 11.2373 7.14591 3
      vertex 11.4097 7.49553 3
    endloop
  endfacet
  facet normal 0 0 1
    outer loop
      vertex 7.7095 7.21554 3
      vertex 11.4097 7.49553 3
      vertex 11.6262 7.81965 3
    endloop
  endfacet
  facet normal 0 0 1
    outer loop
      vertex 7.43928 7.50996 3
      vertex 11.6262 7.81965 3
      vertex 11.627 7.82084 3
    endloop
  endfacet
  facet normal 0 0 1
    outer loop
      vertex 11.628 7.82192 3
      vertex 7.43928 7.50996 3
      vertex 11.627 7.82084 3
    endloop
  endfacet
  facet normal 0 0 1
    outer loop
      vertex 11.0089 6 3
      vertex 8.47719 5.39897 3
      vertex 8.5 5 3
    endloop
  endfacet
  facet normal 0 0 1
    outer loop
      vertex 6.80739 7.99722 3
      vertex 11.885 8.115 3
      vertex 12.1781 8.37202 3
    endloop
  endfacet
  facet normal 0 0 1
    outer loop
      vertex 6.80739 7.99722 3
      vertex 12.1781 8.37202 3
      vertex 12.1792 8.37297 3
    endloop
  endfacet
  facet normal 0 0 1
    outer loop
      vertex 11.0089 6 3
      vertex 8.40904 5.79274 3
      vertex 8.47719 5.39897 3
    endloop
  endfacet
  facet normal 0 0 1
    outer loop
      vertex 11.0344 6.38898 3
      vertex 8.29645 6.17617 3
      vertex 8.40904 5.79274 3
    endloop
  endfacet
  facet normal 0 0 1
    outer loop
      vertex 6.80739 7.99722 3
      vertex 12.1792 8.37297 3
      vertex 12.1803 8.37376 3
    endloop
  endfacet
  facet normal 0 0 1
    outer loop
      vertex 6.45395 8.18371 3
      vertex 12.1803 8.37376 3
      vertex 12.5045 8.59033 3
    endloop
  endfacet
  facet normal 0 0 1
    outer loop
      vertex 11.1106 6.77274 3
      vertex 8.14089 6.54427 3
      vertex 8.29645 6.17617 3
    endloop
  endfacet
  facet normal 0 0 1
    outer loop
      vertex 12.8541 8.76275 3
      vertex 5 9 3
      vertex 12.5045 8.59033 3
    endloop
  endfacet
  facet normal 0 0 1
    outer loop
      vertex 11.2366 7.14463 3
      vertex 7.94439 6.89224 3
      vertex 8.14089 6.54427 3
    endloop
  endfacet
  facet normal 0 0 1
    outer loop
      vertex 11.4097 7.49553 3
      vertex 7.7095 7.21554 3
      vertex 7.94439 6.89224 3
    endloop
  endfacet
  facet normal 0 0 1
    outer loop
      vertex 5 9 3
      vertex 12.8554 8.76338 3
      vertex 13.2245 8.88868 3
    endloop
  endfacet
  facet normal 0 0 1
    outer loop
      vertex 5 9 3
      vertex 13.2245 8.88868 3
      vertex 13.2259 8.88914 3
    endloop
  endfacet
  facet normal 0 0 1
    outer loop
      vertex 11.6262 7.81965 3
      vertex 7.43928 7.50996 3
      vertex 7.7095 7.21554 3
    endloop
  endfacet
  facet normal 0 0 1
    outer loop
      vertex 11.885 8.115 3
      vertex 7.13727 7.77166 3
      vertex 7.43928 7.50996 3
    endloop
  endfacet
  facet normal 0 0 1
    outer loop
      vertex 5 9 3
      vertex 13.2259 8.88914 3
      vertex 13.2273 8.88942 3
    endloop
  endfacet
  facet normal 0 0 1
    outer loop
      vertex 5 9 3
      vertex 13.2273 8.88942 3
      vertex 13.6096 8.96547 3
    endloop
  endfacet
  facet normal 0 0 1
    outer loop
      vertex 11.885 8.115 3
      vertex 6.80739 7.99722 3
      vertex 7.13727 7.77166 3
    endloop
  endfacet
  facet normal 0 0 1
    outer loop
      vertex 12.1803 8.37376 3
      vertex 6.45395 8.18371 3
      vertex 6.80739 7.99722 3
    endloop
  endfacet
  facet normal 0 0 1
    outer loop
      vertex 12.5045 8.59033 3
      vertex 5 9 3
      vertex 6.45395 8.18371 3
    endloop
  endfacet
  facet normal 0 0 1
    outer loop
      vertex 6.45395 8.18371 3
      vertex 5 9 3
      vertex 6.08156 8.3287 3
    endloop
  endfacet
  facet normal 0 0 1
    outer loop
      vertex 6.08156 8.3287 3
      vertex 5 9 3
      vertex 5.69507 8.43029 3
    endloop
  endfacet
  facet normal 0 0 1
    outer loop
      vertex 5 9 3
      vertex 13.6096 8.96547 3
      vertex 14 8.99106 3
    endloop
  endfacet
  facet normal -0 0 1
    outer loop
      vertex 5 9 3
      vertex 14 8.99106 3
      vertex 75 9 3
    endloop
  endfacet
  facet normal 0 0 1
    outer loop
      vertex 5.69507 8.43029 3
      vertex 5 9 3
      vertex 5.29951 8.48716 3
    endloop
  endfacet
  facet normal 0 0 1
    outer loop
      vertex 5 9 3
      vertex 4.90005 8.49857 3
      vertex 5.29951 8.48716 3
    endloop
  endfacet
  facet normal 0 0 1
    outer loop
      vertex 3.02445 62.2108 3
      vertex 9.03843 48.6902 3
      vertex 3.36666 62.0045 3
    endloop
  endfacet
  facet normal 0 0 1
    outer loop
      vertex 9.03843 48.6902 3
      vertex 3.02445 62.2108 3
      vertex 9 48.3 3
    endloop
  endfacet
  facet normal 0 0 1
    outer loop
      vertex 5 9 3
      vertex 4.5019 8.46437 3
      vertex 4.90005 8.49857 3
    endloop
  endfacet
  facet normal 0 0 1
    outer loop
      vertex 3 62.2297 3
      vertex 9 48.3 3
      vertex 3.02445 62.2108 3
    endloop
  endfacet
  facet normal 0 0 1
    outer loop
      vertex 5 9 3
      vertex 4.11024 8.38501 3
      vertex 4.5019 8.46437 3
    endloop
  endfacet
  facet normal 0 -0 1
    outer loop
      vertex 5 32.5 3
      vertex 9 48.3 3
      vertex 3 62.2297 3
    endloop
  endfacet
  facet normal 0 0 1
    outer loop
      vertex 5 9 3
      vertex 3.73017 8.26152 3
      vertex 4.11024 8.38501 3
    endloop
  endfacet
  facet normal 0 0 1
    outer loop
      vertex 5 32.5 3
      vertex 3.36666 8.09552 3
      vertex 5 9 3
    endloop
  endfacet
  facet normal 0 0 1
    outer loop
      vertex 5 9 3
      vertex 3.36666 8.09552 3
      vertex 3.73017 8.26152 3
    endloop
  endfacet
  facet normal 0 0 1
    outer loop
      vertex 9 48.3 3
      vertex 5 32.5 3
      vertex 9.03843 47.9098 3
    endloop
  endfacet
  facet normal 0 0 1
    outer loop
      vertex 5 32.5 3
      vertex 3.02445 7.88915 3
      vertex 3.36666 8.09552 3
    endloop
  endfacet
  facet normal 0 0 1
    outer loop
      vertex 3 7.8703 3
      vertex 5 32.5 3
      vertex 3 62.2297 3
    endloop
  endfacet
  facet normal 0 0 1
    outer loop
      vertex 5 32.5 3
      vertex 3 7.8703 3
      vertex 3.02445 7.88915 3
    endloop
  endfacet
  facet normal 0 0 1
    outer loop
      vertex 71.5513 5.59683 3
      vertex 68.9655 5.60959 3
      vertex 71.5057 5.19981 3
    endloop
  endfacet
  facet normal -0 0 1
    outer loop
      vertex 68.8894 5.22726 3
      vertex 71.5057 5.19981 3
      vertex 68.9655 5.60959 3
    endloop
  endfacet
  facet normal 0 0 1
    outer loop
      vertex 71.5057 5.19981 3
      vertex 68.8894 5.22726 3
      vertex 71.5057 4.80019 3
    endloop
  endfacet
  facet normal -0 0 1
    outer loop
      vertex 68.8891 5.22586 3
      vertex 71.5057 4.80019 3
      vertex 68.8894 5.22726 3
    endloop
  endfacet
  facet normal -0 0 1
    outer loop
      vertex 68.8887 5.2245 3
      vertex 71.5057 4.80019 3
      vertex 68.8891 5.22586 3
    endloop
  endfacet
  facet normal -0 0 1
    outer loop
      vertex 68.7634 4.85537 3
      vertex 71.5057 4.80019 3
      vertex 68.8887 5.2245 3
    endloop
  endfacet
  facet normal 0 0 1
    outer loop
      vertex 71.5057 4.80019 3
      vertex 68.7634 4.85537 3
      vertex 71.5513 4.40317 3
    endloop
  endfacet
  facet normal -0 0 1
    outer loop
      vertex 68.7627 4.85409 3
      vertex 71.5513 4.40317 3
      vertex 68.7634 4.85537 3
    endloop
  endfacet
  facet normal -0 0 1
    outer loop
      vertex 68.5903 4.50447 3
      vertex 71.5513 4.40317 3
      vertex 68.7627 4.85409 3
    endloop
  endfacet
  facet normal 0 0 1
    outer loop
      vertex 71.5513 4.40317 3
      vertex 68.5903 4.50447 3
      vertex 71.6418 4.01394 3
    endloop
  endfacet
  facet normal -0 0 1
    outer loop
      vertex 68.3738 4.18035 3
      vertex 71.6418 4.01394 3
      vertex 68.5903 4.50447 3
    endloop
  endfacet
  facet normal 0 0 1
    outer loop
      vertex 71.6418 4.01394 3
      vertex 68.3738 4.18035 3
      vertex 71.7761 3.63756 3
    endloop
  endfacet
  facet normal -0 0 1
    outer loop
      vertex 68.373 4.17916 3
      vertex 71.7761 3.63756 3
      vertex 68.3738 4.18035 3
    endloop
  endfacet
  facet normal -0 0 1
    outer loop
      vertex 68.372 4.17808 3
      vertex 71.7761 3.63756 3
      vertex 68.373 4.17916 3
    endloop
  endfacet
  facet normal -0 0 1
    outer loop
      vertex 68.115 3.885 3
      vertex 71.7761 3.63756 3
      vertex 68.372 4.17808 3
    endloop
  endfacet
  facet normal 0 0 1
    outer loop
      vertex 71.7761 3.63756 3
      vertex 68.115 3.885 3
      vertex 71.9524 3.27894 3
    endloop
  endfacet
  facet normal -0 0 1
    outer loop
      vertex 67.8219 3.62797 3
      vertex 71.9524 3.27894 3
      vertex 68.115 3.885 3
    endloop
  endfacet
  facet normal 0 0 1
    outer loop
      vertex 71.9524 3.27894 3
      vertex 67.8219 3.62797 3
      vertex 72.1317 3 3
    endloop
  endfacet
  facet normal -0 0 1
    outer loop
      vertex 67.8208 3.62703 3
      vertex 72.1317 3 3
      vertex 67.8219 3.62797 3
    endloop
  endfacet
  facet normal -0 0 1
    outer loop
      vertex 67.8197 3.62624 3
      vertex 72.1317 3 3
      vertex 67.8208 3.62703 3
    endloop
  endfacet
  facet normal -0 0 1
    outer loop
      vertex 67.4955 3.40967 3
      vertex 72.1317 3 3
      vertex 67.8197 3.62624 3
    endloop
  endfacet
  facet normal -0 0 1
    outer loop
      vertex 67.1459 3.23725 3
      vertex 72.1317 3 3
      vertex 67.4955 3.40967 3
    endloop
  endfacet
  facet normal -0 0 1
    outer loop
      vertex 67.1446 3.23662 3
      vertex 72.1317 3 3
      vertex 67.1459 3.23725 3
    endloop
  endfacet
  facet normal -0 0 1
    outer loop
      vertex 66.7755 3.11132 3
      vertex 72.1317 3 3
      vertex 67.1446 3.23662 3
    endloop
  endfacet
  facet normal -0 0 1
    outer loop
      vertex 66.7741 3.11086 3
      vertex 72.1317 3 3
      vertex 66.7755 3.11132 3
    endloop
  endfacet
  facet normal -0 0 1
    outer loop
      vertex 66.7727 3.11058 3
      vertex 72.1317 3 3
      vertex 66.7741 3.11086 3
    endloop
  endfacet
  facet normal -0 0 1
    outer loop
      vertex 66.3904 3.03453 3
      vertex 72.1317 3 3
      vertex 66.7727 3.11058 3
    endloop
  endfacet
  facet normal -0 0 1
    outer loop
      vertex 66.389 3.03444 3
      vertex 72.1317 3 3
      vertex 66.3904 3.03453 3
    endloop
  endfacet
  facet normal -0 0 1
    outer loop
      vertex 66 3.00894 3
      vertex 72.1317 3 3
      vertex 66.389 3.03444 3
    endloop
  endfacet
  facet normal 0 0 1
    outer loop
      vertex 65.6096 3.03453 3
      vertex 66 3.00894 3
      vertex 65.611 3.03444 3
    endloop
  endfacet
  facet normal 0 0 -1
    outer loop
      vertex 65.2259 3.11086 3
      vertex 65.6096 3.03453 3
      vertex 65.2273 3.11058 3
    endloop
  endfacet
  facet normal 0 0 -1
    outer loop
      vertex 64.8554 3.23662 3
      vertex 65.2259 3.11086 3
      vertex 65.2245 3.11132 3
    endloop
  endfacet
  facet normal 0 0 1
    outer loop
      vertex 63.627 4.17916 3
      vertex 63.885 3.885 3
      vertex 63.628 4.17808 3
    endloop
  endfacet
  facet normal 0 0 -1
    outer loop
      vertex 63.4097 4.50447 3
      vertex 63.627 4.17916 3
      vertex 63.6262 4.18035 3
    endloop
  endfacet
  facet normal 0 0 -1
    outer loop
      vertex 63.0345 5.60959 3
      vertex 63.1109 5.22586 3
      vertex 63.1106 5.22726 3
    endloop
  endfacet
  facet normal 0 0 -1
    outer loop
      vertex 63.0089 6 3
      vertex 63.0345 5.60959 3
      vertex 63.0344 5.61101 3
    endloop
  endfacet
  facet normal -0 0 1
    outer loop
      vertex 16.9911 6 3
      vertex 63.0345 5.60959 3
      vertex 63.0089 6 3
    endloop
  endfacet
  facet normal -0 0 1
    outer loop
      vertex 16.991 5.99857 3
      vertex 63.0345 5.60959 3
      vertex 16.9911 6 3
    endloop
  endfacet
  facet normal 0 0 1
    outer loop
      vertex 16.9655 5.60959 3
      vertex 63.0345 5.60959 3
      vertex 16.991 5.99857 3
    endloop
  endfacet
  facet normal 0 0 1
    outer loop
      vertex 63.0345 5.60959 3
      vertex 16.9655 5.60959 3
      vertex 63.1109 5.22586 3
    endloop
  endfacet
  facet normal -0 0 1
    outer loop
      vertex 16.8894 5.22726 3
      vertex 63.1109 5.22586 3
      vertex 16.9655 5.60959 3
    endloop
  endfacet
  facet normal 0 0 1
    outer loop
      vertex 16.8891 5.22586 3
      vertex 63.1109 5.22586 3
      vertex 16.8894 5.22726 3
    endloop
  endfacet
  facet normal 0 0 1
    outer loop
      vertex 63.1109 5.22586 3
      vertex 16.8891 5.22586 3
      vertex 63.1113 5.2245 3
    endloop
  endfacet
  facet normal 0 0 1
    outer loop
      vertex 63.1113 5.2245 3
      vertex 16.8891 5.22586 3
      vertex 63.2366 4.85537 3
    endloop
  endfacet
  facet normal -0 0 1
    outer loop
      vertex 16.8887 5.2245 3
      vertex 63.2366 4.85537 3
      vertex 16.8891 5.22586 3
    endloop
  endfacet
  facet normal 0 0 1
    outer loop
      vertex 16.7634 4.85537 3
      vertex 63.2366 4.85537 3
      vertex 16.8887 5.2245 3
    endloop
  endfacet
  facet normal 0 0 1
    outer loop
      vertex 63.2366 4.85537 3
      vertex 16.7634 4.85537 3
      vertex 63.2373 4.85409 3
    endloop
  endfacet
  facet normal 0 0 1
    outer loop
      vertex 63.2373 4.85409 3
      vertex 16.7634 4.85537 3
      vertex 63.4097 4.50447 3
    endloop
  endfacet
  facet normal -0 0 1
    outer loop
      vertex 16.7627 4.85409 3
      vertex 63.4097 4.50447 3
      vertex 16.7634 4.85537 3
    endloop
  endfacet
  facet normal 0 0 1
    outer loop
      vertex 16.5903 4.50447 3
      vertex 63.4097 4.50447 3
      vertex 16.7627 4.85409 3
    endloop
  endfacet
  facet normal 0 0 1
    outer loop
      vertex 63.4097 4.50447 3
      vertex 16.5903 4.50447 3
      vertex 63.627 4.17916 3
    endloop
  endfacet
  facet normal -0 0 1
    outer loop
      vertex 16.3738 4.18035 3
      vertex 63.627 4.17916 3
      vertex 16.5903 4.50447 3
    endloop
  endfacet
  facet normal 0 0 1
    outer loop
      vertex 16.373 4.17916 3
      vertex 63.627 4.17916 3
      vertex 16.3738 4.18035 3
    endloop
  endfacet
  facet normal 0 0 1
    outer loop
      vertex 63.627 4.17916 3
      vertex 16.373 4.17916 3
      vertex 63.885 3.885 3
    endloop
  endfacet
  facet normal -0 0 1
    outer loop
      vertex 16.372 4.17808 3
      vertex 63.885 3.885 3
      vertex 16.373 4.17916 3
    endloop
  endfacet
  facet normal 0 0 1
    outer loop
      vertex 16.115 3.885 3
      vertex 63.885 3.885 3
      vertex 16.372 4.17808 3
    endloop
  endfacet
  facet normal 0 0 1
    outer loop
      vertex 63.885 3.885 3
      vertex 16.115 3.885 3
      vertex 64.1781 3.62797 3
    endloop
  endfacet
  facet normal 0 0 1
    outer loop
      vertex 64.1781 3.62797 3
      vertex 16.115 3.885 3
      vertex 64.1792 3.62703 3
    endloop
  endfacet
  facet normal -0 0 1
    outer loop
      vertex 15.8219 3.62797 3
      vertex 64.1792 3.62703 3
      vertex 16.115 3.885 3
    endloop
  endfacet
  facet normal 0 0 1
    outer loop
      vertex 15.8208 3.62703 3
      vertex 64.1792 3.62703 3
      vertex 15.8219 3.62797 3
    endloop
  endfacet
  facet normal 0 0 1
    outer loop
      vertex 64.1792 3.62703 3
      vertex 15.8208 3.62703 3
      vertex 64.1803 3.62624 3
    endloop
  endfacet
  facet normal 0 0 1
    outer loop
      vertex 64.1803 3.62624 3
      vertex 15.8208 3.62703 3
      vertex 64.5045 3.40967 3
    endloop
  endfacet
  facet normal -0 0 1
    outer loop
      vertex 15.8197 3.62624 3
      vertex 64.5045 3.40967 3
      vertex 15.8208 3.62703 3
    endloop
  endfacet
  facet normal 0 0 1
    outer loop
      vertex 15.4955 3.40967 3
      vertex 64.5045 3.40967 3
      vertex 15.8197 3.62624 3
    endloop
  endfacet
  facet normal 0 0 1
    outer loop
      vertex 64.5045 3.40967 3
      vertex 15.4955 3.40967 3
      vertex 64.8541 3.23725 3
    endloop
  endfacet
  facet normal 0 0 1
    outer loop
      vertex 64.8541 3.23725 3
      vertex 15.4955 3.40967 3
      vertex 64.8554 3.23662 3
    endloop
  endfacet
  facet normal -0 0 1
    outer loop
      vertex 15.1459 3.23725 3
      vertex 64.8554 3.23662 3
      vertex 15.4955 3.40967 3
    endloop
  endfacet
  facet normal 0 0 1
    outer loop
      vertex 15.1446 3.23662 3
      vertex 64.8554 3.23662 3
      vertex 15.1459 3.23725 3
    endloop
  endfacet
  facet normal 0 0 1
    outer loop
      vertex 64.8554 3.23662 3
      vertex 15.1446 3.23662 3
      vertex 65.2259 3.11086 3
    endloop
  endfacet
  facet normal -0 0 1
    outer loop
      vertex 14.7755 3.11132 3
      vertex 65.2259 3.11086 3
      vertex 15.1446 3.23662 3
    endloop
  endfacet
  facet normal 0 0 1
    outer loop
      vertex 14.7741 3.11086 3
      vertex 65.2259 3.11086 3
      vertex 14.7755 3.11132 3
    endloop
  endfacet
  facet normal 0 0 1
    outer loop
      vertex 65.2259 3.11086 3
      vertex 14.7741 3.11086 3
      vertex 65.6096 3.03453 3
    endloop
  endfacet
  facet normal -0 0 1
    outer loop
      vertex 14.7727 3.11058 3
      vertex 65.6096 3.03453 3
      vertex 14.7741 3.11086 3
    endloop
  endfacet
  facet normal 0 0 1
    outer loop
      vertex 14.3904 3.03453 3
      vertex 65.6096 3.03453 3
      vertex 14.7727 3.11058 3
    endloop
  endfacet
  facet normal 0 0 1
    outer loop
      vertex 65.6096 3.03453 3
      vertex 14.3904 3.03453 3
      vertex 66 3.00894 3
    endloop
  endfacet
  facet normal -0 0 1
    outer loop
      vertex 14.389 3.03444 3
      vertex 66 3.00894 3
      vertex 14.3904 3.03453 3
    endloop
  endfacet
  facet normal 0 0 1
    outer loop
      vertex 14 3.00894 3
      vertex 66 3.00894 3
      vertex 14.389 3.03444 3
    endloop
  endfacet
  facet normal 0 0 1
    outer loop
      vertex 66 3.00894 3
      vertex 14 3.00894 3
      vertex 72.1317 3 3
    endloop
  endfacet
  facet normal 0 0 1
    outer loop
      vertex 7.8661 3 3
      vertex 13.2273 3.11058 3
      vertex 13.2259 3.11086 3
    endloop
  endfacet
  facet normal 0 0 1
    outer loop
      vertex 7.8661 3 3
      vertex 13.2245 3.11132 3
      vertex 12.8554 3.23662 3
    endloop
  endfacet
  facet normal 0 0 1
    outer loop
      vertex 8.14089 3.45573 3
      vertex 11.628 4.17808 3
      vertex 11.627 4.17916 3
    endloop
  endfacet
  facet normal 0 0 1
    outer loop
      vertex 8.5 5 3
      vertex 11.0344 5.61101 3
      vertex 11.0089 6 3
    endloop
  endfacet
  facet normal 0 0 1
    outer loop
      vertex 11.0344 5.61101 3
      vertex 8.5 5 3
      vertex 11.0345 5.60959 3
    endloop
  endfacet
  facet normal 0 0 1
    outer loop
      vertex 8.5 5 3
      vertex 11.1106 5.22726 3
      vertex 11.0345 5.60959 3
    endloop
  endfacet
  facet normal 0 0 1
    outer loop
      vertex 8.5 5 3
      vertex 11.1109 5.22586 3
      vertex 11.1106 5.22726 3
    endloop
  endfacet
  facet normal 0 0 1
    outer loop
      vertex 8.5 5 3
      vertex 11.1113 5.2245 3
      vertex 11.1109 5.22586 3
    endloop
  endfacet
  facet normal 0 0 1
    outer loop
      vertex 8.47719 4.60103 3
      vertex 11.1113 5.2245 3
      vertex 8.5 5 3
    endloop
  endfacet
  facet normal 0 0 1
    outer loop
      vertex 11.1113 5.2245 3
      vertex 8.47719 4.60103 3
      vertex 11.2366 4.85537 3
    endloop
  endfacet
  facet normal 0 0 1
    outer loop
      vertex 11.2366 4.85537 3
      vertex 8.47719 4.60103 3
      vertex 11.2373 4.85409 3
    endloop
  endfacet
  facet normal 0 0 1
    outer loop
      vertex 8.40904 4.20726 3
      vertex 11.2373 4.85409 3
      vertex 8.47719 4.60103 3
    endloop
  endfacet
  facet normal 0 0 1
    outer loop
      vertex 11.2373 4.85409 3
      vertex 8.40904 4.20726 3
      vertex 11.4097 4.50447 3
    endloop
  endfacet
  facet normal 0 0 1
    outer loop
      vertex 8.29645 3.82383 3
      vertex 11.4097 4.50447 3
      vertex 8.40904 4.20726 3
    endloop
  endfacet
  facet normal 0 0 1
    outer loop
      vertex 11.4097 4.50447 3
      vertex 8.29645 3.82383 3
      vertex 11.6262 4.18035 3
    endloop
  endfacet
  facet normal 0 0 1
    outer loop
      vertex 11.6262 4.18035 3
      vertex 8.29645 3.82383 3
      vertex 11.627 4.17916 3
    endloop
  endfacet
  facet normal 0 0 1
    outer loop
      vertex 8.14089 3.45573 3
      vertex 11.627 4.17916 3
      vertex 8.29645 3.82383 3
    endloop
  endfacet
  facet normal 0 0 1
    outer loop
      vertex 11.628 4.17808 3
      vertex 8.14089 3.45573 3
      vertex 11.885 3.885 3
    endloop
  endfacet
  facet normal 0 0 1
    outer loop
      vertex 7.94439 3.10776 3
      vertex 11.885 3.885 3
      vertex 8.14089 3.45573 3
    endloop
  endfacet
  facet normal 0 0 1
    outer loop
      vertex 11.885 3.885 3
      vertex 7.94439 3.10776 3
      vertex 12.1781 3.62797 3
    endloop
  endfacet
  facet normal 0 0 1
    outer loop
      vertex 12.1781 3.62797 3
      vertex 7.94439 3.10776 3
      vertex 12.1792 3.62703 3
    endloop
  endfacet
  facet normal 0 0 1
    outer loop
      vertex 7.8661 3 3
      vertex 12.1792 3.62703 3
      vertex 7.94439 3.10776 3
    endloop
  endfacet
  facet normal 0 0 1
    outer loop
      vertex 12.1792 3.62703 3
      vertex 7.8661 3 3
      vertex 12.1803 3.62624 3
    endloop
  endfacet
  facet normal 0 0 1
    outer loop
      vertex 12.1803 3.62624 3
      vertex 7.8661 3 3
      vertex 12.5045 3.40967 3
    endloop
  endfacet
  facet normal 0 0 1
    outer loop
      vertex 12.5045 3.40967 3
      vertex 7.8661 3 3
      vertex 12.8541 3.23725 3
    endloop
  endfacet
  facet normal 0 0 1
    outer loop
      vertex 12.8541 3.23725 3
      vertex 7.8661 3 3
      vertex 12.8554 3.23662 3
    endloop
  endfacet
  facet normal 0 0 1
    outer loop
      vertex 13.2245 3.11132 3
      vertex 7.8661 3 3
      vertex 13.2259 3.11086 3
    endloop
  endfacet
  facet normal 0 0 1
    outer loop
      vertex 13.2273 3.11058 3
      vertex 7.8661 3 3
      vertex 13.6096 3.03453 3
    endloop
  endfacet
  facet normal 0 0 1
    outer loop
      vertex 13.6096 3.03453 3
      vertex 7.8661 3 3
      vertex 13.611 3.03444 3
    endloop
  endfacet
  facet normal 0 0 1
    outer loop
      vertex 14 3.00894 3
      vertex 7.8661 3 3
      vertex 72.1317 3 3
    endloop
  endfacet
  facet normal 0 0 1
    outer loop
      vertex 13.611 3.03444 3
      vertex 7.8661 3 3
      vertex 14 3.00894 3
    endloop
  endfacet
  facet normal 1 0 0
    outer loop
      vertex 3 38.3 25
      vertex 3 7.8703 25
      vertex 3 38.3 18
    endloop
  endfacet
  facet normal 1 0 0
    outer loop
      vertex 3 58.3 18
      vertex 3 42.3 14.1
      vertex 3 54.3 14.1
    endloop
  endfacet
  facet normal 1 0 0
    outer loop
      vertex 3 42.3 14.1
      vertex 3 38.3 18
      vertex 3 42.3 8.1
    endloop
  endfacet
  facet normal 1 -0 0
    outer loop
      vertex 3 38.3 18
      vertex 3 42.3 14.1
      vertex 3 58.3 18
    endloop
  endfacet
  facet normal 1 0 0
    outer loop
      vertex 3 58.3 18
      vertex 3 62.2297 25
      vertex 3 58.3 25
    endloop
  endfacet
  facet normal 1 0 0
    outer loop
      vertex 3 62.2297 25
      vertex 3 58.3 18
      vertex 3 62.2297 3
    endloop
  endfacet
  facet normal 1 0 0
    outer loop
      vertex 3 54.3 8.1
      vertex 3 58.3 18
      vertex 3 54.3 14.1
    endloop
  endfacet
  facet normal 1 0 0
    outer loop
      vertex 3 58.3 18
      vertex 3 54.3 8.1
      vertex 3 62.2297 3
    endloop
  endfacet
  facet normal 1 -0 0
    outer loop
      vertex 3 42.3 8.1
      vertex 3 62.2297 3
      vertex 3 54.3 8.1
    endloop
  endfacet
  facet normal 1 0 0
    outer loop
      vertex 3 7.8703 3
      vertex 3 38.3 18
      vertex 3 7.8703 25
    endloop
  endfacet
  facet normal 1 0 0
    outer loop
      vertex 3 42.3 8.1
      vertex 3 7.8703 3
      vertex 3 62.2297 3
    endloop
  endfacet
  facet normal 1 0 0
    outer loop
      vertex 3 38.3 18
      vertex 3 7.8703 3
      vertex 3 42.3 8.1
    endloop
  endfacet
  facet normal 0 -1 0
    outer loop
      vertex 7.8661 67.1 3
      vertex 72.1317 67.1 25
      vertex 7.8661 67.1 25
    endloop
  endfacet
  facet normal 0 -1 -0
    outer loop
      vertex 72.1317 67.1 25
      vertex 7.8661 67.1 3
      vertex 72.1317 67.1 3
    endloop
  endfacet
  facet normal 0 1 -0
    outer loop
      vertex 72.1317 3 3
      vertex 7.8661 3 25
      vertex 72.1317 3 25
    endloop
  endfacet
  facet normal 0 1 0
    outer loop
      vertex 7.8661 3 25
      vertex 72.1317 3 3
      vertex 7.8661 3 3
    endloop
  endfacet
  facet normal 0.985352 0.170535 0
    outer loop
      vertex 8.47719 5.39897 25
      vertex 8.40904 5.79274 3
      vertex 8.40904 5.79274 25
    endloop
  endfacet
  facet normal 0.985352 0.170535 0
    outer loop
      vertex 8.40904 5.79274 3
      vertex 8.47719 5.39897 25
      vertex 8.47719 5.39897 3
    endloop
  endfacet
  facet normal 0.99837 0.057079 0
    outer loop
      vertex 8.5 5 25
      vertex 8.47719 5.39897 3
      vertex 8.47719 5.39897 25
    endloop
  endfacet
  facet normal 0.99837 0.057079 0
    outer loop
      vertex 8.47719 5.39897 3
      vertex 8.5 5 25
      vertex 8.5 5 3
    endloop
  endfacet
  facet normal 0.870754 0.491718 0
    outer loop
      vertex 8.14089 6.54427 25
      vertex 7.94439 6.89224 3
      vertex 7.94439 6.89224 25
    endloop
  endfacet
  facet normal 0.870754 0.491718 0
    outer loop
      vertex 7.94439 6.89224 3
      vertex 8.14089 6.54427 25
      vertex 8.14089 6.54427 3
    endloop
  endfacet
  facet normal 0.736736 0.67618 0
    outer loop
      vertex 7.7095 7.21554 25
      vertex 7.43928 7.50996 3
      vertex 7.43928 7.50996 25
    endloop
  endfacet
  facet normal 0.736736 0.67618 0
    outer loop
      vertex 7.43928 7.50996 3
      vertex 7.7095 7.21554 25
      vertex 7.7095 7.21554 3
    endloop
  endfacet
  facet normal -0.309012 0.951058 0
    outer loop
      vertex 4.11024 8.38501 3
      vertex 3.73017 8.26152 25
      vertex 4.11024 8.38501 25
    endloop
  endfacet
  facet normal -0.309012 0.951058 0
    outer loop
      vertex 3.73017 8.26152 25
      vertex 4.11024 8.38501 3
      vertex 3.73017 8.26152 3
    endloop
  endfacet
  facet normal 0.466665 0.884434 -0
    outer loop
      vertex 6.80739 7.99722 3
      vertex 6.45395 8.18371 25
      vertex 6.80739 7.99722 25
    endloop
  endfacet
  facet normal 0.466665 0.884434 0
    outer loop
      vertex 6.45395 8.18371 25
      vertex 6.80739 7.99722 3
      vertex 6.45395 8.18371 3
    endloop
  endfacet
  facet normal 0.870754 -0.491718 0
    outer loop
      vertex 7.94439 3.10776 25
      vertex 8.14089 3.45573 3
      vertex 8.14089 3.45573 25
    endloop
  endfacet
  facet normal 0.870754 -0.491718 0
    outer loop
      vertex 8.14089 3.45573 3
      vertex 7.94439 3.10776 25
      vertex 7.94439 3.10776 3
    endloop
  endfacet
  facet normal 0.985352 -0.170535 0
    outer loop
      vertex 8.40904 4.20726 25
      vertex 8.47719 4.60103 3
      vertex 8.47719 4.60103 25
    endloop
  endfacet
  facet normal 0.985352 -0.170535 0
    outer loop
      vertex 8.47719 4.60103 3
      vertex 8.40904 4.20726 25
      vertex 8.40904 4.20726 3
    endloop
  endfacet
  facet normal 0.0285519 0.999592 -0
    outer loop
      vertex 5.29951 8.48716 3
      vertex 4.90005 8.49857 25
      vertex 5.29951 8.48716 25
    endloop
  endfacet
  facet normal 0.0285519 0.999592 0
    outer loop
      vertex 4.90005 8.49857 25
      vertex 5.29951 8.48716 3
      vertex 4.90005 8.49857 3
    endloop
  endfacet
  facet normal 0.95949 0.281744 0
    outer loop
      vertex 8.40904 5.79274 25
      vertex 8.29645 6.17617 3
      vertex 8.29645 6.17617 25
    endloop
  endfacet
  facet normal 0.95949 0.281744 0
    outer loop
      vertex 8.29645 6.17617 3
      vertex 8.40904 5.79274 25
      vertex 8.40904 5.79274 3
    endloop
  endfacet
  facet normal 0.921124 0.389269 0
    outer loop
      vertex 8.29645 6.17617 25
      vertex 8.14089 6.54427 3
      vertex 8.14089 6.54427 25
    endloop
  endfacet
  facet normal 0.921124 0.389269 0
    outer loop
      vertex 8.14089 6.54427 3
      vertex 8.29645 6.17617 25
      vertex 8.29645 6.17617 3
    endloop
  endfacet
  facet normal 0.564433 0.825479 -0
    outer loop
      vertex 7.13727 7.77166 3
      vertex 6.80739 7.99722 25
      vertex 7.13727 7.77166 25
    endloop
  endfacet
  facet normal 0.564433 0.825479 0
    outer loop
      vertex 6.80739 7.99722 25
      vertex 7.13727 7.77166 3
      vertex 6.80739 7.99722 3
    endloop
  endfacet
  facet normal 0.654871 0.755741 -0
    outer loop
      vertex 7.43928 7.50996 3
      vertex 7.13727 7.77166 25
      vertex 7.43928 7.50996 25
    endloop
  endfacet
  facet normal 0.654871 0.755741 0
    outer loop
      vertex 7.13727 7.77166 25
      vertex 7.43928 7.50996 3
      vertex 7.13727 7.77166 3
    endloop
  endfacet
  facet normal 0.99837 -0.057079 0
    outer loop
      vertex 8.47719 4.60103 25
      vertex 8.5 5 3
      vertex 8.5 5 25
    endloop
  endfacet
  facet normal 0.99837 -0.057079 0
    outer loop
      vertex 8.5 5 3
      vertex 8.47719 4.60103 25
      vertex 8.47719 4.60103 3
    endloop
  endfacet
  facet normal -0.198589 0.980083 0
    outer loop
      vertex 4.5019 8.46437 3
      vertex 4.11024 8.38501 25
      vertex 4.5019 8.46437 25
    endloop
  endfacet
  facet normal -0.198589 0.980083 0
    outer loop
      vertex 4.11024 8.38501 25
      vertex 4.5019 8.46437 3
      vertex 4.11024 8.38501 3
    endloop
  endfacet
  facet normal 0.142308 0.989822 -0
    outer loop
      vertex 5.69507 8.43029 3
      vertex 5.29951 8.48716 25
      vertex 5.69507 8.43029 25
    endloop
  endfacet
  facet normal 0.142308 0.989822 0
    outer loop
      vertex 5.29951 8.48716 25
      vertex 5.69507 8.43029 3
      vertex 5.29951 8.48716 3
    endloop
  endfacet
  facet normal 0.921124 -0.389269 0
    outer loop
      vertex 8.14089 3.45573 25
      vertex 8.29645 3.82383 3
      vertex 8.29645 3.82383 25
    endloop
  endfacet
  facet normal 0.921124 -0.389269 0
    outer loop
      vertex 8.29645 3.82383 3
      vertex 8.14089 3.45573 25
      vertex 8.14089 3.45573 3
    endloop
  endfacet
  facet normal -0.415395 0.909641 0
    outer loop
      vertex 3.73017 8.26152 3
      vertex 3.36666 8.09552 25
      vertex 3.73017 8.26152 25
    endloop
  endfacet
  facet normal -0.415395 0.909641 0
    outer loop
      vertex 3.36666 8.09552 25
      vertex 3.73017 8.26152 3
      vertex 3.36666 8.09552 3
    endloop
  endfacet
  facet normal 0.95949 -0.281744 0
    outer loop
      vertex 8.29645 3.82383 25
      vertex 8.40904 4.20726 3
      vertex 8.40904 4.20726 25
    endloop
  endfacet
  facet normal 0.95949 -0.281744 0
    outer loop
      vertex 8.40904 4.20726 3
      vertex 8.29645 3.82383 25
      vertex 8.29645 3.82383 3
    endloop
  endfacet
  facet normal -0.610571 0.791961 0
    outer loop
      vertex 3.02445 7.88915 3
      vertex 3 7.8703 25
      vertex 3.02445 7.88915 25
    endloop
  endfacet
  facet normal -0.610571 0.791961 0
    outer loop
      vertex 3 7.8703 25
      vertex 3.02445 7.88915 3
      vertex 3 7.8703 3
    endloop
  endfacet
  facet normal 0.362819 0.931859 -0
    outer loop
      vertex 6.45395 8.18371 3
      vertex 6.08156 8.3287 25
      vertex 6.45395 8.18371 25
    endloop
  endfacet
  facet normal 0.362819 0.931859 0
    outer loop
      vertex 6.08156 8.3287 25
      vertex 6.45395 8.18371 3
      vertex 6.08156 8.3287 3
    endloop
  endfacet
  facet normal 0.809018 0.587783 0
    outer loop
      vertex 7.94439 6.89224 25
      vertex 7.7095 7.21554 3
      vertex 7.7095 7.21554 25
    endloop
  endfacet
  facet normal 0.809018 0.587783 0
    outer loop
      vertex 7.7095 7.21554 3
      vertex 7.94439 6.89224 25
      vertex 7.94439 6.89224 3
    endloop
  endfacet
  facet normal -0.0855821 0.996331 0
    outer loop
      vertex 4.90005 8.49857 3
      vertex 4.5019 8.46437 25
      vertex 4.90005 8.49857 25
    endloop
  endfacet
  facet normal -0.0855821 0.996331 0
    outer loop
      vertex 4.5019 8.46437 25
      vertex 4.90005 8.49857 3
      vertex 4.5019 8.46437 3
    endloop
  endfacet
  facet normal -0.516415 0.856338 0
    outer loop
      vertex 3.36666 8.09552 3
      vertex 3.02445 7.88915 25
      vertex 3.36666 8.09552 25
    endloop
  endfacet
  facet normal -0.516415 0.856338 0
    outer loop
      vertex 3.02445 7.88915 25
      vertex 3.36666 8.09552 3
      vertex 3.02445 7.88915 3
    endloop
  endfacet
  facet normal 0.809025 -0.587774 0
    outer loop
      vertex 7.8661 3 25
      vertex 7.94439 3.10776 3
      vertex 7.94439 3.10776 25
    endloop
  endfacet
  facet normal 0.809025 -0.587774 0
    outer loop
      vertex 7.94439 3.10776 3
      vertex 7.8661 3 25
      vertex 7.8661 3 3
    endloop
  endfacet
  facet normal 0.254217 0.967147 -0
    outer loop
      vertex 6.08156 8.3287 3
      vertex 5.69507 8.43029 25
      vertex 6.08156 8.3287 25
    endloop
  endfacet
  facet normal 0.254217 0.967147 0
    outer loop
      vertex 5.69507 8.43029 25
      vertex 6.08156 8.3287 3
      vertex 5.69507 8.43029 3
    endloop
  endfacet
  facet normal -0.891006 -0.453992 0
    outer loop
      vertex 6.18882 5.38627 13.01
      vertex 6.01127 5.73473 25
      vertex 6.01127 5.73473 13.01
    endloop
  endfacet
  facet normal -0.891006 -0.453992 0
    outer loop
      vertex 6.01127 5.73473 25
      vertex 6.18882 5.38627 13.01
      vertex 6.18882 5.38627 25
    endloop
  endfacet
  facet normal -0.987688 -0.156437 0
    outer loop
      vertex 6.25 5 13.01
      vertex 6.18882 5.38627 25
      vertex 6.18882 5.38627 13.01
    endloop
  endfacet
  facet normal -0.987688 -0.156437 0
    outer loop
      vertex 6.18882 5.38627 25
      vertex 6.25 5 13.01
      vertex 6.25 5 25
    endloop
  endfacet
  facet normal -0.707107 -0.707107 0
    outer loop
      vertex 6.01127 5.73473 13.01
      vertex 5.73473 6.01127 25
      vertex 5.73473 6.01127 13.01
    endloop
  endfacet
  facet normal -0.707107 -0.707107 0
    outer loop
      vertex 5.73473 6.01127 25
      vertex 6.01127 5.73473 13.01
      vertex 6.01127 5.73473 25
    endloop
  endfacet
  facet normal -0.156437 -0.987688 0
    outer loop
      vertex 5 6.25 13.01
      vertex 5.38627 6.18882 25
      vertex 5 6.25 25
    endloop
  endfacet
  facet normal -0.156437 -0.987688 -0
    outer loop
      vertex 5.38627 6.18882 25
      vertex 5 6.25 13.01
      vertex 5.38627 6.18882 13.01
    endloop
  endfacet
  facet normal 0 0 1
    outer loop
      vertex 6.18882 5.38627 13.01
      vertex 6.18882 4.61373 13.01
      vertex 6.25 5 13.01
    endloop
  endfacet
  facet normal 0 0 1
    outer loop
      vertex 6.01127 5.73473 13.01
      vertex 6.18882 4.61373 13.01
      vertex 6.18882 5.38627 13.01
    endloop
  endfacet
  facet normal 0 0 1
    outer loop
      vertex 6.01127 5.73473 13.01
      vertex 6.01127 4.26527 13.01
      vertex 6.18882 4.61373 13.01
    endloop
  endfacet
  facet normal 0 0 1
    outer loop
      vertex 5.73473 6.01127 13.01
      vertex 6.01127 4.26527 13.01
      vertex 6.01127 5.73473 13.01
    endloop
  endfacet
  facet normal 0 0 1
    outer loop
      vertex 5.73473 6.01127 13.01
      vertex 5.73473 3.98873 13.01
      vertex 6.01127 4.26527 13.01
    endloop
  endfacet
  facet normal 0 0 1
    outer loop
      vertex 5.38627 6.18882 13.01
      vertex 5.73473 3.98873 13.01
      vertex 5.73473 6.01127 13.01
    endloop
  endfacet
  facet normal 0 0 1
    outer loop
      vertex 5.38627 6.18882 13.01
      vertex 5.38627 3.81118 13.01
      vertex 5.73473 3.98873 13.01
    endloop
  endfacet
  facet normal 0 0 1
    outer loop
      vertex 5 6.25 13.01
      vertex 5.38627 3.81118 13.01
      vertex 5.38627 6.18882 13.01
    endloop
  endfacet
  facet normal 0 0 1
    outer loop
      vertex 5 6.25 13.01
      vertex 5 3.75 13.01
      vertex 5.38627 3.81118 13.01
    endloop
  endfacet
  facet normal -0 0 1
    outer loop
      vertex 4.61373 6.18882 13.01
      vertex 5 3.75 13.01
      vertex 5 6.25 13.01
    endloop
  endfacet
  facet normal 0 0 1
    outer loop
      vertex 4.61373 6.18882 13.01
      vertex 4.61373 3.81118 13.01
      vertex 5 3.75 13.01
    endloop
  endfacet
  facet normal -0 0 1
    outer loop
      vertex 4.26527 6.01127 13.01
      vertex 4.61373 3.81118 13.01
      vertex 4.61373 6.18882 13.01
    endloop
  endfacet
  facet normal 0 0 1
    outer loop
      vertex 4.26527 6.01127 13.01
      vertex 4.26527 3.98873 13.01
      vertex 4.61373 3.81118 13.01
    endloop
  endfacet
  facet normal -0 0 1
    outer loop
      vertex 3.98873 5.73473 13.01
      vertex 4.26527 3.98873 13.01
      vertex 4.26527 6.01127 13.01
    endloop
  endfacet
  facet normal 0 0 1
    outer loop
      vertex 3.98873 5.73473 13.01
      vertex 3.98873 4.26527 13.01
      vertex 4.26527 3.98873 13.01
    endloop
  endfacet
  facet normal -0 0 1
    outer loop
      vertex 3.81118 5.38627 13.01
      vertex 3.98873 4.26527 13.01
      vertex 3.98873 5.73473 13.01
    endloop
  endfacet
  facet normal 0 0 1
    outer loop
      vertex 3.81118 5.38627 13.01
      vertex 3.81118 4.61373 13.01
      vertex 3.98873 4.26527 13.01
    endloop
  endfacet
  facet normal 0 -0 1
    outer loop
      vertex 3.81118 4.61373 13.01
      vertex 3.81118 5.38627 13.01
      vertex 3.75 5 13.01
    endloop
  endfacet
  facet normal 0.987688 -0.156437 0
    outer loop
      vertex 3.75 5 25
      vertex 3.81118 5.38627 13.01
      vertex 3.81118 5.38627 25
    endloop
  endfacet
  facet normal 0.987688 -0.156437 0
    outer loop
      vertex 3.81118 5.38627 13.01
      vertex 3.75 5 25
      vertex 3.75 5 13.01
    endloop
  endfacet
  facet normal -0.453992 -0.891006 0
    outer loop
      vertex 5.38627 6.18882 13.01
      vertex 5.73473 6.01127 25
      vertex 5.38627 6.18882 25
    endloop
  endfacet
  facet normal -0.453992 -0.891006 -0
    outer loop
      vertex 5.73473 6.01127 25
      vertex 5.38627 6.18882 13.01
      vertex 5.73473 6.01127 13.01
    endloop
  endfacet
  facet normal 0.453992 -0.891006 0
    outer loop
      vertex 4.26527 6.01127 13.01
      vertex 4.61373 6.18882 25
      vertex 4.26527 6.01127 25
    endloop
  endfacet
  facet normal 0.453992 -0.891006 0
    outer loop
      vertex 4.61373 6.18882 25
      vertex 4.26527 6.01127 13.01
      vertex 4.61373 6.18882 13.01
    endloop
  endfacet
  facet normal 0.156437 0.987688 -0
    outer loop
      vertex 5 3.75 13.01
      vertex 4.61373 3.81118 25
      vertex 5 3.75 25
    endloop
  endfacet
  facet normal 0.156437 0.987688 0
    outer loop
      vertex 4.61373 3.81118 25
      vertex 5 3.75 13.01
      vertex 4.61373 3.81118 13.01
    endloop
  endfacet
  facet normal -0.707107 0.707107 0
    outer loop
      vertex 5.73473 3.98873 13.01
      vertex 6.01127 4.26527 25
      vertex 6.01127 4.26527 13.01
    endloop
  endfacet
  facet normal -0.707107 0.707107 0
    outer loop
      vertex 6.01127 4.26527 25
      vertex 5.73473 3.98873 13.01
      vertex 5.73473 3.98873 25
    endloop
  endfacet
  facet normal 0.891006 0.453992 0
    outer loop
      vertex 3.98873 4.26527 25
      vertex 3.81118 4.61373 13.01
      vertex 3.81118 4.61373 25
    endloop
  endfacet
  facet normal 0.891006 0.453992 0
    outer loop
      vertex 3.81118 4.61373 13.01
      vertex 3.98873 4.26527 25
      vertex 3.98873 4.26527 13.01
    endloop
  endfacet
  facet normal 0.156437 -0.987688 0
    outer loop
      vertex 4.61373 6.18882 13.01
      vertex 5 6.25 25
      vertex 4.61373 6.18882 25
    endloop
  endfacet
  facet normal 0.156437 -0.987688 0
    outer loop
      vertex 5 6.25 25
      vertex 4.61373 6.18882 13.01
      vertex 5 6.25 13.01
    endloop
  endfacet
  facet normal -0.453992 0.891006 0
    outer loop
      vertex 5.73473 3.98873 13.01
      vertex 5.38627 3.81118 25
      vertex 5.73473 3.98873 25
    endloop
  endfacet
  facet normal -0.453992 0.891006 0
    outer loop
      vertex 5.38627 3.81118 25
      vertex 5.73473 3.98873 13.01
      vertex 5.38627 3.81118 13.01
    endloop
  endfacet
  facet normal -0.156437 0.987688 0
    outer loop
      vertex 5.38627 3.81118 13.01
      vertex 5 3.75 25
      vertex 5.38627 3.81118 25
    endloop
  endfacet
  facet normal -0.156437 0.987688 0
    outer loop
      vertex 5 3.75 25
      vertex 5.38627 3.81118 13.01
      vertex 5 3.75 13.01
    endloop
  endfacet
  facet normal 0.987688 0.156437 0
    outer loop
      vertex 3.81118 4.61373 25
      vertex 3.75 5 13.01
      vertex 3.75 5 25
    endloop
  endfacet
  facet normal 0.987688 0.156437 0
    outer loop
      vertex 3.75 5 13.01
      vertex 3.81118 4.61373 25
      vertex 3.81118 4.61373 13.01
    endloop
  endfacet
  facet normal 0.891006 -0.453992 0
    outer loop
      vertex 3.81118 5.38627 25
      vertex 3.98873 5.73473 13.01
      vertex 3.98873 5.73473 25
    endloop
  endfacet
  facet normal 0.891006 -0.453992 0
    outer loop
      vertex 3.98873 5.73473 13.01
      vertex 3.81118 5.38627 25
      vertex 3.81118 5.38627 13.01
    endloop
  endfacet
  facet normal 0.707107 -0.707107 0
    outer loop
      vertex 3.98873 5.73473 25
      vertex 4.26527 6.01127 13.01
      vertex 4.26527 6.01127 25
    endloop
  endfacet
  facet normal 0.707107 -0.707107 0
    outer loop
      vertex 4.26527 6.01127 13.01
      vertex 3.98873 5.73473 25
      vertex 3.98873 5.73473 13.01
    endloop
  endfacet
  facet normal -0.891006 0.453992 0
    outer loop
      vertex 6.01127 4.26527 13.01
      vertex 6.18882 4.61373 25
      vertex 6.18882 4.61373 13.01
    endloop
  endfacet
  facet normal -0.891006 0.453992 0
    outer loop
      vertex 6.18882 4.61373 25
      vertex 6.01127 4.26527 13.01
      vertex 6.01127 4.26527 25
    endloop
  endfacet
  facet normal -0.987688 0.156437 0
    outer loop
      vertex 6.18882 4.61373 13.01
      vertex 6.25 5 25
      vertex 6.25 5 13.01
    endloop
  endfacet
  facet normal -0.987688 0.156437 0
    outer loop
      vertex 6.25 5 25
      vertex 6.18882 4.61373 13.01
      vertex 6.18882 4.61373 25
    endloop
  endfacet
  facet normal 0.707107 0.707107 0
    outer loop
      vertex 4.26527 3.98873 25
      vertex 3.98873 4.26527 13.01
      vertex 3.98873 4.26527 25
    endloop
  endfacet
  facet normal 0.707107 0.707107 0
    outer loop
      vertex 3.98873 4.26527 13.01
      vertex 4.26527 3.98873 25
      vertex 4.26527 3.98873 13.01
    endloop
  endfacet
  facet normal 0.453992 0.891006 -0
    outer loop
      vertex 4.61373 3.81118 13.01
      vertex 4.26527 3.98873 25
      vertex 4.61373 3.81118 25
    endloop
  endfacet
  facet normal 0.453992 0.891006 0
    outer loop
      vertex 4.26527 3.98873 25
      vertex 4.61373 3.81118 13.01
      vertex 4.26527 3.98873 13.01
    endloop
  endfacet
  facet normal 0.254241 -0.967141 0
    outer loop
      vertex 5.69507 61.6697 3
      vertex 6.08156 61.7713 25
      vertex 5.69507 61.6697 25
    endloop
  endfacet
  facet normal 0.254241 -0.967141 0
    outer loop
      vertex 6.08156 61.7713 25
      vertex 5.69507 61.6697 3
      vertex 6.08156 61.7713 3
    endloop
  endfacet
  facet normal 0.985346 0.170565 0
    outer loop
      vertex 8.47719 65.499 25
      vertex 8.40904 65.8927 3
      vertex 8.40904 65.8927 25
    endloop
  endfacet
  facet normal 0.985346 0.170565 0
    outer loop
      vertex 8.40904 65.8927 3
      vertex 8.47719 65.499 25
      vertex 8.47719 65.499 3
    endloop
  endfacet
  facet normal 0.99837 0.0570747 0
    outer loop
      vertex 8.5 65.1 25
      vertex 8.47719 65.499 3
      vertex 8.47719 65.499 25
    endloop
  endfacet
  facet normal 0.99837 0.0570747 0
    outer loop
      vertex 8.47719 65.499 3
      vertex 8.5 65.1 25
      vertex 8.5 65.1 3
    endloop
  endfacet
  facet normal 0.870712 0.491793 0
    outer loop
      vertex 8.14089 66.6443 25
      vertex 7.94439 66.9922 3
      vertex 7.94439 66.9922 25
    endloop
  endfacet
  facet normal 0.870712 0.491793 0
    outer loop
      vertex 7.94439 66.9922 3
      vertex 8.14089 66.6443 25
      vertex 8.14089 66.6443 3
    endloop
  endfacet
  facet normal 0.654871 -0.755741 0
    outer loop
      vertex 7.13727 62.3283 3
      vertex 7.43928 62.59 25
      vertex 7.13727 62.3283 25
    endloop
  endfacet
  facet normal 0.654871 -0.755741 0
    outer loop
      vertex 7.43928 62.59 25
      vertex 7.13727 62.3283 3
      vertex 7.43928 62.59 3
    endloop
  endfacet
  facet normal 0.870712 -0.491793 0
    outer loop
      vertex 7.94439 63.2078 25
      vertex 8.14089 63.5557 3
      vertex 8.14089 63.5557 25
    endloop
  endfacet
  facet normal 0.870712 -0.491793 0
    outer loop
      vertex 8.14089 63.5557 3
      vertex 7.94439 63.2078 25
      vertex 7.94439 63.2078 3
    endloop
  endfacet
  facet normal 0.466685 -0.884424 0
    outer loop
      vertex 6.45395 61.9163 3
      vertex 6.80739 62.1028 25
      vertex 6.45395 61.9163 25
    endloop
  endfacet
  facet normal 0.466685 -0.884424 0
    outer loop
      vertex 6.80739 62.1028 25
      vertex 6.45395 61.9163 3
      vertex 6.80739 62.1028 3
    endloop
  endfacet
  facet normal 0.985346 -0.170565 0
    outer loop
      vertex 8.40904 64.3073 25
      vertex 8.47719 64.701 3
      vertex 8.47719 64.701 25
    endloop
  endfacet
  facet normal 0.985346 -0.170565 0
    outer loop
      vertex 8.47719 64.701 3
      vertex 8.40904 64.3073 25
      vertex 8.40904 64.3073 3
    endloop
  endfacet
  facet normal -0.0855821 -0.996331 0
    outer loop
      vertex 4.5019 61.6356 3
      vertex 4.90005 61.6014 25
      vertex 4.5019 61.6356 25
    endloop
  endfacet
  facet normal -0.0855821 -0.996331 -0
    outer loop
      vertex 4.90005 61.6014 25
      vertex 4.5019 61.6356 3
      vertex 4.90005 61.6014 3
    endloop
  endfacet
  facet normal -0.611586 -0.791178 0
    outer loop
      vertex 3 62.2297 3
      vertex 3.02445 62.2108 25
      vertex 3 62.2297 25
    endloop
  endfacet
  facet normal -0.611586 -0.791178 -0
    outer loop
      vertex 3.02445 62.2108 25
      vertex 3 62.2297 3
      vertex 3.02445 62.2108 3
    endloop
  endfacet
  facet normal 0.736828 -0.67608 0
    outer loop
      vertex 7.43928 62.59 25
      vertex 7.7095 62.8845 3
      vertex 7.7095 62.8845 25
    endloop
  endfacet
  facet normal 0.736828 -0.67608 0
    outer loop
      vertex 7.7095 62.8845 3
      vertex 7.43928 62.59 25
      vertex 7.43928 62.59 3
    endloop
  endfacet
  facet normal 0.959504 0.281696 0
    outer loop
      vertex 8.40904 65.8927 25
      vertex 8.29645 66.2762 3
      vertex 8.29645 66.2762 25
    endloop
  endfacet
  facet normal 0.959504 0.281696 0
    outer loop
      vertex 8.29645 66.2762 3
      vertex 8.40904 65.8927 25
      vertex 8.40904 65.8927 3
    endloop
  endfacet
  facet normal 0.921124 0.389269 0
    outer loop
      vertex 8.29645 66.2762 25
      vertex 8.14089 66.6443 3
      vertex 8.14089 66.6443 25
    endloop
  endfacet
  facet normal 0.921124 0.389269 0
    outer loop
      vertex 8.14089 66.6443 3
      vertex 8.29645 66.2762 25
      vertex 8.29645 66.2762 3
    endloop
  endfacet
  facet normal -0.309035 -0.951051 0
    outer loop
      vertex 3.73017 61.8385 3
      vertex 4.11024 61.715 25
      vertex 3.73017 61.8385 25
    endloop
  endfacet
  facet normal -0.309035 -0.951051 -0
    outer loop
      vertex 4.11024 61.715 25
      vertex 3.73017 61.8385 3
      vertex 4.11024 61.715 3
    endloop
  endfacet
  facet normal 0.99837 -0.0570747 0
    outer loop
      vertex 8.47719 64.701 25
      vertex 8.5 65.1 3
      vertex 8.5 65.1 25
    endloop
  endfacet
  facet normal 0.99837 -0.0570747 0
    outer loop
      vertex 8.5 65.1 3
      vertex 8.47719 64.701 25
      vertex 8.47719 64.701 3
    endloop
  endfacet
  facet normal 0.362841 -0.931851 0
    outer loop
      vertex 6.08156 61.7713 3
      vertex 6.45395 61.9163 25
      vertex 6.08156 61.7713 25
    endloop
  endfacet
  facet normal 0.362841 -0.931851 0
    outer loop
      vertex 6.45395 61.9163 25
      vertex 6.08156 61.7713 3
      vertex 6.45395 61.9163 3
    endloop
  endfacet
  facet normal 0.56433 -0.825549 0
    outer loop
      vertex 6.80739 62.1028 3
      vertex 7.13727 62.3283 25
      vertex 6.80739 62.1028 25
    endloop
  endfacet
  facet normal 0.56433 -0.825549 0
    outer loop
      vertex 7.13727 62.3283 25
      vertex 6.80739 62.1028 3
      vertex 7.13727 62.3283 3
    endloop
  endfacet
  facet normal 0.142381 -0.989812 0
    outer loop
      vertex 5.29951 61.6128 3
      vertex 5.69507 61.6697 25
      vertex 5.29951 61.6128 25
    endloop
  endfacet
  facet normal 0.142381 -0.989812 0
    outer loop
      vertex 5.69507 61.6697 25
      vertex 5.29951 61.6128 3
      vertex 5.69507 61.6697 3
    endloop
  endfacet
  facet normal 0.921124 -0.389269 0
    outer loop
      vertex 8.14089 63.5557 25
      vertex 8.29645 63.9238 3
      vertex 8.29645 63.9238 25
    endloop
  endfacet
  facet normal 0.921124 -0.389269 0
    outer loop
      vertex 8.29645 63.9238 3
      vertex 8.14089 63.5557 25
      vertex 8.14089 63.5557 3
    endloop
  endfacet
  facet normal 0.0285269 -0.999593 0
    outer loop
      vertex 4.90005 61.6014 3
      vertex 5.29951 61.6128 25
      vertex 4.90005 61.6014 25
    endloop
  endfacet
  facet normal 0.0285269 -0.999593 0
    outer loop
      vertex 5.29951 61.6128 25
      vertex 4.90005 61.6014 3
      vertex 5.29951 61.6128 3
    endloop
  endfacet
  facet normal 0.959504 -0.281696 0
    outer loop
      vertex 8.29645 63.9238 25
      vertex 8.40904 64.3073 3
      vertex 8.40904 64.3073 25
    endloop
  endfacet
  facet normal 0.959504 -0.281696 0
    outer loop
      vertex 8.40904 64.3073 3
      vertex 8.29645 63.9238 25
      vertex 8.29645 63.9238 3
    endloop
  endfacet
  facet normal 0.809129 0.587632 0
    outer loop
      vertex 7.94439 66.9922 25
      vertex 7.8661 67.1 3
      vertex 7.8661 67.1 25
    endloop
  endfacet
  facet normal 0.809129 0.587632 0
    outer loop
      vertex 7.8661 67.1 3
      vertex 7.94439 66.9922 25
      vertex 7.94439 66.9922 3
    endloop
  endfacet
  facet normal -0.415395 -0.909641 0
    outer loop
      vertex 3.36666 62.0045 3
      vertex 3.73017 61.8385 25
      vertex 3.36666 62.0045 25
    endloop
  endfacet
  facet normal -0.415395 -0.909641 -0
    outer loop
      vertex 3.73017 61.8385 25
      vertex 3.36666 62.0045 3
      vertex 3.73017 61.8385 3
    endloop
  endfacet
  facet normal -0.516287 -0.856416 0
    outer loop
      vertex 3.02445 62.2108 3
      vertex 3.36666 62.0045 25
      vertex 3.02445 62.2108 25
    endloop
  endfacet
  facet normal -0.516287 -0.856416 -0
    outer loop
      vertex 3.36666 62.0045 25
      vertex 3.02445 62.2108 3
      vertex 3.36666 62.0045 3
    endloop
  endfacet
  facet normal 0.809018 -0.587783 0
    outer loop
      vertex 7.7095 62.8845 25
      vertex 7.94439 63.2078 3
      vertex 7.94439 63.2078 25
    endloop
  endfacet
  facet normal 0.809018 -0.587783 0
    outer loop
      vertex 7.94439 63.2078 3
      vertex 7.7095 62.8845 25
      vertex 7.7095 62.8845 3
    endloop
  endfacet
  facet normal -0.198685 -0.980063 0
    outer loop
      vertex 4.11024 61.715 3
      vertex 4.5019 61.6356 25
      vertex 4.11024 61.715 25
    endloop
  endfacet
  facet normal -0.198685 -0.980063 -0
    outer loop
      vertex 4.5019 61.6356 25
      vertex 4.11024 61.715 3
      vertex 4.5019 61.6356 3
    endloop
  endfacet
  facet normal -0.890974 -0.454054 0
    outer loop
      vertex 6.18882 65.4863 13.01
      vertex 6.01127 65.8347 25
      vertex 6.01127 65.8347 13.01
    endloop
  endfacet
  facet normal -0.890974 -0.454054 0
    outer loop
      vertex 6.01127 65.8347 25
      vertex 6.18882 65.4863 13.01
      vertex 6.18882 65.4863 25
    endloop
  endfacet
  facet normal -0.98769 -0.156425 0
    outer loop
      vertex 6.25 65.1 13.01
      vertex 6.18882 65.4863 25
      vertex 6.18882 65.4863 13.01
    endloop
  endfacet
  facet normal -0.98769 -0.156425 0
    outer loop
      vertex 6.18882 65.4863 25
      vertex 6.25 65.1 13.01
      vertex 6.25 65.1 25
    endloop
  endfacet
  facet normal -0.707183 -0.70703 0
    outer loop
      vertex 5.73473 66.1113 13.01
      vertex 6.01127 65.8347 25
      vertex 5.73473 66.1113 25
    endloop
  endfacet
  facet normal -0.707183 -0.70703 -0
    outer loop
      vertex 6.01127 65.8347 25
      vertex 5.73473 66.1113 13.01
      vertex 6.01127 65.8347 13.01
    endloop
  endfacet
  facet normal -0.156486 -0.98768 0
    outer loop
      vertex 5 66.35 13.01
      vertex 5.38627 66.2888 25
      vertex 5 66.35 25
    endloop
  endfacet
  facet normal -0.156486 -0.98768 -0
    outer loop
      vertex 5.38627 66.2888 25
      vertex 5 66.35 13.01
      vertex 5.38627 66.2888 13.01
    endloop
  endfacet
  facet normal 0 0 1
    outer loop
      vertex 6.18882 65.4863 13.01
      vertex 6.18882 64.7137 13.01
      vertex 6.25 65.1 13.01
    endloop
  endfacet
  facet normal 0 0 1
    outer loop
      vertex 6.01127 65.8347 13.01
      vertex 6.18882 64.7137 13.01
      vertex 6.18882 65.4863 13.01
    endloop
  endfacet
  facet normal 0 0 1
    outer loop
      vertex 6.01127 65.8347 13.01
      vertex 6.01127 64.3653 13.01
      vertex 6.18882 64.7137 13.01
    endloop
  endfacet
  facet normal 0 0 1
    outer loop
      vertex 5.73473 66.1113 13.01
      vertex 6.01127 64.3653 13.01
      vertex 6.01127 65.8347 13.01
    endloop
  endfacet
  facet normal 0 0 1
    outer loop
      vertex 5.73473 66.1113 13.01
      vertex 5.73473 64.0887 13.01
      vertex 6.01127 64.3653 13.01
    endloop
  endfacet
  facet normal 0 0 1
    outer loop
      vertex 5.38627 66.2888 13.01
      vertex 5.73473 64.0887 13.01
      vertex 5.73473 66.1113 13.01
    endloop
  endfacet
  facet normal 0 0 1
    outer loop
      vertex 5.38627 66.2888 13.01
      vertex 5.38627 63.9112 13.01
      vertex 5.73473 64.0887 13.01
    endloop
  endfacet
  facet normal 0 0 1
    outer loop
      vertex 5 66.35 13.01
      vertex 5.38627 63.9112 13.01
      vertex 5.38627 66.2888 13.01
    endloop
  endfacet
  facet normal 0 0 1
    outer loop
      vertex 5 66.35 13.01
      vertex 5 63.85 13.01
      vertex 5.38627 63.9112 13.01
    endloop
  endfacet
  facet normal -0 0 1
    outer loop
      vertex 4.61373 66.2888 13.01
      vertex 5 63.85 13.01
      vertex 5 66.35 13.01
    endloop
  endfacet
  facet normal 0 0 1
    outer loop
      vertex 4.61373 66.2888 13.01
      vertex 4.61373 63.9112 13.01
      vertex 5 63.85 13.01
    endloop
  endfacet
  facet normal -0 0 1
    outer loop
      vertex 4.26527 66.1113 13.01
      vertex 4.61373 63.9112 13.01
      vertex 4.61373 66.2888 13.01
    endloop
  endfacet
  facet normal 0 0 1
    outer loop
      vertex 4.26527 66.1113 13.01
      vertex 4.26527 64.0887 13.01
      vertex 4.61373 63.9112 13.01
    endloop
  endfacet
  facet normal -0 0 1
    outer loop
      vertex 3.98873 65.8347 13.01
      vertex 4.26527 64.0887 13.01
      vertex 4.26527 66.1113 13.01
    endloop
  endfacet
  facet normal 0 0 1
    outer loop
      vertex 3.98873 65.8347 13.01
      vertex 3.98873 64.3653 13.01
      vertex 4.26527 64.0887 13.01
    endloop
  endfacet
  facet normal -0 0 1
    outer loop
      vertex 3.81118 65.4863 13.01
      vertex 3.98873 64.3653 13.01
      vertex 3.98873 65.8347 13.01
    endloop
  endfacet
  facet normal 0 0 1
    outer loop
      vertex 3.81118 65.4863 13.01
      vertex 3.81118 64.7137 13.01
      vertex 3.98873 64.3653 13.01
    endloop
  endfacet
  facet normal 0 -0 1
    outer loop
      vertex 3.81118 64.7137 13.01
      vertex 3.81118 65.4863 13.01
      vertex 3.75 65.1 13.01
    endloop
  endfacet
  facet normal 0.98769 -0.156425 0
    outer loop
      vertex 3.75 65.1 25
      vertex 3.81118 65.4863 13.01
      vertex 3.81118 65.4863 25
    endloop
  endfacet
  facet normal 0.98769 -0.156425 0
    outer loop
      vertex 3.81118 65.4863 13.01
      vertex 3.75 65.1 25
      vertex 3.75 65.1 13.01
    endloop
  endfacet
  facet normal -0.453891 -0.891057 0
    outer loop
      vertex 5.38627 66.2888 13.01
      vertex 5.73473 66.1113 25
      vertex 5.38627 66.2888 25
    endloop
  endfacet
  facet normal -0.453891 -0.891057 -0
    outer loop
      vertex 5.73473 66.1113 25
      vertex 5.38627 66.2888 13.01
      vertex 5.73473 66.1113 13.01
    endloop
  endfacet
  facet normal 0.453891 -0.891057 0
    outer loop
      vertex 4.26527 66.1113 13.01
      vertex 4.61373 66.2888 25
      vertex 4.26527 66.1113 25
    endloop
  endfacet
  facet normal 0.453891 -0.891057 0
    outer loop
      vertex 4.61373 66.2888 25
      vertex 4.26527 66.1113 13.01
      vertex 4.61373 66.2888 13.01
    endloop
  endfacet
  facet normal 0.156486 0.98768 -0
    outer loop
      vertex 5 63.85 13.01
      vertex 4.61373 63.9112 25
      vertex 5 63.85 25
    endloop
  endfacet
  facet normal 0.156486 0.98768 0
    outer loop
      vertex 4.61373 63.9112 25
      vertex 5 63.85 13.01
      vertex 4.61373 63.9112 13.01
    endloop
  endfacet
  facet normal -0.707183 0.70703 0
    outer loop
      vertex 5.73473 64.0887 13.01
      vertex 6.01127 64.3653 25
      vertex 6.01127 64.3653 13.01
    endloop
  endfacet
  facet normal -0.707183 0.70703 0
    outer loop
      vertex 6.01127 64.3653 25
      vertex 5.73473 64.0887 13.01
      vertex 5.73473 64.0887 25
    endloop
  endfacet
  facet normal 0.890974 0.454054 0
    outer loop
      vertex 3.98873 64.3653 25
      vertex 3.81118 64.7137 13.01
      vertex 3.81118 64.7137 25
    endloop
  endfacet
  facet normal 0.890974 0.454054 0
    outer loop
      vertex 3.81118 64.7137 13.01
      vertex 3.98873 64.3653 25
      vertex 3.98873 64.3653 13.01
    endloop
  endfacet
  facet normal 0.156486 -0.98768 0
    outer loop
      vertex 4.61373 66.2888 13.01
      vertex 5 66.35 25
      vertex 4.61373 66.2888 25
    endloop
  endfacet
  facet normal 0.156486 -0.98768 0
    outer loop
      vertex 5 66.35 25
      vertex 4.61373 66.2888 13.01
      vertex 5 66.35 13.01
    endloop
  endfacet
  facet normal -0.453891 0.891057 0
    outer loop
      vertex 5.73473 64.0887 13.01
      vertex 5.38627 63.9112 25
      vertex 5.73473 64.0887 25
    endloop
  endfacet
  facet normal -0.453891 0.891057 0
    outer loop
      vertex 5.38627 63.9112 25
      vertex 5.73473 64.0887 13.01
      vertex 5.38627 63.9112 13.01
    endloop
  endfacet
  facet normal -0.156486 0.98768 0
    outer loop
      vertex 5.38627 63.9112 13.01
      vertex 5 63.85 25
      vertex 5.38627 63.9112 25
    endloop
  endfacet
  facet normal -0.156486 0.98768 0
    outer loop
      vertex 5 63.85 25
      vertex 5.38627 63.9112 13.01
      vertex 5 63.85 13.01
    endloop
  endfacet
  facet normal 0.98769 0.156425 0
    outer loop
      vertex 3.81118 64.7137 25
      vertex 3.75 65.1 13.01
      vertex 3.75 65.1 25
    endloop
  endfacet
  facet normal 0.98769 0.156425 0
    outer loop
      vertex 3.75 65.1 13.01
      vertex 3.81118 64.7137 25
      vertex 3.81118 64.7137 13.01
    endloop
  endfacet
  facet normal 0.890974 -0.454054 0
    outer loop
      vertex 3.81118 65.4863 25
      vertex 3.98873 65.8347 13.01
      vertex 3.98873 65.8347 25
    endloop
  endfacet
  facet normal 0.890974 -0.454054 0
    outer loop
      vertex 3.98873 65.8347 13.01
      vertex 3.81118 65.4863 25
      vertex 3.81118 65.4863 13.01
    endloop
  endfacet
  facet normal 0.707183 -0.70703 0
    outer loop
      vertex 3.98873 65.8347 13.01
      vertex 4.26527 66.1113 25
      vertex 3.98873 65.8347 25
    endloop
  endfacet
  facet normal 0.707183 -0.70703 0
    outer loop
      vertex 4.26527 66.1113 25
      vertex 3.98873 65.8347 13.01
      vertex 4.26527 66.1113 13.01
    endloop
  endfacet
  facet normal -0.890974 0.454054 0
    outer loop
      vertex 6.01127 64.3653 13.01
      vertex 6.18882 64.7137 25
      vertex 6.18882 64.7137 13.01
    endloop
  endfacet
  facet normal -0.890974 0.454054 0
    outer loop
      vertex 6.18882 64.7137 25
      vertex 6.01127 64.3653 13.01
      vertex 6.01127 64.3653 25
    endloop
  endfacet
  facet normal -0.98769 0.156425 0
    outer loop
      vertex 6.18882 64.7137 13.01
      vertex 6.25 65.1 25
      vertex 6.25 65.1 13.01
    endloop
  endfacet
  facet normal -0.98769 0.156425 0
    outer loop
      vertex 6.25 65.1 25
      vertex 6.18882 64.7137 13.01
      vertex 6.18882 64.7137 25
    endloop
  endfacet
  facet normal 0.707183 0.70703 0
    outer loop
      vertex 4.26527 64.0887 25
      vertex 3.98873 64.3653 13.01
      vertex 3.98873 64.3653 25
    endloop
  endfacet
  facet normal 0.707183 0.70703 0
    outer loop
      vertex 3.98873 64.3653 13.01
      vertex 4.26527 64.0887 25
      vertex 4.26527 64.0887 13.01
    endloop
  endfacet
  facet normal 0.453891 0.891057 -0
    outer loop
      vertex 4.61373 63.9112 13.01
      vertex 4.26527 64.0887 25
      vertex 4.61373 63.9112 25
    endloop
  endfacet
  facet normal 0.453891 0.891057 0
    outer loop
      vertex 4.26527 64.0887 25
      vertex 4.61373 63.9112 13.01
      vertex 4.26527 64.0887 13.01
    endloop
  endfacet
  facet normal -0.993469 -0.114106 0
    outer loop
      vertex 71.5513 4.40317 3
      vertex 71.5057 4.80019 25
      vertex 71.5057 4.80019 3
    endloop
  endfacet
  facet normal -0.993469 -0.114106 0
    outer loop
      vertex 71.5057 4.80019 25
      vertex 71.5513 4.40317 3
      vertex 71.5513 4.40317 25
    endloop
  endfacet
  facet normal -0.309063 0.951041 0
    outer loop
      vertex 74.1102 8.38501 3
      vertex 73.7302 8.26152 25
      vertex 74.1102 8.38501 25
    endloop
  endfacet
  facet normal -0.309063 0.951041 0
    outer loop
      vertex 73.7302 8.26152 25
      vertex 74.1102 8.38501 3
      vertex 73.7302 8.26152 3
    endloop
  endfacet
  facet normal -0.89742 -0.441178 0
    outer loop
      vertex 71.9524 3.27894 3
      vertex 71.7761 3.63756 25
      vertex 71.7761 3.63756 3
    endloop
  endfacet
  facet normal -0.89742 -0.441178 0
    outer loop
      vertex 71.7761 3.63756 25
      vertex 71.9524 3.27894 3
      vertex 71.9524 3.27894 25
    endloop
  endfacet
  facet normal -0.89742 0.441178 0
    outer loop
      vertex 71.7761 6.36244 3
      vertex 71.9524 6.72106 25
      vertex 71.9524 6.72106 3
    endloop
  endfacet
  facet normal -0.89742 0.441178 0
    outer loop
      vertex 71.9524 6.72106 25
      vertex 71.7761 6.36244 3
      vertex 71.7761 6.36244 25
    endloop
  endfacet
  facet normal 0.466603 0.884467 -0
    outer loop
      vertex 76.8074 7.99722 3
      vertex 76.4539 8.18371 25
      vertex 76.8074 7.99722 25
    endloop
  endfacet
  facet normal 0.466603 0.884467 0
    outer loop
      vertex 76.4539 8.18371 25
      vertex 76.8074 7.99722 3
      vertex 76.4539 8.18371 3
    endloop
  endfacet
  facet normal -0.774096 0.633069 0
    outer loop
      vertex 72.1684 7.05725 3
      vertex 72.4214 7.36661 25
      vertex 72.4214 7.36661 3
    endloop
  endfacet
  facet normal -0.774096 0.633069 0
    outer loop
      vertex 72.4214 7.36661 25
      vertex 72.1684 7.05725 3
      vertex 72.1684 7.05725 25
    endloop
  endfacet
  facet normal 0.0285562 0.999592 -0
    outer loop
      vertex 75.2995 8.48716 3
      vertex 74.9001 8.49857 25
      vertex 75.2995 8.48716 25
    endloop
  endfacet
  facet normal 0.0285562 0.999592 0
    outer loop
      vertex 74.9001 8.49857 25
      vertex 75.2995 8.48716 3
      vertex 74.9001 8.49857 3
    endloop
  endfacet
  facet normal -0.941838 -0.336067 0
    outer loop
      vertex 71.7761 3.63756 3
      vertex 71.6418 4.01394 25
      vertex 71.6418 4.01394 3
    endloop
  endfacet
  facet normal -0.941838 -0.336067 0
    outer loop
      vertex 71.6418 4.01394 25
      vertex 71.7761 3.63756 3
      vertex 71.7761 3.63756 25
    endloop
  endfacet
  facet normal 0.564453 0.825465 -0
    outer loop
      vertex 77 7.86552 3
      vertex 76.8074 7.99722 25
      vertex 77 7.86552 25
    endloop
  endfacet
  facet normal 0.564453 0.825465 0
    outer loop
      vertex 76.8074 7.99722 25
      vertex 77 7.86552 3
      vertex 76.8074 7.99722 3
    endloop
  endfacet
  facet normal -0.696913 0.717156 0
    outer loop
      vertex 72.708 7.64512 3
      vertex 72.4214 7.36661 25
      vertex 72.708 7.64512 25
    endloop
  endfacet
  facet normal -0.696913 0.717156 0
    outer loop
      vertex 72.4214 7.36661 25
      vertex 72.708 7.64512 3
      vertex 72.4214 7.36661 3
    endloop
  endfacet
  facet normal -1 0 0
    outer loop
      vertex 71.5057 4.80019 3
      vertex 71.5057 5.19981 25
      vertex 71.5057 5.19981 3
    endloop
  endfacet
  facet normal -1 -0 0
    outer loop
      vertex 71.5057 5.19981 25
      vertex 71.5057 4.80019 3
      vertex 71.5057 4.80019 25
    endloop
  endfacet
  facet normal -0.19857 0.980087 0
    outer loop
      vertex 74.5019 8.46437 3
      vertex 74.1102 8.38501 25
      vertex 74.5019 8.46437 25
    endloop
  endfacet
  facet normal -0.19857 0.980087 0
    outer loop
      vertex 74.1102 8.38501 25
      vertex 74.5019 8.46437 3
      vertex 74.1102 8.38501 3
    endloop
  endfacet
  facet normal -0.993469 0.114106 0
    outer loop
      vertex 71.5057 5.19981 3
      vertex 71.5513 5.59683 25
      vertex 71.5513 5.59683 3
    endloop
  endfacet
  facet normal -0.993469 0.114106 0
    outer loop
      vertex 71.5513 5.59683 25
      vertex 71.5057 5.19981 3
      vertex 71.5057 5.19981 25
    endloop
  endfacet
  facet normal 0.142294 0.989825 -0
    outer loop
      vertex 75.6951 8.43029 3
      vertex 75.2995 8.48716 25
      vertex 75.6951 8.43029 25
    endloop
  endfacet
  facet normal 0.142294 0.989825 0
    outer loop
      vertex 75.2995 8.48716 25
      vertex 75.6951 8.43029 3
      vertex 75.2995 8.48716 3
    endloop
  endfacet
  facet normal -0.841204 -0.540718 0
    outer loop
      vertex 72.1317 3 3
      vertex 71.9524 3.27894 25
      vertex 71.9524 3.27894 3
    endloop
  endfacet
  facet normal -0.841204 -0.540718 0
    outer loop
      vertex 71.9524 3.27894 25
      vertex 72.1317 3 3
      vertex 72.1317 3 25
    endloop
  endfacet
  facet normal -0.415405 0.909637 0
    outer loop
      vertex 73.7302 8.26152 3
      vertex 73.3667 8.09552 25
      vertex 73.7302 8.26152 25
    endloop
  endfacet
  facet normal -0.415405 0.909637 0
    outer loop
      vertex 73.3667 8.09552 25
      vertex 73.7302 8.26152 3
      vertex 73.3667 8.09552 3
    endloop
  endfacet
  facet normal -0.610604 0.791936 0
    outer loop
      vertex 73.0245 7.88915 3
      vertex 72.708 7.64512 25
      vertex 73.0245 7.88915 25
    endloop
  endfacet
  facet normal -0.610604 0.791936 0
    outer loop
      vertex 72.708 7.64512 25
      vertex 73.0245 7.88915 3
      vertex 72.708 7.64512 3
    endloop
  endfacet
  facet normal 0.362896 0.93183 -0
    outer loop
      vertex 76.4539 8.18371 3
      vertex 76.0816 8.3287 25
      vertex 76.4539 8.18371 25
    endloop
  endfacet
  facet normal 0.362896 0.93183 0
    outer loop
      vertex 76.0816 8.3287 25
      vertex 76.4539 8.18371 3
      vertex 76.0816 8.3287 3
    endloop
  endfacet
  facet normal -0.941838 0.336067 0
    outer loop
      vertex 71.6418 5.98606 3
      vertex 71.7761 6.36244 25
      vertex 71.7761 6.36244 3
    endloop
  endfacet
  facet normal -0.941838 0.336067 0
    outer loop
      vertex 71.7761 6.36244 25
      vertex 71.6418 5.98606 3
      vertex 71.6418 5.98606 25
    endloop
  endfacet
  facet normal -0.0855715 0.996332 0
    outer loop
      vertex 74.9001 8.49857 3
      vertex 74.5019 8.46437 25
      vertex 74.9001 8.49857 25
    endloop
  endfacet
  facet normal -0.0855715 0.996332 0
    outer loop
      vertex 74.5019 8.46437 25
      vertex 74.9001 8.49857 3
      vertex 74.5019 8.46437 3
    endloop
  endfacet
  facet normal -0.516426 0.856332 0
    outer loop
      vertex 73.3667 8.09552 3
      vertex 73.0245 7.88915 25
      vertex 73.3667 8.09552 25
    endloop
  endfacet
  facet normal -0.516426 0.856332 0
    outer loop
      vertex 73.0245 7.88915 25
      vertex 73.3667 8.09552 3
      vertex 73.0245 7.88915 3
    endloop
  endfacet
  facet normal -0.974018 0.226469 0
    outer loop
      vertex 71.5513 5.59683 3
      vertex 71.6418 5.98606 25
      vertex 71.6418 5.98606 3
    endloop
  endfacet
  facet normal -0.974018 0.226469 0
    outer loop
      vertex 71.6418 5.98606 25
      vertex 71.5513 5.59683 3
      vertex 71.5513 5.59683 25
    endloop
  endfacet
  facet normal -0.974018 -0.226469 0
    outer loop
      vertex 71.6418 4.01394 3
      vertex 71.5513 4.40317 25
      vertex 71.5513 4.40317 3
    endloop
  endfacet
  facet normal -0.974018 -0.226469 0
    outer loop
      vertex 71.5513 4.40317 25
      vertex 71.6418 4.01394 3
      vertex 71.6418 4.01394 25
    endloop
  endfacet
  facet normal -0.841317 0.540541 0
    outer loop
      vertex 71.9524 6.72106 3
      vertex 72.1684 7.05725 25
      vertex 72.1684 7.05725 3
    endloop
  endfacet
  facet normal -0.841317 0.540541 0
    outer loop
      vertex 72.1684 7.05725 25
      vertex 71.9524 6.72106 3
      vertex 71.9524 6.72106 25
    endloop
  endfacet
  facet normal 0.254211 0.967149 -0
    outer loop
      vertex 76.0816 8.3287 3
      vertex 75.6951 8.43029 25
      vertex 76.0816 8.3287 25
    endloop
  endfacet
  facet normal 0.254211 0.967149 0
    outer loop
      vertex 75.6951 8.43029 25
      vertex 76.0816 8.3287 3
      vertex 75.6951 8.43029 3
    endloop
  endfacet
  facet normal -0.891057 -0.453891 0
    outer loop
      vertex 76.1888 5.38627 13.01
      vertex 76.0113 5.73473 25
      vertex 76.0113 5.73473 13.01
    endloop
  endfacet
  facet normal -0.891057 -0.453891 0
    outer loop
      vertex 76.0113 5.73473 25
      vertex 76.1888 5.38627 13.01
      vertex 76.1888 5.38627 25
    endloop
  endfacet
  facet normal -0.98768 -0.156486 0
    outer loop
      vertex 76.25 5 13.01
      vertex 76.1888 5.38627 25
      vertex 76.1888 5.38627 13.01
    endloop
  endfacet
  facet normal -0.98768 -0.156486 0
    outer loop
      vertex 76.1888 5.38627 25
      vertex 76.25 5 13.01
      vertex 76.25 5 25
    endloop
  endfacet
  facet normal -0.70703 -0.707183 0
    outer loop
      vertex 76.0113 5.73473 13.01
      vertex 75.7347 6.01127 25
      vertex 75.7347 6.01127 13.01
    endloop
  endfacet
  facet normal -0.70703 -0.707183 0
    outer loop
      vertex 75.7347 6.01127 25
      vertex 76.0113 5.73473 13.01
      vertex 76.0113 5.73473 25
    endloop
  endfacet
  facet normal -0.156425 -0.98769 0
    outer loop
      vertex 75 6.25 13.01
      vertex 75.3863 6.18882 25
      vertex 75 6.25 25
    endloop
  endfacet
  facet normal -0.156425 -0.98769 -0
    outer loop
      vertex 75.3863 6.18882 25
      vertex 75 6.25 13.01
      vertex 75.3863 6.18882 13.01
    endloop
  endfacet
  facet normal 0 0 1
    outer loop
      vertex 76.1888 5.38627 13.01
      vertex 76.1888 4.61373 13.01
      vertex 76.25 5 13.01
    endloop
  endfacet
  facet normal 0 0 1
    outer loop
      vertex 76.0113 5.73473 13.01
      vertex 76.1888 4.61373 13.01
      vertex 76.1888 5.38627 13.01
    endloop
  endfacet
  facet normal 0 0 1
    outer loop
      vertex 76.0113 5.73473 13.01
      vertex 76.0113 4.26527 13.01
      vertex 76.1888 4.61373 13.01
    endloop
  endfacet
  facet normal 0 0 1
    outer loop
      vertex 75.7347 6.01127 13.01
      vertex 76.0113 4.26527 13.01
      vertex 76.0113 5.73473 13.01
    endloop
  endfacet
  facet normal 0 0 1
    outer loop
      vertex 75.7347 6.01127 13.01
      vertex 75.7347 3.98873 13.01
      vertex 76.0113 4.26527 13.01
    endloop
  endfacet
  facet normal 0 0 1
    outer loop
      vertex 75.3863 6.18882 13.01
      vertex 75.7347 3.98873 13.01
      vertex 75.7347 6.01127 13.01
    endloop
  endfacet
  facet normal 0 0 1
    outer loop
      vertex 75.3863 6.18882 13.01
      vertex 75.3863 3.81118 13.01
      vertex 75.7347 3.98873 13.01
    endloop
  endfacet
  facet normal 0 0 1
    outer loop
      vertex 75 6.25 13.01
      vertex 75.3863 3.81118 13.01
      vertex 75.3863 6.18882 13.01
    endloop
  endfacet
  facet normal 0 0 1
    outer loop
      vertex 75 6.25 13.01
      vertex 75 3.75 13.01
      vertex 75.3863 3.81118 13.01
    endloop
  endfacet
  facet normal -0 0 1
    outer loop
      vertex 74.6137 6.18882 13.01
      vertex 75 3.75 13.01
      vertex 75 6.25 13.01
    endloop
  endfacet
  facet normal 0 0 1
    outer loop
      vertex 74.6137 6.18882 13.01
      vertex 74.6137 3.81118 13.01
      vertex 75 3.75 13.01
    endloop
  endfacet
  facet normal -0 0 1
    outer loop
      vertex 74.2653 6.01127 13.01
      vertex 74.6137 3.81118 13.01
      vertex 74.6137 6.18882 13.01
    endloop
  endfacet
  facet normal 0 0 1
    outer loop
      vertex 74.2653 6.01127 13.01
      vertex 74.2653 3.98873 13.01
      vertex 74.6137 3.81118 13.01
    endloop
  endfacet
  facet normal -0 0 1
    outer loop
      vertex 73.9887 5.73473 13.01
      vertex 74.2653 3.98873 13.01
      vertex 74.2653 6.01127 13.01
    endloop
  endfacet
  facet normal 0 0 1
    outer loop
      vertex 73.9887 5.73473 13.01
      vertex 73.9887 4.26527 13.01
      vertex 74.2653 3.98873 13.01
    endloop
  endfacet
  facet normal -0 0 1
    outer loop
      vertex 73.8112 5.38627 13.01
      vertex 73.9887 4.26527 13.01
      vertex 73.9887 5.73473 13.01
    endloop
  endfacet
  facet normal 0 0 1
    outer loop
      vertex 73.8112 5.38627 13.01
      vertex 73.8112 4.61373 13.01
      vertex 73.9887 4.26527 13.01
    endloop
  endfacet
  facet normal 0 -0 1
    outer loop
      vertex 73.8112 4.61373 13.01
      vertex 73.8112 5.38627 13.01
      vertex 73.75 5 13.01
    endloop
  endfacet
  facet normal 0.98768 -0.156486 0
    outer loop
      vertex 73.75 5 25
      vertex 73.8112 5.38627 13.01
      vertex 73.8112 5.38627 25
    endloop
  endfacet
  facet normal 0.98768 -0.156486 0
    outer loop
      vertex 73.8112 5.38627 13.01
      vertex 73.75 5 25
      vertex 73.75 5 13.01
    endloop
  endfacet
  facet normal -0.454054 -0.890974 0
    outer loop
      vertex 75.3863 6.18882 13.01
      vertex 75.7347 6.01127 25
      vertex 75.3863 6.18882 25
    endloop
  endfacet
  facet normal -0.454054 -0.890974 -0
    outer loop
      vertex 75.7347 6.01127 25
      vertex 75.3863 6.18882 13.01
      vertex 75.7347 6.01127 13.01
    endloop
  endfacet
  facet normal 0.454054 -0.890974 0
    outer loop
      vertex 74.2653 6.01127 13.01
      vertex 74.6137 6.18882 25
      vertex 74.2653 6.01127 25
    endloop
  endfacet
  facet normal 0.454054 -0.890974 0
    outer loop
      vertex 74.6137 6.18882 25
      vertex 74.2653 6.01127 13.01
      vertex 74.6137 6.18882 13.01
    endloop
  endfacet
  facet normal 0.156425 0.98769 -0
    outer loop
      vertex 75 3.75 13.01
      vertex 74.6137 3.81118 25
      vertex 75 3.75 25
    endloop
  endfacet
  facet normal 0.156425 0.98769 0
    outer loop
      vertex 74.6137 3.81118 25
      vertex 75 3.75 13.01
      vertex 74.6137 3.81118 13.01
    endloop
  endfacet
  facet normal -0.70703 0.707183 0
    outer loop
      vertex 75.7347 3.98873 13.01
      vertex 76.0113 4.26527 25
      vertex 76.0113 4.26527 13.01
    endloop
  endfacet
  facet normal -0.70703 0.707183 0
    outer loop
      vertex 76.0113 4.26527 25
      vertex 75.7347 3.98873 13.01
      vertex 75.7347 3.98873 25
    endloop
  endfacet
  facet normal 0.891057 0.453891 0
    outer loop
      vertex 73.9887 4.26527 25
      vertex 73.8112 4.61373 13.01
      vertex 73.8112 4.61373 25
    endloop
  endfacet
  facet normal 0.891057 0.453891 0
    outer loop
      vertex 73.8112 4.61373 13.01
      vertex 73.9887 4.26527 25
      vertex 73.9887 4.26527 13.01
    endloop
  endfacet
  facet normal 0.156425 -0.98769 0
    outer loop
      vertex 74.6137 6.18882 13.01
      vertex 75 6.25 25
      vertex 74.6137 6.18882 25
    endloop
  endfacet
  facet normal 0.156425 -0.98769 0
    outer loop
      vertex 75 6.25 25
      vertex 74.6137 6.18882 13.01
      vertex 75 6.25 13.01
    endloop
  endfacet
  facet normal -0.454054 0.890974 0
    outer loop
      vertex 75.7347 3.98873 13.01
      vertex 75.3863 3.81118 25
      vertex 75.7347 3.98873 25
    endloop
  endfacet
  facet normal -0.454054 0.890974 0
    outer loop
      vertex 75.3863 3.81118 25
      vertex 75.7347 3.98873 13.01
      vertex 75.3863 3.81118 13.01
    endloop
  endfacet
  facet normal -0.156425 0.98769 0
    outer loop
      vertex 75.3863 3.81118 13.01
      vertex 75 3.75 25
      vertex 75.3863 3.81118 25
    endloop
  endfacet
  facet normal -0.156425 0.98769 0
    outer loop
      vertex 75 3.75 25
      vertex 75.3863 3.81118 13.01
      vertex 75 3.75 13.01
    endloop
  endfacet
  facet normal 0.98768 0.156486 0
    outer loop
      vertex 73.8112 4.61373 25
      vertex 73.75 5 13.01
      vertex 73.75 5 25
    endloop
  endfacet
  facet normal 0.98768 0.156486 0
    outer loop
      vertex 73.75 5 13.01
      vertex 73.8112 4.61373 25
      vertex 73.8112 4.61373 13.01
    endloop
  endfacet
  facet normal 0.891057 -0.453891 0
    outer loop
      vertex 73.8112 5.38627 25
      vertex 73.9887 5.73473 13.01
      vertex 73.9887 5.73473 25
    endloop
  endfacet
  facet normal 0.891057 -0.453891 0
    outer loop
      vertex 73.9887 5.73473 13.01
      vertex 73.8112 5.38627 25
      vertex 73.8112 5.38627 13.01
    endloop
  endfacet
  facet normal 0.70703 -0.707183 0
    outer loop
      vertex 73.9887 5.73473 25
      vertex 74.2653 6.01127 13.01
      vertex 74.2653 6.01127 25
    endloop
  endfacet
  facet normal 0.70703 -0.707183 0
    outer loop
      vertex 74.2653 6.01127 13.01
      vertex 73.9887 5.73473 25
      vertex 73.9887 5.73473 13.01
    endloop
  endfacet
  facet normal -0.891057 0.453891 0
    outer loop
      vertex 76.0113 4.26527 13.01
      vertex 76.1888 4.61373 25
      vertex 76.1888 4.61373 13.01
    endloop
  endfacet
  facet normal -0.891057 0.453891 0
    outer loop
      vertex 76.1888 4.61373 25
      vertex 76.0113 4.26527 13.01
      vertex 76.0113 4.26527 25
    endloop
  endfacet
  facet normal -0.98768 0.156486 0
    outer loop
      vertex 76.1888 4.61373 13.01
      vertex 76.25 5 25
      vertex 76.25 5 13.01
    endloop
  endfacet
  facet normal -0.98768 0.156486 0
    outer loop
      vertex 76.25 5 25
      vertex 76.1888 4.61373 13.01
      vertex 76.1888 4.61373 25
    endloop
  endfacet
  facet normal 0.70703 0.707183 0
    outer loop
      vertex 74.2653 3.98873 25
      vertex 73.9887 4.26527 13.01
      vertex 73.9887 4.26527 25
    endloop
  endfacet
  facet normal 0.70703 0.707183 0
    outer loop
      vertex 73.9887 4.26527 13.01
      vertex 74.2653 3.98873 25
      vertex 74.2653 3.98873 13.01
    endloop
  endfacet
  facet normal 0.454054 0.890974 -0
    outer loop
      vertex 74.6137 3.81118 13.01
      vertex 74.2653 3.98873 25
      vertex 74.6137 3.81118 25
    endloop
  endfacet
  facet normal 0.454054 0.890974 0
    outer loop
      vertex 74.2653 3.98873 25
      vertex 74.6137 3.81118 13.01
      vertex 74.2653 3.98873 13.01
    endloop
  endfacet
  facet normal 0.254235 -0.967143 0
    outer loop
      vertex 75.6951 61.6697 3
      vertex 76.0816 61.7713 25
      vertex 75.6951 61.6697 25
    endloop
  endfacet
  facet normal 0.254235 -0.967143 0
    outer loop
      vertex 76.0816 61.7713 25
      vertex 75.6951 61.6697 3
      vertex 76.0816 61.7713 3
    endloop
  endfacet
  facet normal -0.993468 -0.114111 0
    outer loop
      vertex 71.5513 64.5032 3
      vertex 71.5057 64.9002 25
      vertex 71.5057 64.9002 3
    endloop
  endfacet
  facet normal -0.993468 -0.114111 0
    outer loop
      vertex 71.5057 64.9002 25
      vertex 71.5513 64.5032 3
      vertex 71.5513 64.5032 25
    endloop
  endfacet
  facet normal -0.897459 -0.441098 0
    outer loop
      vertex 71.9524 63.3789 3
      vertex 71.7761 63.7376 25
      vertex 71.7761 63.7376 3
    endloop
  endfacet
  facet normal -0.897459 -0.441098 0
    outer loop
      vertex 71.7761 63.7376 25
      vertex 71.9524 63.3789 3
      vertex 71.9524 63.3789 25
    endloop
  endfacet
  facet normal -0.897459 0.441098 0
    outer loop
      vertex 71.7761 66.4624 3
      vertex 71.9524 66.8211 25
      vertex 71.9524 66.8211 3
    endloop
  endfacet
  facet normal -0.897459 0.441098 0
    outer loop
      vertex 71.9524 66.8211 25
      vertex 71.7761 66.4624 3
      vertex 71.7761 66.4624 25
    endloop
  endfacet
  facet normal 0.466623 -0.884456 0
    outer loop
      vertex 76.4539 61.9163 3
      vertex 76.8074 62.1028 25
      vertex 76.4539 61.9163 25
    endloop
  endfacet
  facet normal 0.466623 -0.884456 0
    outer loop
      vertex 76.8074 62.1028 25
      vertex 76.4539 61.9163 3
      vertex 76.8074 62.1028 3
    endloop
  endfacet
  facet normal -0.0855715 -0.996332 0
    outer loop
      vertex 74.5019 61.6356 3
      vertex 74.9001 61.6014 25
      vertex 74.5019 61.6356 25
    endloop
  endfacet
  facet normal -0.0855715 -0.996332 -0
    outer loop
      vertex 74.9001 61.6014 25
      vertex 74.5019 61.6356 3
      vertex 74.9001 61.6014 3
    endloop
  endfacet
  facet normal -0.610714 -0.791851 0
    outer loop
      vertex 72.708 62.4549 3
      vertex 73.0245 62.2108 25
      vertex 72.708 62.4549 25
    endloop
  endfacet
  facet normal -0.610714 -0.791851 -0
    outer loop
      vertex 73.0245 62.2108 25
      vertex 72.708 62.4549 3
      vertex 73.0245 62.2108 3
    endloop
  endfacet
  facet normal -0.941816 -0.33613 0
    outer loop
      vertex 71.7761 63.7376 3
      vertex 71.6418 64.1139 25
      vertex 71.6418 64.1139 3
    endloop
  endfacet
  facet normal -0.941816 -0.33613 0
    outer loop
      vertex 71.6418 64.1139 25
      vertex 71.7761 63.7376 3
      vertex 71.7761 63.7376 25
    endloop
  endfacet
  facet normal -0.309086 -0.951034 0
    outer loop
      vertex 73.7302 61.8385 3
      vertex 74.1102 61.715 25
      vertex 73.7302 61.8385 25
    endloop
  endfacet
  facet normal -0.309086 -0.951034 -0
    outer loop
      vertex 74.1102 61.715 25
      vertex 73.7302 61.8385 3
      vertex 74.1102 61.715 3
    endloop
  endfacet
  facet normal -1 0 0
    outer loop
      vertex 71.5057 64.9002 3
      vertex 71.5057 65.2998 25
      vertex 71.5057 65.2998 3
    endloop
  endfacet
  facet normal -1 -0 0
    outer loop
      vertex 71.5057 65.2998 25
      vertex 71.5057 64.9002 3
      vertex 71.5057 64.9002 25
    endloop
  endfacet
  facet normal 0.362917 -0.931821 0
    outer loop
      vertex 76.0816 61.7713 3
      vertex 76.4539 61.9163 25
      vertex 76.0816 61.7713 25
    endloop
  endfacet
  facet normal 0.362917 -0.931821 0
    outer loop
      vertex 76.4539 61.9163 25
      vertex 76.0816 61.7713 3
      vertex 76.4539 61.9163 3
    endloop
  endfacet
  facet normal -0.774136 -0.63302 0
    outer loop
      vertex 72.4214 62.7334 3
      vertex 72.1684 63.0428 25
      vertex 72.1684 63.0428 3
    endloop
  endfacet
  facet normal -0.774136 -0.63302 0
    outer loop
      vertex 72.1684 63.0428 25
      vertex 72.4214 62.7334 3
      vertex 72.4214 62.7334 25
    endloop
  endfacet
  facet normal -0.993468 0.114111 0
    outer loop
      vertex 71.5057 65.2998 3
      vertex 71.5513 65.6968 25
      vertex 71.5513 65.6968 3
    endloop
  endfacet
  facet normal -0.993468 0.114111 0
    outer loop
      vertex 71.5513 65.6968 25
      vertex 71.5057 65.2998 3
      vertex 71.5057 65.2998 25
    endloop
  endfacet
  facet normal 0.564453 -0.825465 0
    outer loop
      vertex 76.8074 62.1028 3
      vertex 77 62.2345 25
      vertex 76.8074 62.1028 25
    endloop
  endfacet
  facet normal 0.564453 -0.825465 0
    outer loop
      vertex 77 62.2345 25
      vertex 76.8074 62.1028 3
      vertex 77 62.2345 3
    endloop
  endfacet
  facet normal -0.841252 -0.540644 0
    outer loop
      vertex 72.1684 63.0428 3
      vertex 71.9524 63.3789 25
      vertex 71.9524 63.3789 3
    endloop
  endfacet
  facet normal -0.841252 -0.540644 0
    outer loop
      vertex 71.9524 63.3789 25
      vertex 72.1684 63.0428 3
      vertex 72.1684 63.0428 25
    endloop
  endfacet
  facet normal 0.142367 -0.989814 0
    outer loop
      vertex 75.2995 61.6128 3
      vertex 75.6951 61.6697 25
      vertex 75.2995 61.6128 25
    endloop
  endfacet
  facet normal 0.142367 -0.989814 0
    outer loop
      vertex 75.6951 61.6697 25
      vertex 75.2995 61.6128 3
      vertex 75.6951 61.6697 3
    endloop
  endfacet
  facet normal 0.0285312 -0.999593 0
    outer loop
      vertex 74.9001 61.6014 3
      vertex 75.2995 61.6128 25
      vertex 74.9001 61.6014 25
    endloop
  endfacet
  facet normal 0.0285312 -0.999593 0
    outer loop
      vertex 75.2995 61.6128 25
      vertex 74.9001 61.6014 3
      vertex 75.2995 61.6128 3
    endloop
  endfacet
  facet normal -0.941816 0.33613 0
    outer loop
      vertex 71.6418 66.0861 3
      vertex 71.7761 66.4624 25
      vertex 71.7761 66.4624 3
    endloop
  endfacet
  facet normal -0.941816 0.33613 0
    outer loop
      vertex 71.7761 66.4624 25
      vertex 71.6418 66.0861 3
      vertex 71.6418 66.0861 25
    endloop
  endfacet
  facet normal -0.415405 -0.909637 0
    outer loop
      vertex 73.3667 62.0045 3
      vertex 73.7302 61.8385 25
      vertex 73.3667 62.0045 25
    endloop
  endfacet
  facet normal -0.415405 -0.909637 -0
    outer loop
      vertex 73.7302 61.8385 25
      vertex 73.3667 62.0045 3
      vertex 73.7302 61.8385 3
    endloop
  endfacet
  facet normal -0.516298 -0.856409 0
    outer loop
      vertex 73.0245 62.2108 3
      vertex 73.3667 62.0045 25
      vertex 73.0245 62.2108 25
    endloop
  endfacet
  facet normal -0.516298 -0.856409 -0
    outer loop
      vertex 73.3667 62.0045 25
      vertex 73.0245 62.2108 3
      vertex 73.3667 62.0045 3
    endloop
  endfacet
  facet normal -0.6969 -0.717169 0
    outer loop
      vertex 72.4214 62.7334 3
      vertex 72.708 62.4549 25
      vertex 72.4214 62.7334 25
    endloop
  endfacet
  facet normal -0.6969 -0.717169 -0
    outer loop
      vertex 72.708 62.4549 25
      vertex 72.4214 62.7334 3
      vertex 72.708 62.4549 3
    endloop
  endfacet
  facet normal -0.974027 0.226431 0
    outer loop
      vertex 71.5513 65.6968 3
      vertex 71.6418 66.0861 25
      vertex 71.6418 66.0861 3
    endloop
  endfacet
  facet normal -0.974027 0.226431 0
    outer loop
      vertex 71.6418 66.0861 25
      vertex 71.5513 65.6968 3
      vertex 71.5513 65.6968 25
    endloop
  endfacet
  facet normal -0.974027 -0.226431 0
    outer loop
      vertex 71.6418 64.1139 3
      vertex 71.5513 64.5032 25
      vertex 71.5513 64.5032 3
    endloop
  endfacet
  facet normal -0.974027 -0.226431 0
    outer loop
      vertex 71.5513 64.5032 25
      vertex 71.6418 64.1139 3
      vertex 71.6418 64.1139 25
    endloop
  endfacet
  facet normal -0.198666 -0.980067 0
    outer loop
      vertex 74.1102 61.715 3
      vertex 74.5019 61.6356 25
      vertex 74.1102 61.715 25
    endloop
  endfacet
  facet normal -0.198666 -0.980067 -0
    outer loop
      vertex 74.5019 61.6356 25
      vertex 74.1102 61.715 3
      vertex 74.5019 61.6356 3
    endloop
  endfacet
  facet normal -0.841169 0.540773 0
    outer loop
      vertex 71.9524 66.8211 3
      vertex 72.1317 67.1 25
      vertex 72.1317 67.1 3
    endloop
  endfacet
  facet normal -0.841169 0.540773 0
    outer loop
      vertex 72.1317 67.1 25
      vertex 71.9524 66.8211 3
      vertex 71.9524 66.8211 25
    endloop
  endfacet
  facet normal -0.891026 -0.453953 0
    outer loop
      vertex 76.1888 65.4863 13.01
      vertex 76.0113 65.8347 25
      vertex 76.0113 65.8347 13.01
    endloop
  endfacet
  facet normal -0.891026 -0.453953 0
    outer loop
      vertex 76.0113 65.8347 25
      vertex 76.1888 65.4863 13.01
      vertex 76.1888 65.4863 25
    endloop
  endfacet
  facet normal -0.987682 -0.156475 0
    outer loop
      vertex 76.25 65.1 13.01
      vertex 76.1888 65.4863 25
      vertex 76.1888 65.4863 13.01
    endloop
  endfacet
  facet normal -0.987682 -0.156475 0
    outer loop
      vertex 76.1888 65.4863 25
      vertex 76.25 65.1 13.01
      vertex 76.25 65.1 25
    endloop
  endfacet
  facet normal -0.707107 -0.707107 0
    outer loop
      vertex 76.0113 65.8347 13.01
      vertex 75.7347 66.1113 25
      vertex 75.7347 66.1113 13.01
    endloop
  endfacet
  facet normal -0.707107 -0.707107 0
    outer loop
      vertex 75.7347 66.1113 25
      vertex 76.0113 65.8347 13.01
      vertex 76.0113 65.8347 25
    endloop
  endfacet
  facet normal -0.156475 -0.987682 0
    outer loop
      vertex 75 66.35 13.01
      vertex 75.3863 66.2888 25
      vertex 75 66.35 25
    endloop
  endfacet
  facet normal -0.156475 -0.987682 -0
    outer loop
      vertex 75.3863 66.2888 25
      vertex 75 66.35 13.01
      vertex 75.3863 66.2888 13.01
    endloop
  endfacet
  facet normal 0 0 1
    outer loop
      vertex 76.1888 65.4863 13.01
      vertex 76.1888 64.7137 13.01
      vertex 76.25 65.1 13.01
    endloop
  endfacet
  facet normal 0 0 1
    outer loop
      vertex 76.0113 65.8347 13.01
      vertex 76.1888 64.7137 13.01
      vertex 76.1888 65.4863 13.01
    endloop
  endfacet
  facet normal 0 0 1
    outer loop
      vertex 76.0113 65.8347 13.01
      vertex 76.0113 64.3653 13.01
      vertex 76.1888 64.7137 13.01
    endloop
  endfacet
  facet normal 0 0 1
    outer loop
      vertex 75.7347 66.1113 13.01
      vertex 76.0113 64.3653 13.01
      vertex 76.0113 65.8347 13.01
    endloop
  endfacet
  facet normal 0 0 1
    outer loop
      vertex 75.7347 66.1113 13.01
      vertex 75.7347 64.0887 13.01
      vertex 76.0113 64.3653 13.01
    endloop
  endfacet
  facet normal 0 0 1
    outer loop
      vertex 75.3863 66.2888 13.01
      vertex 75.7347 64.0887 13.01
      vertex 75.7347 66.1113 13.01
    endloop
  endfacet
  facet normal 0 0 1
    outer loop
      vertex 75.3863 66.2888 13.01
      vertex 75.3863 63.9112 13.01
      vertex 75.7347 64.0887 13.01
    endloop
  endfacet
  facet normal 0 0 1
    outer loop
      vertex 75 66.35 13.01
      vertex 75.3863 63.9112 13.01
      vertex 75.3863 66.2888 13.01
    endloop
  endfacet
  facet normal 0 0 1
    outer loop
      vertex 75 66.35 13.01
      vertex 75 63.85 13.01
      vertex 75.3863 63.9112 13.01
    endloop
  endfacet
  facet normal -0 0 1
    outer loop
      vertex 74.6137 66.2888 13.01
      vertex 75 63.85 13.01
      vertex 75 66.35 13.01
    endloop
  endfacet
  facet normal 0 0 1
    outer loop
      vertex 74.6137 66.2888 13.01
      vertex 74.6137 63.9112 13.01
      vertex 75 63.85 13.01
    endloop
  endfacet
  facet normal -0 0 1
    outer loop
      vertex 74.2653 66.1113 13.01
      vertex 74.6137 63.9112 13.01
      vertex 74.6137 66.2888 13.01
    endloop
  endfacet
  facet normal 0 0 1
    outer loop
      vertex 74.2653 66.1113 13.01
      vertex 74.2653 64.0887 13.01
      vertex 74.6137 63.9112 13.01
    endloop
  endfacet
  facet normal -0 0 1
    outer loop
      vertex 73.9887 65.8347 13.01
      vertex 74.2653 64.0887 13.01
      vertex 74.2653 66.1113 13.01
    endloop
  endfacet
  facet normal 0 0 1
    outer loop
      vertex 73.9887 65.8347 13.01
      vertex 73.9887 64.3653 13.01
      vertex 74.2653 64.0887 13.01
    endloop
  endfacet
  facet normal -0 0 1
    outer loop
      vertex 73.8112 65.4863 13.01
      vertex 73.9887 64.3653 13.01
      vertex 73.9887 65.8347 13.01
    endloop
  endfacet
  facet normal 0 0 1
    outer loop
      vertex 73.8112 65.4863 13.01
      vertex 73.8112 64.7137 13.01
      vertex 73.9887 64.3653 13.01
    endloop
  endfacet
  facet normal 0 -0 1
    outer loop
      vertex 73.8112 64.7137 13.01
      vertex 73.8112 65.4863 13.01
      vertex 73.75 65.1 13.01
    endloop
  endfacet
  facet normal 0.987682 -0.156475 0
    outer loop
      vertex 73.75 65.1 25
      vertex 73.8112 65.4863 13.01
      vertex 73.8112 65.4863 25
    endloop
  endfacet
  facet normal 0.987682 -0.156475 0
    outer loop
      vertex 73.8112 65.4863 13.01
      vertex 73.75 65.1 25
      vertex 73.75 65.1 13.01
    endloop
  endfacet
  facet normal -0.453953 -0.891026 0
    outer loop
      vertex 75.3863 66.2888 13.01
      vertex 75.7347 66.1113 25
      vertex 75.3863 66.2888 25
    endloop
  endfacet
  facet normal -0.453953 -0.891026 -0
    outer loop
      vertex 75.7347 66.1113 25
      vertex 75.3863 66.2888 13.01
      vertex 75.7347 66.1113 13.01
    endloop
  endfacet
  facet normal 0.453953 -0.891026 0
    outer loop
      vertex 74.2653 66.1113 13.01
      vertex 74.6137 66.2888 25
      vertex 74.2653 66.1113 25
    endloop
  endfacet
  facet normal 0.453953 -0.891026 0
    outer loop
      vertex 74.6137 66.2888 25
      vertex 74.2653 66.1113 13.01
      vertex 74.6137 66.2888 13.01
    endloop
  endfacet
  facet normal 0.156475 0.987682 -0
    outer loop
      vertex 75 63.85 13.01
      vertex 74.6137 63.9112 25
      vertex 75 63.85 25
    endloop
  endfacet
  facet normal 0.156475 0.987682 0
    outer loop
      vertex 74.6137 63.9112 25
      vertex 75 63.85 13.01
      vertex 74.6137 63.9112 13.01
    endloop
  endfacet
  facet normal -0.707107 0.707107 0
    outer loop
      vertex 75.7347 64.0887 13.01
      vertex 76.0113 64.3653 25
      vertex 76.0113 64.3653 13.01
    endloop
  endfacet
  facet normal -0.707107 0.707107 0
    outer loop
      vertex 76.0113 64.3653 25
      vertex 75.7347 64.0887 13.01
      vertex 75.7347 64.0887 25
    endloop
  endfacet
  facet normal 0.891026 0.453953 0
    outer loop
      vertex 73.9887 64.3653 25
      vertex 73.8112 64.7137 13.01
      vertex 73.8112 64.7137 25
    endloop
  endfacet
  facet normal 0.891026 0.453953 0
    outer loop
      vertex 73.8112 64.7137 13.01
      vertex 73.9887 64.3653 25
      vertex 73.9887 64.3653 13.01
    endloop
  endfacet
  facet normal 0.156475 -0.987682 0
    outer loop
      vertex 74.6137 66.2888 13.01
      vertex 75 66.35 25
      vertex 74.6137 66.2888 25
    endloop
  endfacet
  facet normal 0.156475 -0.987682 0
    outer loop
      vertex 75 66.35 25
      vertex 74.6137 66.2888 13.01
      vertex 75 66.35 13.01
    endloop
  endfacet
  facet normal -0.453953 0.891026 0
    outer loop
      vertex 75.7347 64.0887 13.01
      vertex 75.3863 63.9112 25
      vertex 75.7347 64.0887 25
    endloop
  endfacet
  facet normal -0.453953 0.891026 0
    outer loop
      vertex 75.3863 63.9112 25
      vertex 75.7347 64.0887 13.01
      vertex 75.3863 63.9112 13.01
    endloop
  endfacet
  facet normal -0.156475 0.987682 0
    outer loop
      vertex 75.3863 63.9112 13.01
      vertex 75 63.85 25
      vertex 75.3863 63.9112 25
    endloop
  endfacet
  facet normal -0.156475 0.987682 0
    outer loop
      vertex 75 63.85 25
      vertex 75.3863 63.9112 13.01
      vertex 75 63.85 13.01
    endloop
  endfacet
  facet normal 0.987682 0.156475 0
    outer loop
      vertex 73.8112 64.7137 25
      vertex 73.75 65.1 13.01
      vertex 73.75 65.1 25
    endloop
  endfacet
  facet normal 0.987682 0.156475 0
    outer loop
      vertex 73.75 65.1 13.01
      vertex 73.8112 64.7137 25
      vertex 73.8112 64.7137 13.01
    endloop
  endfacet
  facet normal 0.891026 -0.453953 0
    outer loop
      vertex 73.8112 65.4863 25
      vertex 73.9887 65.8347 13.01
      vertex 73.9887 65.8347 25
    endloop
  endfacet
  facet normal 0.891026 -0.453953 0
    outer loop
      vertex 73.9887 65.8347 13.01
      vertex 73.8112 65.4863 25
      vertex 73.8112 65.4863 13.01
    endloop
  endfacet
  facet normal 0.707107 -0.707107 0
    outer loop
      vertex 73.9887 65.8347 25
      vertex 74.2653 66.1113 13.01
      vertex 74.2653 66.1113 25
    endloop
  endfacet
  facet normal 0.707107 -0.707107 0
    outer loop
      vertex 74.2653 66.1113 13.01
      vertex 73.9887 65.8347 25
      vertex 73.9887 65.8347 13.01
    endloop
  endfacet
  facet normal -0.891026 0.453953 0
    outer loop
      vertex 76.0113 64.3653 13.01
      vertex 76.1888 64.7137 25
      vertex 76.1888 64.7137 13.01
    endloop
  endfacet
  facet normal -0.891026 0.453953 0
    outer loop
      vertex 76.1888 64.7137 25
      vertex 76.0113 64.3653 13.01
      vertex 76.0113 64.3653 25
    endloop
  endfacet
  facet normal -0.987682 0.156475 0
    outer loop
      vertex 76.1888 64.7137 13.01
      vertex 76.25 65.1 25
      vertex 76.25 65.1 13.01
    endloop
  endfacet
  facet normal -0.987682 0.156475 0
    outer loop
      vertex 76.25 65.1 25
      vertex 76.1888 64.7137 13.01
      vertex 76.1888 64.7137 25
    endloop
  endfacet
  facet normal 0.707107 0.707107 0
    outer loop
      vertex 74.2653 64.0887 25
      vertex 73.9887 64.3653 13.01
      vertex 73.9887 64.3653 25
    endloop
  endfacet
  facet normal 0.707107 0.707107 0
    outer loop
      vertex 73.9887 64.3653 13.01
      vertex 74.2653 64.0887 25
      vertex 74.2653 64.0887 13.01
    endloop
  endfacet
  facet normal 0.453953 0.891026 -0
    outer loop
      vertex 74.6137 63.9112 13.01
      vertex 74.2653 64.0887 25
      vertex 74.6137 63.9112 25
    endloop
  endfacet
  facet normal 0.453953 0.891026 0
    outer loop
      vertex 74.2653 64.0887 25
      vertex 74.6137 63.9112 13.01
      vertex 74.2653 64.0887 13.01
    endloop
  endfacet
  facet normal -1 0 0
    outer loop
      vertex 65 11.002 13.25
      vertex 65 9 13.25
      vertex 65 11.002 13.4489
    endloop
  endfacet
  facet normal -1 0 0
    outer loop
      vertex 65 30.498 13.4489
      vertex 65 32.5 13.25
      vertex 65 30.498 13.25
    endloop
  endfacet
  facet normal -1 0 0
    outer loop
      vertex 65 30.4817 13.8463
      vertex 65 32.5 13.25
      vertex 65 30.498 13.4489
    endloop
  endfacet
  facet normal -1 0 0
    outer loop
      vertex 65 30.4493 14.2428
      vertex 65 32.5 13.25
      vertex 65 30.4817 13.8463
    endloop
  endfacet
  facet normal -1 0 0
    outer loop
      vertex 65 30.4008 14.6376
      vertex 65 32.5 13.25
      vertex 65 30.4493 14.2428
    endloop
  endfacet
  facet normal -1 0 0
    outer loop
      vertex 65 30.3361 15.0301
      vertex 65 32.5 13.25
      vertex 65 30.4008 14.6376
    endloop
  endfacet
  facet normal -1 0 0
    outer loop
      vertex 65 30.2555 15.4196
      vertex 65 32.5 13.25
      vertex 65 30.3361 15.0301
    endloop
  endfacet
  facet normal -1 0 0
    outer loop
      vertex 65 30.1591 15.8055
      vertex 65 32.5 13.25
      vertex 65 30.2555 15.4196
    endloop
  endfacet
  facet normal -1 0 0
    outer loop
      vertex 65 30.0471 16.1871
      vertex 65 32.5 13.25
      vertex 65 30.1591 15.8055
    endloop
  endfacet
  facet normal -1 0 0
    outer loop
      vertex 65 29.9195 16.5639
      vertex 65 32.5 13.25
      vertex 65 30.0471 16.1871
    endloop
  endfacet
  facet normal -1 0 0
    outer loop
      vertex 65 32.5 13.25
      vertex 65 29.9195 16.5639
      vertex 65 32.5 24.5
    endloop
  endfacet
  facet normal -1 0 0
    outer loop
      vertex 65 29.7767 16.9352
      vertex 65 32.5 24.5
      vertex 65 29.9195 16.5639
    endloop
  endfacet
  facet normal -1 0 0
    outer loop
      vertex 65 29.6189 17.3003
      vertex 65 32.5 24.5
      vertex 65 29.7767 16.9352
    endloop
  endfacet
  facet normal -1 0 0
    outer loop
      vertex 65 29.4463 17.6587
      vertex 65 32.5 24.5
      vertex 65 29.6189 17.3003
    endloop
  endfacet
  facet normal -1 0 0
    outer loop
      vertex 65 29.2593 18.0097
      vertex 65 32.5 24.5
      vertex 65 29.4463 17.6587
    endloop
  endfacet
  facet normal -1 0 0
    outer loop
      vertex 65 29.058 18.3528
      vertex 65 32.5 24.5
      vertex 65 29.2593 18.0097
    endloop
  endfacet
  facet normal -1 0 0
    outer loop
      vertex 65 28.843 18.6875
      vertex 65 32.5 24.5
      vertex 65 29.058 18.3528
    endloop
  endfacet
  facet normal -1 0 0
    outer loop
      vertex 65 28.6145 19.013
      vertex 65 32.5 24.5
      vertex 65 28.843 18.6875
    endloop
  endfacet
  facet normal -1 0 0
    outer loop
      vertex 65 28.3729 19.329
      vertex 65 32.5 24.5
      vertex 65 28.6145 19.013
    endloop
  endfacet
  facet normal -1 0 0
    outer loop
      vertex 65 28.1186 19.6349
      vertex 65 32.5 24.5
      vertex 65 28.3729 19.329
    endloop
  endfacet
  facet normal -1 0 0
    outer loop
      vertex 65 27.852 19.9301
      vertex 65 32.5 24.5
      vertex 65 28.1186 19.6349
    endloop
  endfacet
  facet normal -1 0 0
    outer loop
      vertex 65 27.5736 20.2143
      vertex 65 32.5 24.5
      vertex 65 27.852 19.9301
    endloop
  endfacet
  facet normal -1 0 0
    outer loop
      vertex 65 27.2839 20.4868
      vertex 65 32.5 24.5
      vertex 65 27.5736 20.2143
    endloop
  endfacet
  facet normal -1 0 0
    outer loop
      vertex 65 26.9833 20.7473
      vertex 65 32.5 24.5
      vertex 65 27.2839 20.4868
    endloop
  endfacet
  facet normal -1 0 0
    outer loop
      vertex 65 26.6723 20.9953
      vertex 65 32.5 24.5
      vertex 65 26.9833 20.7473
    endloop
  endfacet
  facet normal -1 0 0
    outer loop
      vertex 65 26.3514 21.2304
      vertex 65 32.5 24.5
      vertex 65 26.6723 20.9953
    endloop
  endfacet
  facet normal -1 0 0
    outer loop
      vertex 65 26.0212 21.4522
      vertex 65 32.5 24.5
      vertex 65 26.3514 21.2304
    endloop
  endfacet
  facet normal -1 0 0
    outer loop
      vertex 65 25.6823 21.6604
      vertex 65 32.5 24.5
      vertex 65 26.0212 21.4522
    endloop
  endfacet
  facet normal -1 0 0
    outer loop
      vertex 65 25.3352 21.8546
      vertex 65 32.5 24.5
      vertex 65 25.6823 21.6604
    endloop
  endfacet
  facet normal -1 0 0
    outer loop
      vertex 65 24.9804 22.0344
      vertex 65 32.5 24.5
      vertex 65 25.3352 21.8546
    endloop
  endfacet
  facet normal -1 0 0
    outer loop
      vertex 65 24.6185 22.1997
      vertex 65 32.5 24.5
      vertex 65 24.9804 22.0344
    endloop
  endfacet
  facet normal -1 0 0
    outer loop
      vertex 65 24.2503 22.35
      vertex 65 32.5 24.5
      vertex 65 24.6185 22.1997
    endloop
  endfacet
  facet normal -1 0 0
    outer loop
      vertex 65 23.8762 22.4852
      vertex 65 32.5 24.5
      vertex 65 24.2503 22.35
    endloop
  endfacet
  facet normal -1 0 0
    outer loop
      vertex 65 23.4969 22.6051
      vertex 65 32.5 24.5
      vertex 65 23.8762 22.4852
    endloop
  endfacet
  facet normal -1 0 0
    outer loop
      vertex 65 23.113 22.7093
      vertex 65 32.5 24.5
      vertex 65 23.4969 22.6051
    endloop
  endfacet
  facet normal -1 0 0
    outer loop
      vertex 65 22.7252 22.7978
      vertex 65 32.5 24.5
      vertex 65 23.113 22.7093
    endloop
  endfacet
  facet normal -1 0 0
    outer loop
      vertex 65 22.3341 22.8704
      vertex 65 32.5 24.5
      vertex 65 22.7252 22.7978
    endloop
  endfacet
  facet normal -1 0 0
    outer loop
      vertex 65 21.9404 22.9271
      vertex 65 32.5 24.5
      vertex 65 22.3341 22.8704
    endloop
  endfacet
  facet normal -1 0 0
    outer loop
      vertex 65 21.5447 22.9676
      vertex 65 32.5 24.5
      vertex 65 21.9404 22.9271
    endloop
  endfacet
  facet normal -1 0 0
    outer loop
      vertex 65 21.1477 22.9919
      vertex 65 32.5 24.5
      vertex 65 21.5447 22.9676
    endloop
  endfacet
  facet normal -1 0 0
    outer loop
      vertex 65 20.75 23
      vertex 65 32.5 24.5
      vertex 65 21.1477 22.9919
    endloop
  endfacet
  facet normal -1 0 0
    outer loop
      vertex 65 9 24.5
      vertex 65 20.75 23
      vertex 65 20.3523 22.9919
    endloop
  endfacet
  facet normal -1 0 0
    outer loop
      vertex 65 9 24.5
      vertex 65 20.3523 22.9919
      vertex 65 19.9553 22.9676
    endloop
  endfacet
  facet normal -1 0 0
    outer loop
      vertex 65 9 24.5
      vertex 65 19.9553 22.9676
      vertex 65 19.5596 22.9271
    endloop
  endfacet
  facet normal -1 0 0
    outer loop
      vertex 65 9 13.25
      vertex 65 11.0183 13.8463
      vertex 65 11.002 13.4489
    endloop
  endfacet
  facet normal -1 0 0
    outer loop
      vertex 65 9 13.25
      vertex 65 11.0507 14.2428
      vertex 65 11.0183 13.8463
    endloop
  endfacet
  facet normal -1 0 0
    outer loop
      vertex 65 9 13.25
      vertex 65 11.0992 14.6376
      vertex 65 11.0507 14.2428
    endloop
  endfacet
  facet normal -1 0 0
    outer loop
      vertex 65 9 13.25
      vertex 65 11.1639 15.0301
      vertex 65 11.0992 14.6376
    endloop
  endfacet
  facet normal -1 0 0
    outer loop
      vertex 65 9 13.25
      vertex 65 11.2445 15.4196
      vertex 65 11.1639 15.0301
    endloop
  endfacet
  facet normal -1 0 0
    outer loop
      vertex 65 9 13.25
      vertex 65 11.3409 15.8055
      vertex 65 11.2445 15.4196
    endloop
  endfacet
  facet normal -1 0 0
    outer loop
      vertex 65 9 13.25
      vertex 65 11.4529 16.1871
      vertex 65 11.3409 15.8055
    endloop
  endfacet
  facet normal -1 0 0
    outer loop
      vertex 65 9 13.25
      vertex 65 11.5805 16.5639
      vertex 65 11.4529 16.1871
    endloop
  endfacet
  facet normal -1 0 0
    outer loop
      vertex 65 9 24.5
      vertex 65 11.5805 16.5639
      vertex 65 9 13.25
    endloop
  endfacet
  facet normal -1 0 0
    outer loop
      vertex 65 11.5805 16.5639
      vertex 65 9 24.5
      vertex 65 11.7233 16.9352
    endloop
  endfacet
  facet normal -1 0 0
    outer loop
      vertex 65 11.7233 16.9352
      vertex 65 9 24.5
      vertex 65 11.8811 17.3003
    endloop
  endfacet
  facet normal -1 0 0
    outer loop
      vertex 65 11.8811 17.3003
      vertex 65 9 24.5
      vertex 65 12.0537 17.6587
    endloop
  endfacet
  facet normal -1 0 0
    outer loop
      vertex 65 12.0537 17.6587
      vertex 65 9 24.5
      vertex 65 12.2407 18.0097
    endloop
  endfacet
  facet normal -1 0 0
    outer loop
      vertex 65 12.2407 18.0097
      vertex 65 9 24.5
      vertex 65 12.442 18.3528
    endloop
  endfacet
  facet normal -1 0 0
    outer loop
      vertex 65 20.75 23
      vertex 65 9 24.5
      vertex 65 32.5 24.5
    endloop
  endfacet
  facet normal -1 0 0
    outer loop
      vertex 65 19.1659 22.8704
      vertex 65 9 24.5
      vertex 65 19.5596 22.9271
    endloop
  endfacet
  facet normal -1 0 0
    outer loop
      vertex 65 18.7748 22.7978
      vertex 65 9 24.5
      vertex 65 19.1659 22.8704
    endloop
  endfacet
  facet normal -1 0 0
    outer loop
      vertex 65 18.387 22.7093
      vertex 65 9 24.5
      vertex 65 18.7748 22.7978
    endloop
  endfacet
  facet normal -1 0 0
    outer loop
      vertex 65 18.0031 22.6051
      vertex 65 9 24.5
      vertex 65 18.387 22.7093
    endloop
  endfacet
  facet normal -1 0 0
    outer loop
      vertex 65 17.6238 22.4852
      vertex 65 9 24.5
      vertex 65 18.0031 22.6051
    endloop
  endfacet
  facet normal -1 0 0
    outer loop
      vertex 65 17.2497 22.35
      vertex 65 9 24.5
      vertex 65 17.6238 22.4852
    endloop
  endfacet
  facet normal -1 0 0
    outer loop
      vertex 65 16.8815 22.1997
      vertex 65 9 24.5
      vertex 65 17.2497 22.35
    endloop
  endfacet
  facet normal -1 0 0
    outer loop
      vertex 65 16.5196 22.0344
      vertex 65 9 24.5
      vertex 65 16.8815 22.1997
    endloop
  endfacet
  facet normal -1 0 0
    outer loop
      vertex 65 16.1648 21.8546
      vertex 65 9 24.5
      vertex 65 16.5196 22.0344
    endloop
  endfacet
  facet normal -1 0 0
    outer loop
      vertex 65 15.8177 21.6604
      vertex 65 9 24.5
      vertex 65 16.1648 21.8546
    endloop
  endfacet
  facet normal -1 0 0
    outer loop
      vertex 65 15.4788 21.4522
      vertex 65 9 24.5
      vertex 65 15.8177 21.6604
    endloop
  endfacet
  facet normal -1 0 0
    outer loop
      vertex 65 15.1486 21.2304
      vertex 65 9 24.5
      vertex 65 15.4788 21.4522
    endloop
  endfacet
  facet normal -1 0 0
    outer loop
      vertex 65 14.8277 20.9953
      vertex 65 9 24.5
      vertex 65 15.1486 21.2304
    endloop
  endfacet
  facet normal -1 0 0
    outer loop
      vertex 65 14.5167 20.7473
      vertex 65 9 24.5
      vertex 65 14.8277 20.9953
    endloop
  endfacet
  facet normal -1 0 0
    outer loop
      vertex 65 14.2161 20.4868
      vertex 65 9 24.5
      vertex 65 14.5167 20.7473
    endloop
  endfacet
  facet normal -1 0 0
    outer loop
      vertex 65 13.9264 20.2143
      vertex 65 9 24.5
      vertex 65 14.2161 20.4868
    endloop
  endfacet
  facet normal -1 0 0
    outer loop
      vertex 65 13.648 19.9301
      vertex 65 9 24.5
      vertex 65 13.9264 20.2143
    endloop
  endfacet
  facet normal -1 0 0
    outer loop
      vertex 65 13.3814 19.6349
      vertex 65 9 24.5
      vertex 65 13.648 19.9301
    endloop
  endfacet
  facet normal -1 0 0
    outer loop
      vertex 65 13.1271 19.329
      vertex 65 9 24.5
      vertex 65 13.3814 19.6349
    endloop
  endfacet
  facet normal -1 0 0
    outer loop
      vertex 65 12.8855 19.013
      vertex 65 9 24.5
      vertex 65 13.1271 19.329
    endloop
  endfacet
  facet normal -1 0 0
    outer loop
      vertex 65 12.657 18.6875
      vertex 65 9 24.5
      vertex 65 12.8855 19.013
    endloop
  endfacet
  facet normal -1 0 0
    outer loop
      vertex 65 12.442 18.3528
      vertex 65 9 24.5
      vertex 65 12.657 18.6875
    endloop
  endfacet
  facet normal -0 0 1
    outer loop
      vertex 5 32.5 13.25
      vertex 65 30.498 13.25
      vertex 65 32.5 13.25
    endloop
  endfacet
  facet normal 0 0 1
    outer loop
      vertex 65 30.498 13.25
      vertex 5 32.5 13.25
      vertex 5 30.498 13.25
    endloop
  endfacet
  facet normal -0 0 1
    outer loop
      vertex 5 11.002 13.25
      vertex 65 9 13.25
      vertex 65 11.002 13.25
    endloop
  endfacet
  facet normal 0 0 1
    outer loop
      vertex 65 9 13.25
      vertex 5 11.002 13.25
      vertex 5 9 13.25
    endloop
  endfacet
  facet normal -1 0 0
    outer loop
      vertex 5 29.9195 9.93608
      vertex 5 32.5 13.25
      vertex 5 32.5 3
    endloop
  endfacet
  facet normal -1 0 0
    outer loop
      vertex 5 32.5 13.25
      vertex 5 30.4817 12.6537
      vertex 5 30.498 13.0511
    endloop
  endfacet
  facet normal -1 0 0
    outer loop
      vertex 5 32.5 13.25
      vertex 5 30.4493 12.2572
      vertex 5 30.4817 12.6537
    endloop
  endfacet
  facet normal -1 0 0
    outer loop
      vertex 5 32.5 13.25
      vertex 5 30.4008 11.8624
      vertex 5 30.4493 12.2572
    endloop
  endfacet
  facet normal -1 0 0
    outer loop
      vertex 5 32.5 13.25
      vertex 5 30.3361 11.4699
      vertex 5 30.4008 11.8624
    endloop
  endfacet
  facet normal -1 0 0
    outer loop
      vertex 5 32.5 13.25
      vertex 5 30.2555 11.0804
      vertex 5 30.3361 11.4699
    endloop
  endfacet
  facet normal -1 0 0
    outer loop
      vertex 5 32.5 13.25
      vertex 5 30.1591 10.6945
      vertex 5 30.2555 11.0804
    endloop
  endfacet
  facet normal -1 0 0
    outer loop
      vertex 5 32.5 13.25
      vertex 5 30.0471 10.3128
      vertex 5 30.1591 10.6945
    endloop
  endfacet
  facet normal -1 0 0
    outer loop
      vertex 5 32.5 13.25
      vertex 5 29.9195 9.93608
      vertex 5 30.0471 10.3128
    endloop
  endfacet
  facet normal -1 0 0
    outer loop
      vertex 5 32.5 3
      vertex 5 29.7767 9.56482
      vertex 5 29.9195 9.93608
    endloop
  endfacet
  facet normal -1 0 0
    outer loop
      vertex 5 32.5 3
      vertex 5 29.6189 9.1997
      vertex 5 29.7767 9.56482
    endloop
  endfacet
  facet normal -1 0 0
    outer loop
      vertex 5 32.5 3
      vertex 5 29.4463 8.84132
      vertex 5 29.6189 9.1997
    endloop
  endfacet
  facet normal -1 0 0
    outer loop
      vertex 5 32.5 3
      vertex 5 29.2593 8.49028
      vertex 5 29.4463 8.84132
    endloop
  endfacet
  facet normal -1 0 0
    outer loop
      vertex 5 32.5 3
      vertex 5 29.058 8.14716
      vertex 5 29.2593 8.49028
    endloop
  endfacet
  facet normal -1 0 0
    outer loop
      vertex 5 32.5 3
      vertex 5 28.843 7.81254
      vertex 5 29.058 8.14716
    endloop
  endfacet
  facet normal -1 0 0
    outer loop
      vertex 5 32.5 3
      vertex 5 28.6145 7.48696
      vertex 5 28.843 7.81254
    endloop
  endfacet
  facet normal -1 0 0
    outer loop
      vertex 5 32.5 3
      vertex 5 28.3729 7.17097
      vertex 5 28.6145 7.48696
    endloop
  endfacet
  facet normal -1 0 0
    outer loop
      vertex 5 32.5 3
      vertex 5 28.1186 6.86511
      vertex 5 28.3729 7.17097
    endloop
  endfacet
  facet normal -1 0 0
    outer loop
      vertex 5 32.5 3
      vertex 5 27.852 6.56987
      vertex 5 28.1186 6.86511
    endloop
  endfacet
  facet normal -1 0 0
    outer loop
      vertex 5 32.5 3
      vertex 5 27.5736 6.28575
      vertex 5 27.852 6.56987
    endloop
  endfacet
  facet normal -1 0 0
    outer loop
      vertex 5 32.5 3
      vertex 5 27.2839 6.01322
      vertex 5 27.5736 6.28575
    endloop
  endfacet
  facet normal -1 0 0
    outer loop
      vertex 5 32.5 3
      vertex 5 26.9833 5.75273
      vertex 5 27.2839 6.01322
    endloop
  endfacet
  facet normal -1 0 0
    outer loop
      vertex 5 32.5 3
      vertex 5 26.6723 5.50473
      vertex 5 26.9833 5.75273
    endloop
  endfacet
  facet normal -1 0 0
    outer loop
      vertex 5 32.5 3
      vertex 5 26.3514 5.26961
      vertex 5 26.6723 5.50473
    endloop
  endfacet
  facet normal -1 0 0
    outer loop
      vertex 5 32.5 3
      vertex 5 26.0212 5.04778
      vertex 5 26.3514 5.26961
    endloop
  endfacet
  facet normal -1 0 0
    outer loop
      vertex 5 32.5 3
      vertex 5 25.6823 4.8396
      vertex 5 26.0212 5.04778
    endloop
  endfacet
  facet normal -1 0 0
    outer loop
      vertex 5 32.5 3
      vertex 5 25.3352 4.64541
      vertex 5 25.6823 4.8396
    endloop
  endfacet
  facet normal -1 0 0
    outer loop
      vertex 5 32.5 3
      vertex 5 24.9804 4.46555
      vertex 5 25.3352 4.64541
    endloop
  endfacet
  facet normal -1 0 0
    outer loop
      vertex 5 32.5 3
      vertex 5 24.6185 4.30031
      vertex 5 24.9804 4.46555
    endloop
  endfacet
  facet normal -1 0 0
    outer loop
      vertex 5 32.5 3
      vertex 5 24.2503 4.14997
      vertex 5 24.6185 4.30031
    endloop
  endfacet
  facet normal -1 0 0
    outer loop
      vertex 5 32.5 3
      vertex 5 23.8762 4.01477
      vertex 5 24.2503 4.14997
    endloop
  endfacet
  facet normal -1 0 0
    outer loop
      vertex 5 32.5 3
      vertex 5 23.4969 3.89494
      vertex 5 23.8762 4.01477
    endloop
  endfacet
  facet normal -1 0 0
    outer loop
      vertex 5 32.5 3
      vertex 5 23.113 3.79069
      vertex 5 23.4969 3.89494
    endloop
  endfacet
  facet normal -1 0 0
    outer loop
      vertex 5 32.5 3
      vertex 5 22.7252 3.70217
      vertex 5 23.113 3.79069
    endloop
  endfacet
  facet normal -1 0 0
    outer loop
      vertex 5 32.5 3
      vertex 5 22.3341 3.62955
      vertex 5 22.7252 3.70217
    endloop
  endfacet
  facet normal -1 0 0
    outer loop
      vertex 5 32.5 3
      vertex 5 21.9404 3.57294
      vertex 5 22.3341 3.62955
    endloop
  endfacet
  facet normal -1 0 0
    outer loop
      vertex 5 32.5 3
      vertex 5 21.5447 3.53244
      vertex 5 21.9404 3.57294
    endloop
  endfacet
  facet normal -1 0 0
    outer loop
      vertex 5 32.5 3
      vertex 5 21.1477 3.50811
      vertex 5 21.5447 3.53244
    endloop
  endfacet
  facet normal -1 0 0
    outer loop
      vertex 5 32.5 3
      vertex 5 20.75 3.5
      vertex 5 21.1477 3.50811
    endloop
  endfacet
  facet normal -1 0 0
    outer loop
      vertex 5 9 3
      vertex 5 20.75 3.5
      vertex 5 32.5 3
    endloop
  endfacet
  facet normal -1 -0 0
    outer loop
      vertex 5 20.75 3.5
      vertex 5 9 3
      vertex 5 20.3523 3.50811
    endloop
  endfacet
  facet normal -1 0 0
    outer loop
      vertex 5 9 3
      vertex 5 19.9553 3.53244
      vertex 5 20.3523 3.50811
    endloop
  endfacet
  facet normal -1 0 0
    outer loop
      vertex 5 9 3
      vertex 5 19.5596 3.57294
      vertex 5 19.9553 3.53244
    endloop
  endfacet
  facet normal -1 0 0
    outer loop
      vertex 5 9 3
      vertex 5 19.1659 3.62955
      vertex 5 19.5596 3.57294
    endloop
  endfacet
  facet normal -1 0 0
    outer loop
      vertex 5 9 3
      vertex 5 18.7748 3.70217
      vertex 5 19.1659 3.62955
    endloop
  endfacet
  facet normal -1 0 0
    outer loop
      vertex 5 9 3
      vertex 5 18.387 3.79069
      vertex 5 18.7748 3.70217
    endloop
  endfacet
  facet normal -1 0 0
    outer loop
      vertex 5 9 3
      vertex 5 18.0031 3.89494
      vertex 5 18.387 3.79069
    endloop
  endfacet
  facet normal -1 0 0
    outer loop
      vertex 5 9 3
      vertex 5 17.6238 4.01477
      vertex 5 18.0031 3.89494
    endloop
  endfacet
  facet normal -1 0 0
    outer loop
      vertex 5 9 3
      vertex 5 17.2497 4.14997
      vertex 5 17.6238 4.01477
    endloop
  endfacet
  facet normal -1 0 0
    outer loop
      vertex 5 9 3
      vertex 5 16.8815 4.30031
      vertex 5 17.2497 4.14997
    endloop
  endfacet
  facet normal -1 0 0
    outer loop
      vertex 5 9 3
      vertex 5 16.5196 4.46555
      vertex 5 16.8815 4.30031
    endloop
  endfacet
  facet normal -1 0 0
    outer loop
      vertex 5 9 3
      vertex 5 16.1648 4.64541
      vertex 5 16.5196 4.46555
    endloop
  endfacet
  facet normal -1 0 0
    outer loop
      vertex 5 9 3
      vertex 5 15.8177 4.8396
      vertex 5 16.1648 4.64541
    endloop
  endfacet
  facet normal -1 0 0
    outer loop
      vertex 5 9 3
      vertex 5 15.4788 5.04778
      vertex 5 15.8177 4.8396
    endloop
  endfacet
  facet normal -1 0 0
    outer loop
      vertex 5 9 3
      vertex 5 15.1486 5.26961
      vertex 5 15.4788 5.04778
    endloop
  endfacet
  facet normal -1 0 0
    outer loop
      vertex 5 9 3
      vertex 5 14.8277 5.50473
      vertex 5 15.1486 5.26961
    endloop
  endfacet
  facet normal -1 0 0
    outer loop
      vertex 5 9 3
      vertex 5 14.5167 5.75273
      vertex 5 14.8277 5.50473
    endloop
  endfacet
  facet normal -1 0 0
    outer loop
      vertex 5 9 3
      vertex 5 14.2161 6.01322
      vertex 5 14.5167 5.75273
    endloop
  endfacet
  facet normal -1 0 0
    outer loop
      vertex 5 9 3
      vertex 5 13.9264 6.28575
      vertex 5 14.2161 6.01322
    endloop
  endfacet
  facet normal -1 0 0
    outer loop
      vertex 5 9 3
      vertex 5 13.648 6.56987
      vertex 5 13.9264 6.28575
    endloop
  endfacet
  facet normal -1 0 0
    outer loop
      vertex 5 9 3
      vertex 5 13.3814 6.86511
      vertex 5 13.648 6.56987
    endloop
  endfacet
  facet normal -1 0 0
    outer loop
      vertex 5 9 3
      vertex 5 13.1271 7.17097
      vertex 5 13.3814 6.86511
    endloop
  endfacet
  facet normal -1 0 0
    outer loop
      vertex 5 9 3
      vertex 5 12.8855 7.48696
      vertex 5 13.1271 7.17097
    endloop
  endfacet
  facet normal -1 0 0
    outer loop
      vertex 5 9 3
      vertex 5 12.657 7.81254
      vertex 5 12.8855 7.48696
    endloop
  endfacet
  facet normal -1 0 0
    outer loop
      vertex 5 9 3
      vertex 5 12.442 8.14716
      vertex 5 12.657 7.81254
    endloop
  endfacet
  facet normal -1 0 0
    outer loop
      vertex 5 9 3
      vertex 5 12.2407 8.49028
      vertex 5 12.442 8.14716
    endloop
  endfacet
  facet normal -1 0 0
    outer loop
      vertex 5 9 3
      vertex 5 12.0537 8.84132
      vertex 5 12.2407 8.49028
    endloop
  endfacet
  facet normal -1 0 0
    outer loop
      vertex 5 9 3
      vertex 5 11.8811 9.1997
      vertex 5 12.0537 8.84132
    endloop
  endfacet
  facet normal -1 0 0
    outer loop
      vertex 5 9 3
      vertex 5 11.7233 9.56482
      vertex 5 11.8811 9.1997
    endloop
  endfacet
  facet normal -1 0 0
    outer loop
      vertex 5 9 3
      vertex 5 11.5805 9.93608
      vertex 5 11.7233 9.56482
    endloop
  endfacet
  facet normal -1 0 0
    outer loop
      vertex 5 9 13.25
      vertex 5 11.5805 9.93608
      vertex 5 9 3
    endloop
  endfacet
  facet normal -1 0 0
    outer loop
      vertex 5 11.5805 9.93608
      vertex 5 9 13.25
      vertex 5 11.4529 10.3128
    endloop
  endfacet
  facet normal -1 0 0
    outer loop
      vertex 5 11.4529 10.3128
      vertex 5 9 13.25
      vertex 5 11.3409 10.6945
    endloop
  endfacet
  facet normal -1 0 0
    outer loop
      vertex 5 11.3409 10.6945
      vertex 5 9 13.25
      vertex 5 11.2445 11.0804
    endloop
  endfacet
  facet normal -1 0 0
    outer loop
      vertex 5 11.2445 11.0804
      vertex 5 9 13.25
      vertex 5 11.1639 11.4699
    endloop
  endfacet
  facet normal -1 0 0
    outer loop
      vertex 5 11.1639 11.4699
      vertex 5 9 13.25
      vertex 5 11.0992 11.8624
    endloop
  endfacet
  facet normal -1 0 0
    outer loop
      vertex 5 11.0992 11.8624
      vertex 5 9 13.25
      vertex 5 11.0507 12.2572
    endloop
  endfacet
  facet normal -1 0 0
    outer loop
      vertex 5 11.0507 12.2572
      vertex 5 9 13.25
      vertex 5 11.0183 12.6537
    endloop
  endfacet
  facet normal -1 0 0
    outer loop
      vertex 5 11.0183 12.6537
      vertex 5 9 13.25
      vertex 5 11.002 13.0511
    endloop
  endfacet
  facet normal -1 0 0
    outer loop
      vertex 5 11.002 13.0511
      vertex 5 9 13.25
      vertex 5 11.002 13.25
    endloop
  endfacet
  facet normal -1 -0 0
    outer loop
      vertex 5 32.5 13.25
      vertex 5 30.498 13.0511
      vertex 5 30.498 13.25
    endloop
  endfacet
  facet normal 0 1 -0
    outer loop
      vertex 55.25 32.5 3.5
      vertex 24.75 32.5 6.5
      vertex 55.25 32.5 6.5
    endloop
  endfacet
  facet normal 0 1 0
    outer loop
      vertex 24.75 32.5 6.5
      vertex 55.25 32.5 3.5
      vertex 24.75 32.5 3.5
    endloop
  endfacet
  facet normal 0 1 0
    outer loop
      vertex 75 32.5 24.5
      vertex 65 32.5 13.25
      vertex 65 32.5 24.5
    endloop
  endfacet
  facet normal 0 1 0
    outer loop
      vertex 55.25 32.5 6.5
      vertex 65 32.5 13.25
      vertex 59.75 32.5 6.5
    endloop
  endfacet
  facet normal 0 1 -0
    outer loop
      vertex 75 32.5 3
      vertex 65 32.5 13.25
      vertex 75 32.5 24.5
    endloop
  endfacet
  facet normal 0 1 0
    outer loop
      vertex 65 32.5 13.25
      vertex 75 32.5 3
      vertex 59.75 32.5 6.5
    endloop
  endfacet
  facet normal 0 1 0
    outer loop
      vertex 75 32.5 3
      vertex 55.25 32.5 3.5
      vertex 59.75 32.5 3.5
    endloop
  endfacet
  facet normal 0 1 0
    outer loop
      vertex 55.25 32.5 3.5
      vertex 75 32.5 3
      vertex 24.75 32.5 3.5
    endloop
  endfacet
  facet normal 0 1 0
    outer loop
      vertex 5 32.5 3
      vertex 24.75 32.5 3.5
      vertex 75 32.5 3
    endloop
  endfacet
  facet normal 0 1 0
    outer loop
      vertex 59.75 32.5 6.5
      vertex 75 32.5 3
      vertex 59.75 32.5 3.5
    endloop
  endfacet
  facet normal 0 1 0
    outer loop
      vertex 24.75 32.5 6.5
      vertex 65 32.5 13.25
      vertex 55.25 32.5 6.5
    endloop
  endfacet
  facet normal 0 1 0
    outer loop
      vertex 65 32.5 13.25
      vertex 24.75 32.5 6.5
      vertex 5 32.5 13.25
    endloop
  endfacet
  facet normal 0 1 -0
    outer loop
      vertex 20.25 32.5 6.5
      vertex 5 32.5 13.25
      vertex 24.75 32.5 6.5
    endloop
  endfacet
  facet normal 0 1 0
    outer loop
      vertex 5 32.5 3
      vertex 20.25 32.5 6.5
      vertex 20.25 32.5 3.5
    endloop
  endfacet
  facet normal 0 1 0
    outer loop
      vertex 20.25 32.5 6.5
      vertex 5 32.5 3
      vertex 5 32.5 13.25
    endloop
  endfacet
  facet normal 0 1 0
    outer loop
      vertex 24.75 32.5 3.5
      vertex 5 32.5 3
      vertex 20.25 32.5 3.5
    endloop
  endfacet
  facet normal 0 -1 0
    outer loop
      vertex 24.75 9 3.5
      vertex 55.25 9 6.5
      vertex 24.75 9 6.5
    endloop
  endfacet
  facet normal 0 -1 -0
    outer loop
      vertex 55.25 9 6.5
      vertex 24.75 9 3.5
      vertex 55.25 9 3.5
    endloop
  endfacet
  facet normal 0 -1 0
    outer loop
      vertex 24.75 9 6.5
      vertex 5 9 13.25
      vertex 20.25 9 6.5
    endloop
  endfacet
  facet normal 0 -1 0
    outer loop
      vertex 5 9 3
      vertex 20.25 9 6.5
      vertex 5 9 13.25
    endloop
  endfacet
  facet normal 0 -1 0
    outer loop
      vertex 5 9 3
      vertex 24.75 9 3.5
      vertex 20.25 9 3.5
    endloop
  endfacet
  facet normal 0 -1 -0
    outer loop
      vertex 24.75 9 3.5
      vertex 5 9 3
      vertex 55.25 9 3.5
    endloop
  endfacet
  facet normal 0 -1 0
    outer loop
      vertex 75 9 3
      vertex 55.25 9 3.5
      vertex 5 9 3
    endloop
  endfacet
  facet normal 0 -1 -0
    outer loop
      vertex 20.25 9 6.5
      vertex 5 9 3
      vertex 20.25 9 3.5
    endloop
  endfacet
  facet normal 0 -1 0
    outer loop
      vertex 65 9 13.25
      vertex 75 9 24.5
      vertex 65 9 24.5
    endloop
  endfacet
  facet normal 0 -1 0
    outer loop
      vertex 5 9 13.25
      vertex 24.75 9 6.5
      vertex 65 9 13.25
    endloop
  endfacet
  facet normal 0 -1 0
    outer loop
      vertex 55.25 9 6.5
      vertex 65 9 13.25
      vertex 24.75 9 6.5
    endloop
  endfacet
  facet normal 0 -1 0
    outer loop
      vertex 59.75 9 6.5
      vertex 65 9 13.25
      vertex 55.25 9 6.5
    endloop
  endfacet
  facet normal 0 -1 0
    outer loop
      vertex 75 9 3
      vertex 65 9 13.25
      vertex 59.75 9 6.5
    endloop
  endfacet
  facet normal 0 -1 0
    outer loop
      vertex 75 9 3
      vertex 59.75 9 6.5
      vertex 59.75 9 3.5
    endloop
  endfacet
  facet normal 0 -1 0
    outer loop
      vertex 65 9 13.25
      vertex 75 9 3
      vertex 75 9 24.5
    endloop
  endfacet
  facet normal 0 -1 0
    outer loop
      vertex 55.25 9 3.5
      vertex 75 9 3
      vertex 59.75 9 3.5
    endloop
  endfacet
  facet normal 0 -0.101818 0.994803
    outer loop
      vertex 5 21.9404 3.57294
      vertex 20.25 21.5447 3.53244
      vertex 20.25 21.9404 3.57294
    endloop
  endfacet
  facet normal 0 -0.101818 0.994803
    outer loop
      vertex 20.25 21.5447 3.53244
      vertex 5 21.9404 3.57294
      vertex 5 21.5447 3.53244
    endloop
  endfacet
  facet normal 0 -0.101818 0.994803
    outer loop
      vertex 59.75 21.9404 3.57294
      vertex 75 21.5447 3.53244
      vertex 75 21.9404 3.57294
    endloop
  endfacet
  facet normal 0 -0.101818 0.994803
    outer loop
      vertex 75 21.5447 3.53244
      vertex 59.75 21.9404 3.57294
      vertex 59.75 21.5447 3.53244
    endloop
  endfacet
  facet normal 0 -0.101818 0.994803
    outer loop
      vertex 24.75 21.9404 3.57294
      vertex 55.25 21.5447 3.53244
      vertex 55.25 21.9404 3.57294
    endloop
  endfacet
  facet normal 0 -0.101818 0.994803
    outer loop
      vertex 55.25 21.5447 3.53244
      vertex 24.75 21.9404 3.57294
      vertex 24.75 21.5447 3.53244
    endloop
  endfacet
  facet normal 0 0.970187 0.242358
    outer loop
      vertex 75 11.3409 10.6945
      vertex 5 11.2445 11.0804
      vertex 75 11.2445 11.0804
    endloop
  endfacet
  facet normal 0 0.970187 0.242358
    outer loop
      vertex 5 11.2445 11.0804
      vertex 75 11.3409 10.6945
      vertex 5 11.3409 10.6945
    endloop
  endfacet
  facet normal 0 -0.917939 0.396721
    outer loop
      vertex 5 29.6189 9.1997
      vertex 75 29.7767 9.56482
      vertex 5 29.7767 9.56482
    endloop
  endfacet
  facet normal 0 -0.917939 0.396721
    outer loop
      vertex 75 29.7767 9.56482
      vertex 5 29.6189 9.1997
      vertex 75 29.6189 9.1997
    endloop
  endfacet
  facet normal 0 -0.794406 0.607388
    outer loop
      vertex 5 28.3729 7.17097
      vertex 75 28.6145 7.48696
      vertex 5 28.6145 7.48696
    endloop
  endfacet
  facet normal 0 -0.794406 0.607388
    outer loop
      vertex 75 28.6145 7.48696
      vertex 5 28.3729 7.17097
      vertex 75 28.3729 7.17097
    endloop
  endfacet
  facet normal 0 -0.020388 0.999792
    outer loop
      vertex 5 21.1477 3.50811
      vertex 20.25 20.75 3.5
      vertex 20.25 21.1477 3.50811
    endloop
  endfacet
  facet normal 0 -0.020388 0.999792
    outer loop
      vertex 20.25 20.75 3.5
      vertex 5 21.1477 3.50811
      vertex 5 20.75 3.5
    endloop
  endfacet
  facet normal 0 -0.020388 0.999792
    outer loop
      vertex 59.75 21.1477 3.50811
      vertex 75 20.75 3.5
      vertex 75 21.1477 3.50811
    endloop
  endfacet
  facet normal 0 -0.020388 0.999792
    outer loop
      vertex 75 20.75 3.5
      vertex 59.75 21.1477 3.50811
      vertex 59.75 20.75 3.5
    endloop
  endfacet
  facet normal 0 -0.020388 0.999792
    outer loop
      vertex 24.75 21.1477 3.50811
      vertex 55.25 20.75 3.5
      vertex 55.25 21.1477 3.50811
    endloop
  endfacet
  facet normal 0 -0.020388 0.999792
    outer loop
      vertex 55.25 20.75 3.5
      vertex 24.75 21.1477 3.50811
      vertex 24.75 20.75 3.5
    endloop
  endfacet
  facet normal -0 0.182561 0.983195
    outer loop
      vertex 5 19.1659 3.62955
      vertex 20.25 18.7748 3.70217
      vertex 20.25 19.1659 3.62955
    endloop
  endfacet
  facet normal 0 0.182561 0.983195
    outer loop
      vertex 20.25 18.7748 3.70217
      vertex 5 19.1659 3.62955
      vertex 5 18.7748 3.70217
    endloop
  endfacet
  facet normal -0 0.182561 0.983195
    outer loop
      vertex 59.75 19.1659 3.62955
      vertex 75 18.7748 3.70217
      vertex 75 19.1659 3.62955
    endloop
  endfacet
  facet normal 0 0.182561 0.983195
    outer loop
      vertex 75 18.7748 3.70217
      vertex 59.75 19.1659 3.62955
      vertex 59.75 18.7748 3.70217
    endloop
  endfacet
  facet normal -0 0.182561 0.983195
    outer loop
      vertex 24.75 19.1659 3.62955
      vertex 55.25 18.7748 3.70217
      vertex 55.25 19.1659 3.62955
    endloop
  endfacet
  facet normal 0 0.182561 0.983195
    outer loop
      vertex 55.25 18.7748 3.70217
      vertex 24.75 19.1659 3.62955
      vertex 24.75 18.7748 3.70217
    endloop
  endfacet
  facet normal 0 -0.415344 0.909664
    outer loop
      vertex 5 24.9804 4.46555
      vertex 20.25 24.6185 4.30031
      vertex 20.25 24.9804 4.46555
    endloop
  endfacet
  facet normal 0 -0.415344 0.909664
    outer loop
      vertex 20.25 24.6185 4.30031
      vertex 5 24.9804 4.46555
      vertex 5 24.6185 4.30031
    endloop
  endfacet
  facet normal 0 -0.415344 0.909664
    outer loop
      vertex 59.75 24.9804 4.46555
      vertex 75 24.6185 4.30031
      vertex 75 24.9804 4.46555
    endloop
  endfacet
  facet normal 0 -0.415344 0.909664
    outer loop
      vertex 75 24.6185 4.30031
      vertex 59.75 24.9804 4.46555
      vertex 59.75 24.6185 4.30031
    endloop
  endfacet
  facet normal 0 -0.415344 0.909664
    outer loop
      vertex 24.75 24.9804 4.46555
      vertex 55.25 24.6185 4.30031
      vertex 55.25 24.9804 4.46555
    endloop
  endfacet
  facet normal 0 -0.415344 0.909664
    outer loop
      vertex 55.25 24.6185 4.30031
      vertex 24.75 24.9804 4.46555
      vertex 24.75 24.6185 4.30031
    endloop
  endfacet
  facet normal 0 -0.99916 0.0409821
    outer loop
      vertex 5 30.4817 12.6537
      vertex 75 30.498 13.0511
      vertex 5 30.498 13.0511
    endloop
  endfacet
  facet normal 0 -0.99916 0.0409821
    outer loop
      vertex 75 30.498 13.0511
      vertex 5 30.4817 12.6537
      vertex 75 30.4817 12.6537
    endloop
  endfacet
  facet normal 0 0.996678 0.0814435
    outer loop
      vertex 75 11.0507 12.2572
      vertex 5 11.0183 12.6537
      vertex 75 11.0183 12.6537
    endloop
  endfacet
  facet normal 0 0.996678 0.0814435
    outer loop
      vertex 5 11.0183 12.6537
      vertex 75 11.0507 12.2572
      vertex 5 11.0507 12.2572
    endloop
  endfacet
  facet normal 0 0.992539 0.12193
    outer loop
      vertex 75 11.0992 11.8624
      vertex 5 11.0507 12.2572
      vertex 75 11.0507 12.2572
    endloop
  endfacet
  facet normal 0 0.992539 0.12193
    outer loop
      vertex 5 11.0507 12.2572
      vertex 75 11.0992 11.8624
      vertex 5 11.0992 11.8624
    endloop
  endfacet
  facet normal 0 -0.714321 0.699818
    outer loop
      vertex 24.75 27.5736 6.28575
      vertex 55.25 27.7835 6.5
      vertex 24.75 27.7835 6.5
    endloop
  endfacet
  facet normal 0 -0.714321 0.699818
    outer loop
      vertex 55.25 27.7835 6.5
      vertex 24.75 27.5736 6.28575
      vertex 55.25 27.5736 6.28575
    endloop
  endfacet
  facet normal 0 -0.714073 0.700071
    outer loop
      vertex 5 27.852 6.56987
      vertex 20.25 27.7835 6.5
      vertex 75 27.852 6.56987
    endloop
  endfacet
  facet normal -1.7164e-06 -0.71426 0.69988
    outer loop
      vertex 5 27.5736 6.28575
      vertex 20.25 27.7835 6.5
      vertex 5 27.852 6.56987
    endloop
  endfacet
  facet normal 0 -0.714321 0.699818
    outer loop
      vertex 20.25 27.7835 6.5
      vertex 5 27.5736 6.28575
      vertex 20.25 27.5736 6.28575
    endloop
  endfacet
  facet normal 0 -0.714073 0.700071
    outer loop
      vertex 24.75 27.7835 6.5
      vertex 75 27.852 6.56987
      vertex 20.25 27.7835 6.5
    endloop
  endfacet
  facet normal 0 -0.714073 0.700071
    outer loop
      vertex 55.25 27.7835 6.5
      vertex 75 27.852 6.56987
      vertex 24.75 27.7835 6.5
    endloop
  endfacet
  facet normal 0 -0.714073 0.700071
    outer loop
      vertex 59.75 27.7835 6.5
      vertex 75 27.852 6.56987
      vertex 55.25 27.7835 6.5
    endloop
  endfacet
  facet normal 2.27634e-06 -0.714321 0.699818
    outer loop
      vertex 59.75 27.5736 6.28575
      vertex 75 27.852 6.56987
      vertex 59.75 27.7835 6.5
    endloop
  endfacet
  facet normal 0 -0.71426 0.69988
    outer loop
      vertex 75 27.852 6.56987
      vertex 59.75 27.5736 6.28575
      vertex 75 27.5736 6.28575
    endloop
  endfacet
  facet normal 0 -1 0
    outer loop
      vertex 5 30.498 13.25
      vertex 5 30.498 13.0511
      vertex 65 30.498 13.25
    endloop
  endfacet
  facet normal 0 -1 0
    outer loop
      vertex 65 30.498 13.25
      vertex 75 30.498 13.4489
      vertex 65 30.498 13.4489
    endloop
  endfacet
  facet normal 0 -1 0
    outer loop
      vertex 65 30.498 13.25
      vertex 75 30.498 13.0511
      vertex 75 30.498 13.4489
    endloop
  endfacet
  facet normal 0 -1 0
    outer loop
      vertex 75 30.498 13.0511
      vertex 65 30.498 13.25
      vertex 5 30.498 13.0511
    endloop
  endfacet
  facet normal 0 0.99916 0.0409821
    outer loop
      vertex 75 11.0183 12.6537
      vertex 5 11.002 13.0511
      vertex 75 11.002 13.0511
    endloop
  endfacet
  facet normal 0 0.99916 0.0409821
    outer loop
      vertex 5 11.002 13.0511
      vertex 75 11.0183 12.6537
      vertex 5 11.0183 12.6537
    endloop
  endfacet
  facet normal -0 0.591026 0.806653
    outer loop
      vertex 5 15.1486 5.26961
      vertex 20.25 14.8277 5.50473
      vertex 20.25 15.1486 5.26961
    endloop
  endfacet
  facet normal 0 0.591026 0.806653
    outer loop
      vertex 20.25 14.8277 5.50473
      vertex 5 15.1486 5.26961
      vertex 5 14.8277 5.50473
    endloop
  endfacet
  facet normal -0 0.591026 0.806653
    outer loop
      vertex 59.75 15.1486 5.26961
      vertex 75 14.8277 5.50473
      vertex 75 15.1486 5.26961
    endloop
  endfacet
  facet normal 0 0.591026 0.806653
    outer loop
      vertex 75 14.8277 5.50473
      vertex 59.75 15.1486 5.26961
      vertex 59.75 14.8277 5.50473
    endloop
  endfacet
  facet normal -0 0.591026 0.806653
    outer loop
      vertex 24.75 15.1486 5.26961
      vertex 55.25 14.8277 5.50473
      vertex 55.25 15.1486 5.26961
    endloop
  endfacet
  facet normal 0 0.591026 0.806653
    outer loop
      vertex 55.25 14.8277 5.50473
      vertex 24.75 15.1486 5.26961
      vertex 24.75 14.8277 5.50473
    endloop
  endfacet
  facet normal 0 -0.488247 0.872705
    outer loop
      vertex 5 25.6823 4.8396
      vertex 20.25 25.3352 4.64541
      vertex 20.25 25.6823 4.8396
    endloop
  endfacet
  facet normal 0 -0.488247 0.872705
    outer loop
      vertex 20.25 25.3352 4.64541
      vertex 5 25.6823 4.8396
      vertex 5 25.3352 4.64541
    endloop
  endfacet
  facet normal 0 -0.488247 0.872705
    outer loop
      vertex 59.75 25.6823 4.8396
      vertex 75 25.3352 4.64541
      vertex 75 25.6823 4.8396
    endloop
  endfacet
  facet normal 0 -0.488247 0.872705
    outer loop
      vertex 75 25.3352 4.64541
      vertex 59.75 25.6823 4.8396
      vertex 59.75 25.3352 4.64541
    endloop
  endfacet
  facet normal 0 -0.488247 0.872705
    outer loop
      vertex 24.75 25.6823 4.8396
      vertex 55.25 25.3352 4.64541
      vertex 55.25 25.6823 4.8396
    endloop
  endfacet
  facet normal 0 -0.488247 0.872705
    outer loop
      vertex 55.25 25.3352 4.64541
      vertex 24.75 25.6823 4.8396
      vertex 24.75 25.3352 4.64541
    endloop
  endfacet
  facet normal 0 -0.142326 0.98982
    outer loop
      vertex 5 22.3341 3.62955
      vertex 20.25 21.9404 3.57294
      vertex 20.25 22.3341 3.62955
    endloop
  endfacet
  facet normal 0 -0.142326 0.98982
    outer loop
      vertex 20.25 21.9404 3.57294
      vertex 5 22.3341 3.62955
      vertex 5 21.9404 3.57294
    endloop
  endfacet
  facet normal 0 -0.142326 0.98982
    outer loop
      vertex 59.75 22.3341 3.62955
      vertex 75 21.9404 3.57294
      vertex 75 22.3341 3.62955
    endloop
  endfacet
  facet normal 0 -0.142326 0.98982
    outer loop
      vertex 75 21.9404 3.57294
      vertex 59.75 22.3341 3.62955
      vertex 59.75 21.9404 3.57294
    endloop
  endfacet
  facet normal 0 -0.142326 0.98982
    outer loop
      vertex 24.75 22.3341 3.62955
      vertex 55.25 21.9404 3.57294
      vertex 55.25 22.3341 3.62955
    endloop
  endfacet
  facet normal 0 -0.142326 0.98982
    outer loop
      vertex 55.25 21.9404 3.57294
      vertex 24.75 22.3341 3.62955
      vertex 24.75 21.9404 3.57294
    endloop
  endfacet
  facet normal 0 -0.841308 0.540557
    outer loop
      vertex 5 28.843 7.81254
      vertex 75 29.058 8.14716
      vertex 5 29.058 8.14716
    endloop
  endfacet
  facet normal 0 -0.841308 0.540557
    outer loop
      vertex 75 29.058 8.14716
      vertex 5 28.843 7.81254
      vertex 75 28.843 7.81254
    endloop
  endfacet
  facet normal 0 -0.862522 0.50602
    outer loop
      vertex 5 29.058 8.14716
      vertex 75 29.2593 8.49028
      vertex 5 29.2593 8.49028
    endloop
  endfacet
  facet normal 0 -0.862522 0.50602
    outer loop
      vertex 75 29.2593 8.49028
      vertex 5 29.058 8.14716
      vertex 75 29.058 8.14716
    endloop
  endfacet
  facet normal 0 -0.182561 0.983195
    outer loop
      vertex 5 22.7252 3.70217
      vertex 20.25 22.3341 3.62955
      vertex 20.25 22.7252 3.70217
    endloop
  endfacet
  facet normal 0 -0.182561 0.983195
    outer loop
      vertex 20.25 22.3341 3.62955
      vertex 5 22.7252 3.70217
      vertex 5 22.3341 3.62955
    endloop
  endfacet
  facet normal 0 -0.182561 0.983195
    outer loop
      vertex 59.75 22.7252 3.70217
      vertex 75 22.3341 3.62955
      vertex 75 22.7252 3.70217
    endloop
  endfacet
  facet normal 0 -0.182561 0.983195
    outer loop
      vertex 75 22.3341 3.62955
      vertex 59.75 22.7252 3.70217
      vertex 59.75 22.3341 3.62955
    endloop
  endfacet
  facet normal 0 -0.182561 0.983195
    outer loop
      vertex 24.75 22.7252 3.70217
      vertex 55.25 22.3341 3.62955
      vertex 55.25 22.7252 3.70217
    endloop
  endfacet
  facet normal 0 -0.182561 0.983195
    outer loop
      vertex 55.25 22.3341 3.62955
      vertex 24.75 22.7252 3.70217
      vertex 24.75 22.3341 3.62955
    endloop
  endfacet
  facet normal -0 0.101818 0.994803
    outer loop
      vertex 5 19.9553 3.53244
      vertex 20.25 19.5596 3.57294
      vertex 20.25 19.9553 3.53244
    endloop
  endfacet
  facet normal 0 0.101818 0.994803
    outer loop
      vertex 20.25 19.5596 3.57294
      vertex 5 19.9553 3.53244
      vertex 5 19.5596 3.57294
    endloop
  endfacet
  facet normal -0 0.101818 0.994803
    outer loop
      vertex 59.75 19.9553 3.53244
      vertex 75 19.5596 3.57294
      vertex 75 19.9553 3.53244
    endloop
  endfacet
  facet normal 0 0.101818 0.994803
    outer loop
      vertex 75 19.5596 3.57294
      vertex 59.75 19.9553 3.53244
      vertex 59.75 19.5596 3.57294
    endloop
  endfacet
  facet normal -0 0.101818 0.994803
    outer loop
      vertex 24.75 19.9553 3.53244
      vertex 55.25 19.5596 3.57294
      vertex 55.25 19.9553 3.53244
    endloop
  endfacet
  facet normal 0 0.101818 0.994803
    outer loop
      vertex 55.25 19.5596 3.57294
      vertex 24.75 19.9553 3.53244
      vertex 24.75 19.5596 3.57294
    endloop
  endfacet
  facet normal 0 -0.768942 0.639319
    outer loop
      vertex 5 28.1186 6.86511
      vertex 75 28.3729 7.17097
      vertex 5 28.3729 7.17097
    endloop
  endfacet
  facet normal 0 -0.768942 0.639319
    outer loop
      vertex 75 28.3729 7.17097
      vertex 5 28.1186 6.86511
      vertex 75 28.1186 6.86511
    endloop
  endfacet
  facet normal 0 -0.523415 0.852078
    outer loop
      vertex 5 26.0212 5.04778
      vertex 20.25 25.6823 4.8396
      vertex 20.25 26.0212 5.04778
    endloop
  endfacet
  facet normal 0 -0.523415 0.852078
    outer loop
      vertex 20.25 25.6823 4.8396
      vertex 5 26.0212 5.04778
      vertex 5 25.6823 4.8396
    endloop
  endfacet
  facet normal 0 -0.523415 0.852078
    outer loop
      vertex 59.75 26.0212 5.04778
      vertex 75 25.6823 4.8396
      vertex 75 26.0212 5.04778
    endloop
  endfacet
  facet normal 0 -0.523415 0.852078
    outer loop
      vertex 75 25.6823 4.8396
      vertex 59.75 26.0212 5.04778
      vertex 59.75 25.6823 4.8396
    endloop
  endfacet
  facet normal 0 -0.523415 0.852078
    outer loop
      vertex 24.75 26.0212 5.04778
      vertex 55.25 25.6823 4.8396
      vertex 55.25 26.0212 5.04778
    endloop
  endfacet
  facet normal 0 -0.523415 0.852078
    outer loop
      vertex 55.25 25.6823 4.8396
      vertex 24.75 26.0212 5.04778
      vertex 24.75 25.6823 4.8396
    endloop
  endfacet
  facet normal 0 -0.81853 0.574464
    outer loop
      vertex 5 28.6145 7.48696
      vertex 75 28.843 7.81254
      vertex 5 28.843 7.81254
    endloop
  endfacet
  facet normal 0 -0.81853 0.574464
    outer loop
      vertex 75 28.843 7.81254
      vertex 5 28.6145 7.48696
      vertex 75 28.6145 7.48696
    endloop
  endfacet
  facet normal 0 0.742188 0.670192
    outer loop
      vertex 75 13.648 6.56987
      vertex 5 13.3814 6.86511
      vertex 75 13.3814 6.86511
    endloop
  endfacet
  facet normal 0 0.742188 0.670192
    outer loop
      vertex 5 13.3814 6.86511
      vertex 75 13.648 6.56987
      vertex 5 13.648 6.56987
    endloop
  endfacet
  facet normal -0 0.339885 0.940467
    outer loop
      vertex 5 17.6238 4.01477
      vertex 20.25 17.2497 4.14997
      vertex 20.25 17.6238 4.01477
    endloop
  endfacet
  facet normal 0 0.339885 0.940467
    outer loop
      vertex 20.25 17.2497 4.14997
      vertex 5 17.6238 4.01477
      vertex 5 17.2497 4.14997
    endloop
  endfacet
  facet normal -0 0.339885 0.940467
    outer loop
      vertex 59.75 17.6238 4.01477
      vertex 75 17.2497 4.14997
      vertex 75 17.6238 4.01477
    endloop
  endfacet
  facet normal 0 0.339885 0.940467
    outer loop
      vertex 75 17.2497 4.14997
      vertex 59.75 17.6238 4.01477
      vertex 59.75 17.2497 4.14997
    endloop
  endfacet
  facet normal -0 0.339885 0.940467
    outer loop
      vertex 24.75 17.6238 4.01477
      vertex 55.25 17.2497 4.14997
      vertex 55.25 17.6238 4.01477
    endloop
  endfacet
  facet normal 0 0.339885 0.940467
    outer loop
      vertex 55.25 17.2497 4.14997
      vertex 24.75 17.6238 4.01477
      vertex 24.75 17.2497 4.14997
    endloop
  endfacet
  facet normal 0 -0.262064 0.96505
    outer loop
      vertex 5 23.4969 3.89494
      vertex 20.25 23.113 3.79069
      vertex 20.25 23.4969 3.89494
    endloop
  endfacet
  facet normal 0 -0.262064 0.96505
    outer loop
      vertex 20.25 23.113 3.79069
      vertex 5 23.4969 3.89494
      vertex 5 23.113 3.79069
    endloop
  endfacet
  facet normal 0 -0.262064 0.96505
    outer loop
      vertex 59.75 23.4969 3.89494
      vertex 75 23.113 3.79069
      vertex 75 23.4969 3.89494
    endloop
  endfacet
  facet normal 0 -0.262064 0.96505
    outer loop
      vertex 75 23.113 3.79069
      vertex 59.75 23.4969 3.89494
      vertex 59.75 23.113 3.79069
    endloop
  endfacet
  facet normal 0 -0.262064 0.96505
    outer loop
      vertex 24.75 23.4969 3.89494
      vertex 55.25 23.113 3.79069
      vertex 55.25 23.4969 3.89494
    endloop
  endfacet
  facet normal 0 -0.262064 0.96505
    outer loop
      vertex 55.25 23.113 3.79069
      vertex 24.75 23.4969 3.89494
      vertex 24.75 23.113 3.79069
    endloop
  endfacet
  facet normal 0 0.841308 0.540557
    outer loop
      vertex 75 12.657 7.81254
      vertex 5 12.442 8.14716
      vertex 75 12.442 8.14716
    endloop
  endfacet
  facet normal 0 0.841308 0.540557
    outer loop
      vertex 5 12.442 8.14716
      vertex 75 12.657 7.81254
      vertex 5 12.657 7.81254
    endloop
  endfacet
  facet normal 0 -0.0611699 0.998127
    outer loop
      vertex 5 21.5447 3.53244
      vertex 20.25 21.1477 3.50811
      vertex 20.25 21.5447 3.53244
    endloop
  endfacet
  facet normal 0 -0.0611699 0.998127
    outer loop
      vertex 20.25 21.1477 3.50811
      vertex 5 21.5447 3.53244
      vertex 5 21.1477 3.50811
    endloop
  endfacet
  facet normal 0 -0.0611699 0.998127
    outer loop
      vertex 59.75 21.5447 3.53244
      vertex 75 21.1477 3.50811
      vertex 75 21.5447 3.53244
    endloop
  endfacet
  facet normal 0 -0.0611699 0.998127
    outer loop
      vertex 75 21.1477 3.50811
      vertex 59.75 21.5447 3.53244
      vertex 59.75 21.1477 3.50811
    endloop
  endfacet
  facet normal 0 -0.0611699 0.998127
    outer loop
      vertex 24.75 21.5447 3.53244
      vertex 55.25 21.1477 3.50811
      vertex 55.25 21.5447 3.53244
    endloop
  endfacet
  facet normal 0 -0.0611699 0.998127
    outer loop
      vertex 55.25 21.1477 3.50811
      vertex 24.75 21.5447 3.53244
      vertex 24.75 21.1477 3.50811
    endloop
  endfacet
  facet normal 0 -0.452154 0.89194
    outer loop
      vertex 5 25.3352 4.64541
      vertex 20.25 24.9804 4.46555
      vertex 20.25 25.3352 4.64541
    endloop
  endfacet
  facet normal 0 -0.452154 0.89194
    outer loop
      vertex 20.25 24.9804 4.46555
      vertex 5 25.3352 4.64541
      vertex 5 24.9804 4.46555
    endloop
  endfacet
  facet normal 0 -0.452154 0.89194
    outer loop
      vertex 59.75 25.3352 4.64541
      vertex 75 24.9804 4.46555
      vertex 75 25.3352 4.64541
    endloop
  endfacet
  facet normal 0 -0.452154 0.89194
    outer loop
      vertex 75 24.9804 4.46555
      vertex 59.75 25.3352 4.64541
      vertex 59.75 24.9804 4.46555
    endloop
  endfacet
  facet normal 0 -0.452154 0.89194
    outer loop
      vertex 24.75 25.3352 4.64541
      vertex 55.25 24.9804 4.46555
      vertex 55.25 25.3352 4.64541
    endloop
  endfacet
  facet normal 0 -0.452154 0.89194
    outer loop
      vertex 55.25 24.9804 4.46555
      vertex 24.75 25.3352 4.64541
      vertex 24.75 24.9804 4.46555
    endloop
  endfacet
  facet normal -0 0.020388 0.999792
    outer loop
      vertex 5 20.75 3.5
      vertex 20.25 20.3523 3.50811
      vertex 20.25 20.75 3.5
    endloop
  endfacet
  facet normal 0 0.020388 0.999792
    outer loop
      vertex 20.25 20.3523 3.50811
      vertex 5 20.75 3.5
      vertex 5 20.3523 3.50811
    endloop
  endfacet
  facet normal -0 0.020388 0.999792
    outer loop
      vertex 59.75 20.75 3.5
      vertex 75 20.3523 3.50811
      vertex 75 20.75 3.5
    endloop
  endfacet
  facet normal 0 0.020388 0.999792
    outer loop
      vertex 75 20.3523 3.50811
      vertex 59.75 20.75 3.5
      vertex 59.75 20.3523 3.50811
    endloop
  endfacet
  facet normal -0 0.020388 0.999792
    outer loop
      vertex 24.75 20.75 3.5
      vertex 55.25 20.3523 3.50811
      vertex 55.25 20.75 3.5
    endloop
  endfacet
  facet normal 0 0.020388 0.999792
    outer loop
      vertex 55.25 20.3523 3.50811
      vertex 24.75 20.75 3.5
      vertex 24.75 20.3523 3.50811
    endloop
  endfacet
  facet normal 0 0.947144 0.32081
    outer loop
      vertex 75 11.5805 9.93608
      vertex 5 11.4529 10.3128
      vertex 75 11.4529 10.3128
    endloop
  endfacet
  facet normal 0 0.947144 0.32081
    outer loop
      vertex 5 11.4529 10.3128
      vertex 75 11.5805 9.93608
      vertex 5 11.5805 9.93608
    endloop
  endfacet
  facet normal 0 0.900956 0.433911
    outer loop
      vertex 75 12.0537 8.84132
      vertex 5 11.8811 9.1997
      vertex 75 11.8811 9.1997
    endloop
  endfacet
  facet normal 0 0.900956 0.433911
    outer loop
      vertex 5 11.8811 9.1997
      vertex 75 12.0537 8.84132
      vertex 5 12.0537 8.84132
    endloop
  endfacet
  facet normal 0 -0.55765 0.830077
    outer loop
      vertex 5 26.3514 5.26961
      vertex 20.25 26.0212 5.04778
      vertex 20.25 26.3514 5.26961
    endloop
  endfacet
  facet normal 0 -0.55765 0.830077
    outer loop
      vertex 20.25 26.0212 5.04778
      vertex 5 26.3514 5.26961
      vertex 5 26.0212 5.04778
    endloop
  endfacet
  facet normal 0 -0.55765 0.830077
    outer loop
      vertex 59.75 26.3514 5.26961
      vertex 75 26.0212 5.04778
      vertex 75 26.3514 5.26961
    endloop
  endfacet
  facet normal 0 -0.55765 0.830077
    outer loop
      vertex 75 26.0212 5.04778
      vertex 59.75 26.3514 5.26961
      vertex 59.75 26.0212 5.04778
    endloop
  endfacet
  facet normal 0 -0.55765 0.830077
    outer loop
      vertex 24.75 26.3514 5.26961
      vertex 55.25 26.0212 5.04778
      vertex 55.25 26.3514 5.26961
    endloop
  endfacet
  facet normal 0 -0.55765 0.830077
    outer loop
      vertex 55.25 26.0212 5.04778
      vertex 24.75 26.3514 5.26961
      vertex 24.75 26.0212 5.04778
    endloop
  endfacet
  facet normal 0 0.979254 0.202639
    outer loop
      vertex 75 11.2445 11.0804
      vertex 5 11.1639 11.4699
      vertex 75 11.1639 11.4699
    endloop
  endfacet
  facet normal 0 0.979254 0.202639
    outer loop
      vertex 5 11.1639 11.4699
      vertex 75 11.2445 11.0804
      vertex 5 11.2445 11.0804
    endloop
  endfacet
  facet normal 0 0.986685 0.162646
    outer loop
      vertex 75 11.1639 11.4699
      vertex 5 11.0992 11.8624
      vertex 75 11.0992 11.8624
    endloop
  endfacet
  facet normal 0 0.986685 0.162646
    outer loop
      vertex 5 11.0992 11.8624
      vertex 75 11.1639 11.4699
      vertex 5 11.1639 11.4699
    endloop
  endfacet
  facet normal 0 -0.947144 0.32081
    outer loop
      vertex 5 29.9195 9.93608
      vertex 75 30.0471 10.3128
      vertex 5 30.0471 10.3128
    endloop
  endfacet
  facet normal 0 -0.947144 0.32081
    outer loop
      vertex 75 30.0471 10.3128
      vertex 5 29.9195 9.93608
      vertex 75 29.9195 9.93608
    endloop
  endfacet
  facet normal 0 1 0
    outer loop
      vertex 75 11.002 13.4489
      vertex 65 11.002 13.25
      vertex 65 11.002 13.4489
    endloop
  endfacet
  facet normal 0 1 -0
    outer loop
      vertex 75 11.002 13.0511
      vertex 65 11.002 13.25
      vertex 75 11.002 13.4489
    endloop
  endfacet
  facet normal 0 1 0
    outer loop
      vertex 5 11.002 13.0511
      vertex 65 11.002 13.25
      vertex 75 11.002 13.0511
    endloop
  endfacet
  facet normal 0 1 0
    outer loop
      vertex 65 11.002 13.25
      vertex 5 11.002 13.0511
      vertex 5 11.002 13.25
    endloop
  endfacet
  facet normal 0 0.882584 0.470155
    outer loop
      vertex 75 12.2407 8.49028
      vertex 5 12.0537 8.84132
      vertex 75 12.0537 8.84132
    endloop
  endfacet
  facet normal 0 0.882584 0.470155
    outer loop
      vertex 5 12.0537 8.84132
      vertex 75 12.2407 8.49028
      vertex 5 12.2407 8.49028
    endloop
  endfacet
  facet normal -0 0.0611699 0.998127
    outer loop
      vertex 5 20.3523 3.50811
      vertex 20.25 19.9553 3.53244
      vertex 20.25 20.3523 3.50811
    endloop
  endfacet
  facet normal 0 0.0611699 0.998127
    outer loop
      vertex 20.25 19.9553 3.53244
      vertex 5 20.3523 3.50811
      vertex 5 19.9553 3.53244
    endloop
  endfacet
  facet normal -0 0.0611699 0.998127
    outer loop
      vertex 59.75 20.3523 3.50811
      vertex 75 19.9553 3.53244
      vertex 75 20.3523 3.50811
    endloop
  endfacet
  facet normal 0 0.0611699 0.998127
    outer loop
      vertex 75 19.9553 3.53244
      vertex 59.75 20.3523 3.50811
      vertex 59.75 19.9553 3.53244
    endloop
  endfacet
  facet normal -0 0.0611699 0.998127
    outer loop
      vertex 24.75 20.3523 3.50811
      vertex 55.25 19.9553 3.53244
      vertex 55.25 20.3523 3.50811
    endloop
  endfacet
  facet normal 0 0.0611699 0.998127
    outer loop
      vertex 55.25 19.9553 3.53244
      vertex 24.75 20.3523 3.50811
      vertex 24.75 19.9553 3.53244
    endloop
  endfacet
  facet normal 0 -0.933339 0.358996
    outer loop
      vertex 5 29.7767 9.56482
      vertex 75 29.9195 9.93608
      vertex 5 29.9195 9.93608
    endloop
  endfacet
  facet normal 0 -0.933339 0.358996
    outer loop
      vertex 75 29.9195 9.93608
      vertex 5 29.7767 9.56482
      vertex 75 29.7767 9.56482
    endloop
  endfacet
  facet normal 0 -0.970187 0.242358
    outer loop
      vertex 5 30.1591 10.6945
      vertex 75 30.2555 11.0804
      vertex 5 30.2555 11.0804
    endloop
  endfacet
  facet normal 0 -0.970187 0.242358
    outer loop
      vertex 75 30.2555 11.0804
      vertex 5 30.1591 10.6945
      vertex 75 30.1591 10.6945
    endloop
  endfacet
  facet normal 0 -0.742188 0.670192
    outer loop
      vertex 5 27.852 6.56987
      vertex 75 28.1186 6.86511
      vertex 5 28.1186 6.86511
    endloop
  endfacet
  facet normal 0 -0.742188 0.670192
    outer loop
      vertex 75 28.1186 6.86511
      vertex 5 27.852 6.56987
      vertex 75 27.852 6.56987
    endloop
  endfacet
  facet normal 0 0.714321 0.699818
    outer loop
      vertex 55.25 13.9264 6.28575
      vertex 24.75 13.7165 6.5
      vertex 55.25 13.7165 6.5
    endloop
  endfacet
  facet normal 0 0.714321 0.699818
    outer loop
      vertex 24.75 13.7165 6.5
      vertex 55.25 13.9264 6.28575
      vertex 24.75 13.9264 6.28575
    endloop
  endfacet
  facet normal 0 0.714073 0.700071
    outer loop
      vertex 75 13.648 6.56987
      vertex 59.75 13.7165 6.5
      vertex 5 13.648 6.56987
    endloop
  endfacet
  facet normal 1.7164e-06 0.71426 0.69988
    outer loop
      vertex 75 13.9264 6.28575
      vertex 59.75 13.7165 6.5
      vertex 75 13.648 6.56987
    endloop
  endfacet
  facet normal 0 0.714321 0.699818
    outer loop
      vertex 59.75 13.7165 6.5
      vertex 75 13.9264 6.28575
      vertex 59.75 13.9264 6.28575
    endloop
  endfacet
  facet normal -0 0.714073 0.700071
    outer loop
      vertex 55.25 13.7165 6.5
      vertex 5 13.648 6.56987
      vertex 59.75 13.7165 6.5
    endloop
  endfacet
  facet normal -0 0.714073 0.700071
    outer loop
      vertex 24.75 13.7165 6.5
      vertex 5 13.648 6.56987
      vertex 55.25 13.7165 6.5
    endloop
  endfacet
  facet normal -0 0.714073 0.700071
    outer loop
      vertex 20.25 13.7165 6.5
      vertex 5 13.648 6.56987
      vertex 24.75 13.7165 6.5
    endloop
  endfacet
  facet normal -2.27634e-06 0.714321 0.699818
    outer loop
      vertex 20.25 13.9264 6.28575
      vertex 5 13.648 6.56987
      vertex 20.25 13.7165 6.5
    endloop
  endfacet
  facet normal 0 0.71426 0.69988
    outer loop
      vertex 5 13.648 6.56987
      vertex 20.25 13.9264 6.28575
      vertex 5 13.9264 6.28575
    endloop
  endfacet
  facet normal 0 0.862522 0.50602
    outer loop
      vertex 75 12.442 8.14716
      vertex 5 12.2407 8.49028
      vertex 75 12.2407 8.49028
    endloop
  endfacet
  facet normal 0 0.862522 0.50602
    outer loop
      vertex 5 12.2407 8.49028
      vertex 75 12.442 8.14716
      vertex 5 12.442 8.14716
    endloop
  endfacet
  facet normal 0 -0.222538 0.974924
    outer loop
      vertex 5 23.113 3.79069
      vertex 20.25 22.7252 3.70217
      vertex 20.25 23.113 3.79069
    endloop
  endfacet
  facet normal 0 -0.222538 0.974924
    outer loop
      vertex 20.25 22.7252 3.70217
      vertex 5 23.113 3.79069
      vertex 5 22.7252 3.70217
    endloop
  endfacet
  facet normal 0 -0.222538 0.974924
    outer loop
      vertex 59.75 23.113 3.79069
      vertex 75 22.7252 3.70217
      vertex 75 23.113 3.79069
    endloop
  endfacet
  facet normal 0 -0.222538 0.974924
    outer loop
      vertex 75 22.7252 3.70217
      vertex 59.75 23.113 3.79069
      vertex 59.75 22.7252 3.70217
    endloop
  endfacet
  facet normal 0 -0.222538 0.974924
    outer loop
      vertex 24.75 23.113 3.79069
      vertex 55.25 22.7252 3.70217
      vertex 55.25 23.113 3.79069
    endloop
  endfacet
  facet normal 0 -0.222538 0.974924
    outer loop
      vertex 55.25 22.7252 3.70217
      vertex 24.75 23.113 3.79069
      vertex 24.75 22.7252 3.70217
    endloop
  endfacet
  facet normal 0 0.768942 0.639319
    outer loop
      vertex 75 13.3814 6.86511
      vertex 5 13.1271 7.17097
      vertex 75 13.1271 7.17097
    endloop
  endfacet
  facet normal 0 0.768942 0.639319
    outer loop
      vertex 5 13.1271 7.17097
      vertex 75 13.3814 6.86511
      vertex 5 13.3814 6.86511
    endloop
  endfacet
  facet normal 0 -0.882584 0.470155
    outer loop
      vertex 5 29.2593 8.49028
      vertex 75 29.4463 8.84132
      vertex 5 29.4463 8.84132
    endloop
  endfacet
  facet normal 0 -0.882584 0.470155
    outer loop
      vertex 75 29.4463 8.84132
      vertex 5 29.2593 8.49028
      vertex 75 29.2593 8.49028
    endloop
  endfacet
  facet normal -0 0.222538 0.974924
    outer loop
      vertex 5 18.7748 3.70217
      vertex 20.25 18.387 3.79069
      vertex 20.25 18.7748 3.70217
    endloop
  endfacet
  facet normal 0 0.222538 0.974924
    outer loop
      vertex 20.25 18.387 3.79069
      vertex 5 18.7748 3.70217
      vertex 5 18.387 3.79069
    endloop
  endfacet
  facet normal -0 0.222538 0.974924
    outer loop
      vertex 59.75 18.7748 3.70217
      vertex 75 18.387 3.79069
      vertex 75 18.7748 3.70217
    endloop
  endfacet
  facet normal 0 0.222538 0.974924
    outer loop
      vertex 75 18.387 3.79069
      vertex 59.75 18.7748 3.70217
      vertex 59.75 18.387 3.79069
    endloop
  endfacet
  facet normal -0 0.222538 0.974924
    outer loop
      vertex 24.75 18.7748 3.70217
      vertex 55.25 18.387 3.79069
      vertex 55.25 18.7748 3.70217
    endloop
  endfacet
  facet normal 0 0.222538 0.974924
    outer loop
      vertex 55.25 18.387 3.79069
      vertex 24.75 18.7748 3.70217
      vertex 24.75 18.387 3.79069
    endloop
  endfacet
  facet normal -0 0.378014 0.9258
    outer loop
      vertex 5 17.2497 4.14997
      vertex 20.25 16.8815 4.30031
      vertex 20.25 17.2497 4.14997
    endloop
  endfacet
  facet normal 0 0.378014 0.9258
    outer loop
      vertex 20.25 16.8815 4.30031
      vertex 5 17.2497 4.14997
      vertex 5 16.8815 4.30031
    endloop
  endfacet
  facet normal -0 0.378014 0.9258
    outer loop
      vertex 59.75 17.2497 4.14997
      vertex 75 16.8815 4.30031
      vertex 75 17.2497 4.14997
    endloop
  endfacet
  facet normal 0 0.378014 0.9258
    outer loop
      vertex 75 16.8815 4.30031
      vertex 59.75 17.2497 4.14997
      vertex 59.75 16.8815 4.30031
    endloop
  endfacet
  facet normal -0 0.378014 0.9258
    outer loop
      vertex 24.75 17.2497 4.14997
      vertex 55.25 16.8815 4.30031
      vertex 55.25 17.2497 4.14997
    endloop
  endfacet
  facet normal 0 0.378014 0.9258
    outer loop
      vertex 55.25 16.8815 4.30031
      vertex 24.75 17.2497 4.14997
      vertex 24.75 16.8815 4.30031
    endloop
  endfacet
  facet normal -0 0.623468 0.781849
    outer loop
      vertex 5 14.8277 5.50473
      vertex 20.25 14.5167 5.75273
      vertex 20.25 14.8277 5.50473
    endloop
  endfacet
  facet normal 0 0.623468 0.781849
    outer loop
      vertex 20.25 14.5167 5.75273
      vertex 5 14.8277 5.50473
      vertex 5 14.5167 5.75273
    endloop
  endfacet
  facet normal -0 0.623468 0.781849
    outer loop
      vertex 59.75 14.8277 5.50473
      vertex 75 14.5167 5.75273
      vertex 75 14.8277 5.50473
    endloop
  endfacet
  facet normal 0 0.623468 0.781849
    outer loop
      vertex 75 14.5167 5.75273
      vertex 59.75 14.8277 5.50473
      vertex 59.75 14.5167 5.75273
    endloop
  endfacet
  facet normal -0 0.623468 0.781849
    outer loop
      vertex 24.75 14.8277 5.50473
      vertex 55.25 14.5167 5.75273
      vertex 55.25 14.8277 5.50473
    endloop
  endfacet
  facet normal 0 0.623468 0.781849
    outer loop
      vertex 55.25 14.5167 5.75273
      vertex 24.75 14.8277 5.50473
      vertex 24.75 14.5167 5.75273
    endloop
  endfacet
  facet normal -0 0.301248 0.953546
    outer loop
      vertex 5 18.0031 3.89494
      vertex 20.25 17.6238 4.01477
      vertex 20.25 18.0031 3.89494
    endloop
  endfacet
  facet normal 0 0.301248 0.953546
    outer loop
      vertex 20.25 17.6238 4.01477
      vertex 5 18.0031 3.89494
      vertex 5 17.6238 4.01477
    endloop
  endfacet
  facet normal -0 0.301248 0.953546
    outer loop
      vertex 59.75 18.0031 3.89494
      vertex 75 17.6238 4.01477
      vertex 75 18.0031 3.89494
    endloop
  endfacet
  facet normal 0 0.301248 0.953546
    outer loop
      vertex 75 17.6238 4.01477
      vertex 59.75 18.0031 3.89494
      vertex 59.75 17.6238 4.01477
    endloop
  endfacet
  facet normal -0 0.301248 0.953546
    outer loop
      vertex 24.75 18.0031 3.89494
      vertex 55.25 17.6238 4.01477
      vertex 55.25 18.0031 3.89494
    endloop
  endfacet
  facet normal 0 0.301248 0.953546
    outer loop
      vertex 55.25 17.6238 4.01477
      vertex 24.75 18.0031 3.89494
      vertex 24.75 17.6238 4.01477
    endloop
  endfacet
  facet normal -0 0.523415 0.852078
    outer loop
      vertex 5 15.8177 4.8396
      vertex 20.25 15.4788 5.04778
      vertex 20.25 15.8177 4.8396
    endloop
  endfacet
  facet normal 0 0.523415 0.852078
    outer loop
      vertex 20.25 15.4788 5.04778
      vertex 5 15.8177 4.8396
      vertex 5 15.4788 5.04778
    endloop
  endfacet
  facet normal -0 0.523415 0.852078
    outer loop
      vertex 59.75 15.8177 4.8396
      vertex 75 15.4788 5.04778
      vertex 75 15.8177 4.8396
    endloop
  endfacet
  facet normal 0 0.523415 0.852078
    outer loop
      vertex 75 15.4788 5.04778
      vertex 59.75 15.8177 4.8396
      vertex 59.75 15.4788 5.04778
    endloop
  endfacet
  facet normal -0 0.523415 0.852078
    outer loop
      vertex 24.75 15.8177 4.8396
      vertex 55.25 15.4788 5.04778
      vertex 55.25 15.8177 4.8396
    endloop
  endfacet
  facet normal 0 0.523415 0.852078
    outer loop
      vertex 55.25 15.4788 5.04778
      vertex 24.75 15.8177 4.8396
      vertex 24.75 15.4788 5.04778
    endloop
  endfacet
  facet normal 0 -0.992539 0.12193
    outer loop
      vertex 5 30.4008 11.8624
      vertex 75 30.4493 12.2572
      vertex 5 30.4493 12.2572
    endloop
  endfacet
  facet normal 0 -0.992539 0.12193
    outer loop
      vertex 75 30.4493 12.2572
      vertex 5 30.4008 11.8624
      vertex 75 30.4008 11.8624
    endloop
  endfacet
  facet normal 0 -0.959545 0.281554
    outer loop
      vertex 5 30.0471 10.3128
      vertex 75 30.1591 10.6945
      vertex 5 30.1591 10.6945
    endloop
  endfacet
  facet normal 0 -0.959545 0.281554
    outer loop
      vertex 75 30.1591 10.6945
      vertex 5 30.0471 10.3128
      vertex 75 30.0471 10.3128
    endloop
  endfacet
  facet normal -0 0.142326 0.98982
    outer loop
      vertex 5 19.5596 3.57294
      vertex 20.25 19.1659 3.62955
      vertex 20.25 19.5596 3.57294
    endloop
  endfacet
  facet normal 0 0.142326 0.98982
    outer loop
      vertex 20.25 19.1659 3.62955
      vertex 5 19.5596 3.57294
      vertex 5 19.1659 3.62955
    endloop
  endfacet
  facet normal -0 0.142326 0.98982
    outer loop
      vertex 59.75 19.5596 3.57294
      vertex 75 19.1659 3.62955
      vertex 75 19.5596 3.57294
    endloop
  endfacet
  facet normal 0 0.142326 0.98982
    outer loop
      vertex 75 19.1659 3.62955
      vertex 59.75 19.5596 3.57294
      vertex 59.75 19.1659 3.62955
    endloop
  endfacet
  facet normal -0 0.142326 0.98982
    outer loop
      vertex 24.75 19.5596 3.57294
      vertex 55.25 19.1659 3.62955
      vertex 55.25 19.5596 3.57294
    endloop
  endfacet
  facet normal 0 0.142326 0.98982
    outer loop
      vertex 55.25 19.1659 3.62955
      vertex 24.75 19.5596 3.57294
      vertex 24.75 19.1659 3.62955
    endloop
  endfacet
  facet normal 0 -0.339885 0.940467
    outer loop
      vertex 5 24.2503 4.14997
      vertex 20.25 23.8762 4.01477
      vertex 20.25 24.2503 4.14997
    endloop
  endfacet
  facet normal 0 -0.339885 0.940467
    outer loop
      vertex 20.25 23.8762 4.01477
      vertex 5 24.2503 4.14997
      vertex 5 23.8762 4.01477
    endloop
  endfacet
  facet normal 0 -0.339885 0.940467
    outer loop
      vertex 59.75 24.2503 4.14997
      vertex 75 23.8762 4.01477
      vertex 75 24.2503 4.14997
    endloop
  endfacet
  facet normal 0 -0.339885 0.940467
    outer loop
      vertex 75 23.8762 4.01477
      vertex 59.75 24.2503 4.14997
      vertex 59.75 23.8762 4.01477
    endloop
  endfacet
  facet normal 0 -0.339885 0.940467
    outer loop
      vertex 24.75 24.2503 4.14997
      vertex 55.25 23.8762 4.01477
      vertex 55.25 24.2503 4.14997
    endloop
  endfacet
  facet normal 0 -0.339885 0.940467
    outer loop
      vertex 55.25 23.8762 4.01477
      vertex 24.75 24.2503 4.14997
      vertex 24.75 23.8762 4.01477
    endloop
  endfacet
  facet normal -0 0.488247 0.872705
    outer loop
      vertex 5 16.1648 4.64541
      vertex 20.25 15.8177 4.8396
      vertex 20.25 16.1648 4.64541
    endloop
  endfacet
  facet normal 0 0.488247 0.872705
    outer loop
      vertex 20.25 15.8177 4.8396
      vertex 5 16.1648 4.64541
      vertex 5 15.8177 4.8396
    endloop
  endfacet
  facet normal -0 0.488247 0.872705
    outer loop
      vertex 59.75 16.1648 4.64541
      vertex 75 15.8177 4.8396
      vertex 75 16.1648 4.64541
    endloop
  endfacet
  facet normal 0 0.488247 0.872705
    outer loop
      vertex 75 15.8177 4.8396
      vertex 59.75 16.1648 4.64541
      vertex 59.75 15.8177 4.8396
    endloop
  endfacet
  facet normal -0 0.488247 0.872705
    outer loop
      vertex 24.75 16.1648 4.64541
      vertex 55.25 15.8177 4.8396
      vertex 55.25 16.1648 4.64541
    endloop
  endfacet
  facet normal 0 0.488247 0.872705
    outer loop
      vertex 55.25 15.8177 4.8396
      vertex 24.75 16.1648 4.64541
      vertex 24.75 15.8177 4.8396
    endloop
  endfacet
  facet normal 0 0.81853 0.574464
    outer loop
      vertex 75 12.8855 7.48696
      vertex 5 12.657 7.81254
      vertex 75 12.657 7.81254
    endloop
  endfacet
  facet normal 0 0.81853 0.574464
    outer loop
      vertex 5 12.657 7.81254
      vertex 75 12.8855 7.48696
      vertex 5 12.8855 7.48696
    endloop
  endfacet
  facet normal 0 -0.654887 0.755726
    outer loop
      vertex 5 27.2839 6.01322
      vertex 20.25 26.9833 5.75273
      vertex 20.25 27.2839 6.01322
    endloop
  endfacet
  facet normal 0 -0.654887 0.755726
    outer loop
      vertex 20.25 26.9833 5.75273
      vertex 5 27.2839 6.01322
      vertex 5 26.9833 5.75273
    endloop
  endfacet
  facet normal 0 -0.654887 0.755726
    outer loop
      vertex 59.75 27.2839 6.01322
      vertex 75 26.9833 5.75273
      vertex 75 27.2839 6.01322
    endloop
  endfacet
  facet normal 0 -0.654887 0.755726
    outer loop
      vertex 75 26.9833 5.75273
      vertex 59.75 27.2839 6.01322
      vertex 59.75 26.9833 5.75273
    endloop
  endfacet
  facet normal 0 -0.654887 0.755726
    outer loop
      vertex 24.75 27.2839 6.01322
      vertex 55.25 26.9833 5.75273
      vertex 55.25 27.2839 6.01322
    endloop
  endfacet
  facet normal 0 -0.654887 0.755726
    outer loop
      vertex 55.25 26.9833 5.75273
      vertex 24.75 27.2839 6.01322
      vertex 24.75 26.9833 5.75273
    endloop
  endfacet
  facet normal 0 0.917939 0.396721
    outer loop
      vertex 75 11.8811 9.1997
      vertex 5 11.7233 9.56482
      vertex 75 11.7233 9.56482
    endloop
  endfacet
  facet normal 0 0.917939 0.396721
    outer loop
      vertex 5 11.7233 9.56482
      vertex 75 11.8811 9.1997
      vertex 5 11.8811 9.1997
    endloop
  endfacet
  facet normal -0 0.654887 0.755726
    outer loop
      vertex 5 14.5167 5.75273
      vertex 20.25 14.2161 6.01322
      vertex 20.25 14.5167 5.75273
    endloop
  endfacet
  facet normal 0 0.654887 0.755726
    outer loop
      vertex 20.25 14.2161 6.01322
      vertex 5 14.5167 5.75273
      vertex 5 14.2161 6.01322
    endloop
  endfacet
  facet normal -0 0.654887 0.755726
    outer loop
      vertex 59.75 14.5167 5.75273
      vertex 75 14.2161 6.01322
      vertex 75 14.5167 5.75273
    endloop
  endfacet
  facet normal 0 0.654887 0.755726
    outer loop
      vertex 75 14.2161 6.01322
      vertex 59.75 14.5167 5.75273
      vertex 59.75 14.2161 6.01322
    endloop
  endfacet
  facet normal -0 0.654887 0.755726
    outer loop
      vertex 24.75 14.5167 5.75273
      vertex 55.25 14.2161 6.01322
      vertex 55.25 14.5167 5.75273
    endloop
  endfacet
  facet normal 0 0.654887 0.755726
    outer loop
      vertex 55.25 14.2161 6.01322
      vertex 24.75 14.5167 5.75273
      vertex 24.75 14.2161 6.01322
    endloop
  endfacet
  facet normal 0 0.959545 0.281554
    outer loop
      vertex 75 11.4529 10.3128
      vertex 5 11.3409 10.6945
      vertex 75 11.3409 10.6945
    endloop
  endfacet
  facet normal 0 0.959545 0.281554
    outer loop
      vertex 5 11.3409 10.6945
      vertex 75 11.4529 10.3128
      vertex 5 11.4529 10.3128
    endloop
  endfacet
  facet normal 0 -0.378014 0.9258
    outer loop
      vertex 5 24.6185 4.30031
      vertex 20.25 24.2503 4.14997
      vertex 20.25 24.6185 4.30031
    endloop
  endfacet
  facet normal 0 -0.378014 0.9258
    outer loop
      vertex 20.25 24.2503 4.14997
      vertex 5 24.6185 4.30031
      vertex 5 24.2503 4.14997
    endloop
  endfacet
  facet normal 0 -0.378014 0.9258
    outer loop
      vertex 59.75 24.6185 4.30031
      vertex 75 24.2503 4.14997
      vertex 75 24.6185 4.30031
    endloop
  endfacet
  facet normal 0 -0.378014 0.9258
    outer loop
      vertex 75 24.2503 4.14997
      vertex 59.75 24.6185 4.30031
      vertex 59.75 24.2503 4.14997
    endloop
  endfacet
  facet normal 0 -0.378014 0.9258
    outer loop
      vertex 24.75 24.6185 4.30031
      vertex 55.25 24.2503 4.14997
      vertex 55.25 24.6185 4.30031
    endloop
  endfacet
  facet normal 0 -0.378014 0.9258
    outer loop
      vertex 55.25 24.2503 4.14997
      vertex 24.75 24.6185 4.30031
      vertex 24.75 24.2503 4.14997
    endloop
  endfacet
  facet normal 0 -0.900956 0.433911
    outer loop
      vertex 5 29.4463 8.84132
      vertex 75 29.6189 9.1997
      vertex 5 29.6189 9.1997
    endloop
  endfacet
  facet normal 0 -0.900956 0.433911
    outer loop
      vertex 75 29.6189 9.1997
      vertex 5 29.4463 8.84132
      vertex 75 29.4463 8.84132
    endloop
  endfacet
  facet normal 0 0.933339 0.358996
    outer loop
      vertex 75 11.7233 9.56482
      vertex 5 11.5805 9.93608
      vertex 75 11.5805 9.93608
    endloop
  endfacet
  facet normal 0 0.933339 0.358996
    outer loop
      vertex 5 11.5805 9.93608
      vertex 75 11.7233 9.56482
      vertex 5 11.7233 9.56482
    endloop
  endfacet
  facet normal 0 -0.301248 0.953546
    outer loop
      vertex 5 23.8762 4.01477
      vertex 20.25 23.4969 3.89494
      vertex 20.25 23.8762 4.01477
    endloop
  endfacet
  facet normal 0 -0.301248 0.953546
    outer loop
      vertex 20.25 23.4969 3.89494
      vertex 5 23.8762 4.01477
      vertex 5 23.4969 3.89494
    endloop
  endfacet
  facet normal 0 -0.301248 0.953546
    outer loop
      vertex 59.75 23.8762 4.01477
      vertex 75 23.4969 3.89494
      vertex 75 23.8762 4.01477
    endloop
  endfacet
  facet normal 0 -0.301248 0.953546
    outer loop
      vertex 75 23.4969 3.89494
      vertex 59.75 23.8762 4.01477
      vertex 59.75 23.4969 3.89494
    endloop
  endfacet
  facet normal 0 -0.301248 0.953546
    outer loop
      vertex 24.75 23.8762 4.01477
      vertex 55.25 23.4969 3.89494
      vertex 55.25 23.8762 4.01477
    endloop
  endfacet
  facet normal 0 -0.301248 0.953546
    outer loop
      vertex 55.25 23.4969 3.89494
      vertex 24.75 23.8762 4.01477
      vertex 24.75 23.4969 3.89494
    endloop
  endfacet
  facet normal 0 -0.685193 0.728362
    outer loop
      vertex 5 27.5736 6.28575
      vertex 20.25 27.2839 6.01322
      vertex 20.25 27.5736 6.28575
    endloop
  endfacet
  facet normal 0 -0.685193 0.728362
    outer loop
      vertex 20.25 27.2839 6.01322
      vertex 5 27.5736 6.28575
      vertex 5 27.2839 6.01322
    endloop
  endfacet
  facet normal 0 -0.685193 0.728362
    outer loop
      vertex 59.75 27.5736 6.28575
      vertex 75 27.2839 6.01322
      vertex 75 27.5736 6.28575
    endloop
  endfacet
  facet normal 0 -0.685193 0.728362
    outer loop
      vertex 75 27.2839 6.01322
      vertex 59.75 27.5736 6.28575
      vertex 59.75 27.2839 6.01322
    endloop
  endfacet
  facet normal 0 -0.685193 0.728362
    outer loop
      vertex 24.75 27.5736 6.28575
      vertex 55.25 27.2839 6.01322
      vertex 55.25 27.5736 6.28575
    endloop
  endfacet
  facet normal 0 -0.685193 0.728362
    outer loop
      vertex 55.25 27.2839 6.01322
      vertex 24.75 27.5736 6.28575
      vertex 24.75 27.2839 6.01322
    endloop
  endfacet
  facet normal 0 -0.996678 0.0814435
    outer loop
      vertex 5 30.4493 12.2572
      vertex 75 30.4817 12.6537
      vertex 5 30.4817 12.6537
    endloop
  endfacet
  facet normal 0 -0.996678 0.0814435
    outer loop
      vertex 75 30.4817 12.6537
      vertex 5 30.4493 12.2572
      vertex 75 30.4493 12.2572
    endloop
  endfacet
  facet normal 0 -0.623468 0.781849
    outer loop
      vertex 5 26.9833 5.75273
      vertex 20.25 26.6723 5.50473
      vertex 20.25 26.9833 5.75273
    endloop
  endfacet
  facet normal 0 -0.623468 0.781849
    outer loop
      vertex 20.25 26.6723 5.50473
      vertex 5 26.9833 5.75273
      vertex 5 26.6723 5.50473
    endloop
  endfacet
  facet normal 0 -0.623468 0.781849
    outer loop
      vertex 59.75 26.9833 5.75273
      vertex 75 26.6723 5.50473
      vertex 75 26.9833 5.75273
    endloop
  endfacet
  facet normal 0 -0.623468 0.781849
    outer loop
      vertex 75 26.6723 5.50473
      vertex 59.75 26.9833 5.75273
      vertex 59.75 26.6723 5.50473
    endloop
  endfacet
  facet normal 0 -0.623468 0.781849
    outer loop
      vertex 24.75 26.9833 5.75273
      vertex 55.25 26.6723 5.50473
      vertex 55.25 26.9833 5.75273
    endloop
  endfacet
  facet normal 0 -0.623468 0.781849
    outer loop
      vertex 55.25 26.6723 5.50473
      vertex 24.75 26.9833 5.75273
      vertex 24.75 26.6723 5.50473
    endloop
  endfacet
  facet normal -0 0.685193 0.728362
    outer loop
      vertex 5 14.2161 6.01322
      vertex 20.25 13.9264 6.28575
      vertex 20.25 14.2161 6.01322
    endloop
  endfacet
  facet normal 0 0.685193 0.728362
    outer loop
      vertex 20.25 13.9264 6.28575
      vertex 5 14.2161 6.01322
      vertex 5 13.9264 6.28575
    endloop
  endfacet
  facet normal -0 0.685193 0.728362
    outer loop
      vertex 59.75 14.2161 6.01322
      vertex 75 13.9264 6.28575
      vertex 75 14.2161 6.01322
    endloop
  endfacet
  facet normal 0 0.685193 0.728362
    outer loop
      vertex 75 13.9264 6.28575
      vertex 59.75 14.2161 6.01322
      vertex 59.75 13.9264 6.28575
    endloop
  endfacet
  facet normal -0 0.685193 0.728362
    outer loop
      vertex 24.75 14.2161 6.01322
      vertex 55.25 13.9264 6.28575
      vertex 55.25 14.2161 6.01322
    endloop
  endfacet
  facet normal 0 0.685193 0.728362
    outer loop
      vertex 55.25 13.9264 6.28575
      vertex 24.75 14.2161 6.01322
      vertex 24.75 13.9264 6.28575
    endloop
  endfacet
  facet normal 0 -0.591026 0.806653
    outer loop
      vertex 5 26.6723 5.50473
      vertex 20.25 26.3514 5.26961
      vertex 20.25 26.6723 5.50473
    endloop
  endfacet
  facet normal 0 -0.591026 0.806653
    outer loop
      vertex 20.25 26.3514 5.26961
      vertex 5 26.6723 5.50473
      vertex 5 26.3514 5.26961
    endloop
  endfacet
  facet normal 0 -0.591026 0.806653
    outer loop
      vertex 59.75 26.6723 5.50473
      vertex 75 26.3514 5.26961
      vertex 75 26.6723 5.50473
    endloop
  endfacet
  facet normal 0 -0.591026 0.806653
    outer loop
      vertex 75 26.3514 5.26961
      vertex 59.75 26.6723 5.50473
      vertex 59.75 26.3514 5.26961
    endloop
  endfacet
  facet normal 0 -0.591026 0.806653
    outer loop
      vertex 24.75 26.6723 5.50473
      vertex 55.25 26.3514 5.26961
      vertex 55.25 26.6723 5.50473
    endloop
  endfacet
  facet normal 0 -0.591026 0.806653
    outer loop
      vertex 55.25 26.3514 5.26961
      vertex 24.75 26.6723 5.50473
      vertex 24.75 26.3514 5.26961
    endloop
  endfacet
  facet normal 0 -0.979254 0.202639
    outer loop
      vertex 5 30.2555 11.0804
      vertex 75 30.3361 11.4699
      vertex 5 30.3361 11.4699
    endloop
  endfacet
  facet normal 0 -0.979254 0.202639
    outer loop
      vertex 75 30.3361 11.4699
      vertex 5 30.2555 11.0804
      vertex 75 30.2555 11.0804
    endloop
  endfacet
  facet normal -0 0.55765 0.830077
    outer loop
      vertex 5 15.4788 5.04778
      vertex 20.25 15.1486 5.26961
      vertex 20.25 15.4788 5.04778
    endloop
  endfacet
  facet normal 0 0.55765 0.830077
    outer loop
      vertex 20.25 15.1486 5.26961
      vertex 5 15.4788 5.04778
      vertex 5 15.1486 5.26961
    endloop
  endfacet
  facet normal -0 0.55765 0.830077
    outer loop
      vertex 59.75 15.4788 5.04778
      vertex 75 15.1486 5.26961
      vertex 75 15.4788 5.04778
    endloop
  endfacet
  facet normal 0 0.55765 0.830077
    outer loop
      vertex 75 15.1486 5.26961
      vertex 59.75 15.4788 5.04778
      vertex 59.75 15.1486 5.26961
    endloop
  endfacet
  facet normal -0 0.55765 0.830077
    outer loop
      vertex 24.75 15.4788 5.04778
      vertex 55.25 15.1486 5.26961
      vertex 55.25 15.4788 5.04778
    endloop
  endfacet
  facet normal 0 0.55765 0.830077
    outer loop
      vertex 55.25 15.1486 5.26961
      vertex 24.75 15.4788 5.04778
      vertex 24.75 15.1486 5.26961
    endloop
  endfacet
  facet normal -0 0.262064 0.96505
    outer loop
      vertex 5 18.387 3.79069
      vertex 20.25 18.0031 3.89494
      vertex 20.25 18.387 3.79069
    endloop
  endfacet
  facet normal 0 0.262064 0.96505
    outer loop
      vertex 20.25 18.0031 3.89494
      vertex 5 18.387 3.79069
      vertex 5 18.0031 3.89494
    endloop
  endfacet
  facet normal -0 0.262064 0.96505
    outer loop
      vertex 59.75 18.387 3.79069
      vertex 75 18.0031 3.89494
      vertex 75 18.387 3.79069
    endloop
  endfacet
  facet normal 0 0.262064 0.96505
    outer loop
      vertex 75 18.0031 3.89494
      vertex 59.75 18.387 3.79069
      vertex 59.75 18.0031 3.89494
    endloop
  endfacet
  facet normal -0 0.262064 0.96505
    outer loop
      vertex 24.75 18.387 3.79069
      vertex 55.25 18.0031 3.89494
      vertex 55.25 18.387 3.79069
    endloop
  endfacet
  facet normal 0 0.262064 0.96505
    outer loop
      vertex 55.25 18.0031 3.89494
      vertex 24.75 18.387 3.79069
      vertex 24.75 18.0031 3.89494
    endloop
  endfacet
  facet normal 0 -0.986685 0.162646
    outer loop
      vertex 5 30.3361 11.4699
      vertex 75 30.4008 11.8624
      vertex 5 30.4008 11.8624
    endloop
  endfacet
  facet normal 0 -0.986685 0.162646
    outer loop
      vertex 75 30.4008 11.8624
      vertex 5 30.3361 11.4699
      vertex 75 30.3361 11.4699
    endloop
  endfacet
  facet normal 0 0.794406 0.607388
    outer loop
      vertex 75 13.1271 7.17097
      vertex 5 12.8855 7.48696
      vertex 75 12.8855 7.48696
    endloop
  endfacet
  facet normal 0 0.794406 0.607388
    outer loop
      vertex 5 12.8855 7.48696
      vertex 75 13.1271 7.17097
      vertex 5 13.1271 7.17097
    endloop
  endfacet
  facet normal -0 0.452154 0.89194
    outer loop
      vertex 5 16.5196 4.46555
      vertex 20.25 16.1648 4.64541
      vertex 20.25 16.5196 4.46555
    endloop
  endfacet
  facet normal 0 0.452154 0.89194
    outer loop
      vertex 20.25 16.1648 4.64541
      vertex 5 16.5196 4.46555
      vertex 5 16.1648 4.64541
    endloop
  endfacet
  facet normal -0 0.452154 0.89194
    outer loop
      vertex 59.75 16.5196 4.46555
      vertex 75 16.1648 4.64541
      vertex 75 16.5196 4.46555
    endloop
  endfacet
  facet normal 0 0.452154 0.89194
    outer loop
      vertex 75 16.1648 4.64541
      vertex 59.75 16.5196 4.46555
      vertex 59.75 16.1648 4.64541
    endloop
  endfacet
  facet normal -0 0.452154 0.89194
    outer loop
      vertex 24.75 16.5196 4.46555
      vertex 55.25 16.1648 4.64541
      vertex 55.25 16.5196 4.46555
    endloop
  endfacet
  facet normal 0 0.452154 0.89194
    outer loop
      vertex 55.25 16.1648 4.64541
      vertex 24.75 16.5196 4.46555
      vertex 24.75 16.1648 4.64541
    endloop
  endfacet
  facet normal -0 0.415344 0.909664
    outer loop
      vertex 5 16.8815 4.30031
      vertex 20.25 16.5196 4.46555
      vertex 20.25 16.8815 4.30031
    endloop
  endfacet
  facet normal 0 0.415344 0.909664
    outer loop
      vertex 20.25 16.5196 4.46555
      vertex 5 16.8815 4.30031
      vertex 5 16.5196 4.46555
    endloop
  endfacet
  facet normal -0 0.415344 0.909664
    outer loop
      vertex 59.75 16.8815 4.30031
      vertex 75 16.5196 4.46555
      vertex 75 16.8815 4.30031
    endloop
  endfacet
  facet normal 0 0.415344 0.909664
    outer loop
      vertex 75 16.5196 4.46555
      vertex 59.75 16.8815 4.30031
      vertex 59.75 16.5196 4.46555
    endloop
  endfacet
  facet normal -0 0.415344 0.909664
    outer loop
      vertex 24.75 16.8815 4.30031
      vertex 55.25 16.5196 4.46555
      vertex 55.25 16.8815 4.30031
    endloop
  endfacet
  facet normal 0 0.415344 0.909664
    outer loop
      vertex 55.25 16.5196 4.46555
      vertex 24.75 16.8815 4.30031
      vertex 24.75 16.5196 4.46555
    endloop
  endfacet
  facet normal 1 0 0
    outer loop
      vertex 75 32.5 24.5
      vertex 75 30.498 13.4489
      vertex 75 32.5 3
    endloop
  endfacet
  facet normal 1 0 0
    outer loop
      vertex 75 32.5 24.5
      vertex 75 30.4817 13.8463
      vertex 75 30.498 13.4489
    endloop
  endfacet
  facet normal 1 0 0
    outer loop
      vertex 75 32.5 24.5
      vertex 75 30.4493 14.2428
      vertex 75 30.4817 13.8463
    endloop
  endfacet
  facet normal 1 0 0
    outer loop
      vertex 75 32.5 24.5
      vertex 75 30.4008 14.6376
      vertex 75 30.4493 14.2428
    endloop
  endfacet
  facet normal 1 0 0
    outer loop
      vertex 75 32.5 24.5
      vertex 75 30.3361 15.0301
      vertex 75 30.4008 14.6376
    endloop
  endfacet
  facet normal 1 0 0
    outer loop
      vertex 75 32.5 24.5
      vertex 75 30.2555 15.4196
      vertex 75 30.3361 15.0301
    endloop
  endfacet
  facet normal 1 0 0
    outer loop
      vertex 75 32.5 24.5
      vertex 75 30.1591 15.8055
      vertex 75 30.2555 15.4196
    endloop
  endfacet
  facet normal 1 0 0
    outer loop
      vertex 75 32.5 24.5
      vertex 75 30.0471 16.1871
      vertex 75 30.1591 15.8055
    endloop
  endfacet
  facet normal 1 0 0
    outer loop
      vertex 75 32.5 24.5
      vertex 75 29.9195 16.5639
      vertex 75 30.0471 16.1871
    endloop
  endfacet
  facet normal 1 0 0
    outer loop
      vertex 75 32.5 24.5
      vertex 75 29.7767 16.9352
      vertex 75 29.9195 16.5639
    endloop
  endfacet
  facet normal 1 0 0
    outer loop
      vertex 75 32.5 24.5
      vertex 75 29.6189 17.3003
      vertex 75 29.7767 16.9352
    endloop
  endfacet
  facet normal 1 0 0
    outer loop
      vertex 75 32.5 24.5
      vertex 75 29.4463 17.6587
      vertex 75 29.6189 17.3003
    endloop
  endfacet
  facet normal 1 0 0
    outer loop
      vertex 75 32.5 24.5
      vertex 75 29.2593 18.0097
      vertex 75 29.4463 17.6587
    endloop
  endfacet
  facet normal 1 0 0
    outer loop
      vertex 75 32.5 24.5
      vertex 75 29.058 18.3528
      vertex 75 29.2593 18.0097
    endloop
  endfacet
  facet normal 1 0 0
    outer loop
      vertex 75 32.5 24.5
      vertex 75 28.843 18.6875
      vertex 75 29.058 18.3528
    endloop
  endfacet
  facet normal 1 0 0
    outer loop
      vertex 75 32.5 24.5
      vertex 75 28.6145 19.013
      vertex 75 28.843 18.6875
    endloop
  endfacet
  facet normal 1 0 0
    outer loop
      vertex 75 32.5 24.5
      vertex 75 28.3729 19.329
      vertex 75 28.6145 19.013
    endloop
  endfacet
  facet normal 1 0 0
    outer loop
      vertex 75 32.5 24.5
      vertex 75 28.1186 19.6349
      vertex 75 28.3729 19.329
    endloop
  endfacet
  facet normal 1 0 0
    outer loop
      vertex 75 32.5 24.5
      vertex 75 27.852 19.9301
      vertex 75 28.1186 19.6349
    endloop
  endfacet
  facet normal 1 0 0
    outer loop
      vertex 75 32.5 24.5
      vertex 75 27.5736 20.2143
      vertex 75 27.852 19.9301
    endloop
  endfacet
  facet normal 1 0 0
    outer loop
      vertex 75 32.5 24.5
      vertex 75 27.2839 20.4868
      vertex 75 27.5736 20.2143
    endloop
  endfacet
  facet normal 1 0 0
    outer loop
      vertex 75 32.5 24.5
      vertex 75 26.9833 20.7473
      vertex 75 27.2839 20.4868
    endloop
  endfacet
  facet normal 1 0 0
    outer loop
      vertex 75 32.5 24.5
      vertex 75 26.6723 20.9953
      vertex 75 26.9833 20.7473
    endloop
  endfacet
  facet normal 1 0 0
    outer loop
      vertex 75 32.5 24.5
      vertex 75 26.3514 21.2304
      vertex 75 26.6723 20.9953
    endloop
  endfacet
  facet normal 1 0 0
    outer loop
      vertex 75 32.5 24.5
      vertex 75 26.0212 21.4522
      vertex 75 26.3514 21.2304
    endloop
  endfacet
  facet normal 1 0 0
    outer loop
      vertex 75 32.5 24.5
      vertex 75 25.6823 21.6604
      vertex 75 26.0212 21.4522
    endloop
  endfacet
  facet normal 1 0 0
    outer loop
      vertex 75 32.5 24.5
      vertex 75 25.3352 21.8546
      vertex 75 25.6823 21.6604
    endloop
  endfacet
  facet normal 1 0 0
    outer loop
      vertex 75 32.5 24.5
      vertex 75 24.9804 22.0344
      vertex 75 25.3352 21.8546
    endloop
  endfacet
  facet normal 1 0 0
    outer loop
      vertex 75 32.5 24.5
      vertex 75 24.6185 22.1997
      vertex 75 24.9804 22.0344
    endloop
  endfacet
  facet normal 1 0 0
    outer loop
      vertex 75 32.5 24.5
      vertex 75 24.2503 22.35
      vertex 75 24.6185 22.1997
    endloop
  endfacet
  facet normal 1 0 0
    outer loop
      vertex 75 32.5 24.5
      vertex 75 23.8762 22.4852
      vertex 75 24.2503 22.35
    endloop
  endfacet
  facet normal 1 0 0
    outer loop
      vertex 75 32.5 24.5
      vertex 75 23.4969 22.6051
      vertex 75 23.8762 22.4852
    endloop
  endfacet
  facet normal 1 0 0
    outer loop
      vertex 75 32.5 24.5
      vertex 75 23.113 22.7093
      vertex 75 23.4969 22.6051
    endloop
  endfacet
  facet normal 1 0 0
    outer loop
      vertex 75 32.5 24.5
      vertex 75 22.7252 22.7978
      vertex 75 23.113 22.7093
    endloop
  endfacet
  facet normal 1 0 0
    outer loop
      vertex 75 32.5 24.5
      vertex 75 22.3341 22.8704
      vertex 75 22.7252 22.7978
    endloop
  endfacet
  facet normal 1 0 0
    outer loop
      vertex 75 32.5 24.5
      vertex 75 21.9404 22.9271
      vertex 75 22.3341 22.8704
    endloop
  endfacet
  facet normal 1 0 0
    outer loop
      vertex 75 32.5 24.5
      vertex 75 21.5447 22.9676
      vertex 75 21.9404 22.9271
    endloop
  endfacet
  facet normal 1 0 0
    outer loop
      vertex 75 32.5 24.5
      vertex 75 21.1477 22.9919
      vertex 75 21.5447 22.9676
    endloop
  endfacet
  facet normal 1 0 0
    outer loop
      vertex 75 32.5 24.5
      vertex 75 20.75 23
      vertex 75 21.1477 22.9919
    endloop
  endfacet
  facet normal 1 -0 0
    outer loop
      vertex 75 9 24.5
      vertex 75 20.75 23
      vertex 75 32.5 24.5
    endloop
  endfacet
  facet normal 1 0 0
    outer loop
      vertex 75 20.75 23
      vertex 75 9 24.5
      vertex 75 20.3523 22.9919
    endloop
  endfacet
  facet normal 1 0 0
    outer loop
      vertex 75 20.3523 22.9919
      vertex 75 9 24.5
      vertex 75 19.9553 22.9676
    endloop
  endfacet
  facet normal 1 0 0
    outer loop
      vertex 75 9 3
      vertex 75 11.002 13.4489
      vertex 75 9 24.5
    endloop
  endfacet
  facet normal 1 0 0
    outer loop
      vertex 75 11.0183 13.8463
      vertex 75 9 24.5
      vertex 75 11.002 13.4489
    endloop
  endfacet
  facet normal 1 0 0
    outer loop
      vertex 75 11.0507 14.2428
      vertex 75 9 24.5
      vertex 75 11.0183 13.8463
    endloop
  endfacet
  facet normal 1 0 0
    outer loop
      vertex 75 11.0992 14.6376
      vertex 75 9 24.5
      vertex 75 11.0507 14.2428
    endloop
  endfacet
  facet normal 1 0 0
    outer loop
      vertex 75 11.1639 15.0301
      vertex 75 9 24.5
      vertex 75 11.0992 14.6376
    endloop
  endfacet
  facet normal 1 0 0
    outer loop
      vertex 75 11.2445 15.4196
      vertex 75 9 24.5
      vertex 75 11.1639 15.0301
    endloop
  endfacet
  facet normal 1 0 0
    outer loop
      vertex 75 11.3409 15.8055
      vertex 75 9 24.5
      vertex 75 11.2445 15.4196
    endloop
  endfacet
  facet normal 1 0 0
    outer loop
      vertex 75 11.4529 16.1871
      vertex 75 9 24.5
      vertex 75 11.3409 15.8055
    endloop
  endfacet
  facet normal 1 0 0
    outer loop
      vertex 75 11.5805 16.5639
      vertex 75 9 24.5
      vertex 75 11.4529 16.1871
    endloop
  endfacet
  facet normal 1 0 0
    outer loop
      vertex 75 11.7233 16.9352
      vertex 75 9 24.5
      vertex 75 11.5805 16.5639
    endloop
  endfacet
  facet normal 1 0 0
    outer loop
      vertex 75 11.8811 17.3003
      vertex 75 9 24.5
      vertex 75 11.7233 16.9352
    endloop
  endfacet
  facet normal 1 0 0
    outer loop
      vertex 75 12.0537 17.6587
      vertex 75 9 24.5
      vertex 75 11.8811 17.3003
    endloop
  endfacet
  facet normal 1 0 0
    outer loop
      vertex 75 12.2407 18.0097
      vertex 75 9 24.5
      vertex 75 12.0537 17.6587
    endloop
  endfacet
  facet normal 1 0 0
    outer loop
      vertex 75 12.442 18.3528
      vertex 75 9 24.5
      vertex 75 12.2407 18.0097
    endloop
  endfacet
  facet normal 1 0 0
    outer loop
      vertex 75 12.657 18.6875
      vertex 75 9 24.5
      vertex 75 12.442 18.3528
    endloop
  endfacet
  facet normal 1 0 0
    outer loop
      vertex 75 12.8855 19.013
      vertex 75 9 24.5
      vertex 75 12.657 18.6875
    endloop
  endfacet
  facet normal 1 0 0
    outer loop
      vertex 75 13.1271 19.329
      vertex 75 9 24.5
      vertex 75 12.8855 19.013
    endloop
  endfacet
  facet normal 1 0 0
    outer loop
      vertex 75 13.3814 19.6349
      vertex 75 9 24.5
      vertex 75 13.1271 19.329
    endloop
  endfacet
  facet normal 1 0 0
    outer loop
      vertex 75 13.648 19.9301
      vertex 75 9 24.5
      vertex 75 13.3814 19.6349
    endloop
  endfacet
  facet normal 1 0 0
    outer loop
      vertex 75 13.9264 20.2143
      vertex 75 9 24.5
      vertex 75 13.648 19.9301
    endloop
  endfacet
  facet normal 1 0 0
    outer loop
      vertex 75 14.2161 20.4868
      vertex 75 9 24.5
      vertex 75 13.9264 20.2143
    endloop
  endfacet
  facet normal 1 0 0
    outer loop
      vertex 75 14.5167 20.7473
      vertex 75 9 24.5
      vertex 75 14.2161 20.4868
    endloop
  endfacet
  facet normal 1 0 0
    outer loop
      vertex 75 14.8277 20.9953
      vertex 75 9 24.5
      vertex 75 14.5167 20.7473
    endloop
  endfacet
  facet normal 1 0 0
    outer loop
      vertex 75 15.1486 21.2304
      vertex 75 9 24.5
      vertex 75 14.8277 20.9953
    endloop
  endfacet
  facet normal 1 0 0
    outer loop
      vertex 75 15.4788 21.4522
      vertex 75 9 24.5
      vertex 75 15.1486 21.2304
    endloop
  endfacet
  facet normal 1 0 0
    outer loop
      vertex 75 15.8177 21.6604
      vertex 75 9 24.5
      vertex 75 15.4788 21.4522
    endloop
  endfacet
  facet normal 1 0 0
    outer loop
      vertex 75 16.1648 21.8546
      vertex 75 9 24.5
      vertex 75 15.8177 21.6604
    endloop
  endfacet
  facet normal 1 0 0
    outer loop
      vertex 75 16.5196 22.0344
      vertex 75 9 24.5
      vertex 75 16.1648 21.8546
    endloop
  endfacet
  facet normal 1 0 0
    outer loop
      vertex 75 16.8815 22.1997
      vertex 75 9 24.5
      vertex 75 16.5196 22.0344
    endloop
  endfacet
  facet normal 1 0 0
    outer loop
      vertex 75 17.2497 22.35
      vertex 75 9 24.5
      vertex 75 16.8815 22.1997
    endloop
  endfacet
  facet normal 1 0 0
    outer loop
      vertex 75 17.6238 22.4852
      vertex 75 9 24.5
      vertex 75 17.2497 22.35
    endloop
  endfacet
  facet normal 1 0 0
    outer loop
      vertex 75 18.0031 22.6051
      vertex 75 9 24.5
      vertex 75 17.6238 22.4852
    endloop
  endfacet
  facet normal 1 0 0
    outer loop
      vertex 75 18.387 22.7093
      vertex 75 9 24.5
      vertex 75 18.0031 22.6051
    endloop
  endfacet
  facet normal 1 0 0
    outer loop
      vertex 75 18.7748 22.7978
      vertex 75 9 24.5
      vertex 75 18.387 22.7093
    endloop
  endfacet
  facet normal 1 0 0
    outer loop
      vertex 75 19.1659 22.8704
      vertex 75 9 24.5
      vertex 75 18.7748 22.7978
    endloop
  endfacet
  facet normal 1 0 0
    outer loop
      vertex 75 19.5596 22.9271
      vertex 75 9 24.5
      vertex 75 19.1659 22.8704
    endloop
  endfacet
  facet normal 1 0 0
    outer loop
      vertex 75 19.9553 22.9676
      vertex 75 9 24.5
      vertex 75 19.5596 22.9271
    endloop
  endfacet
  facet normal 1 -0 0
    outer loop
      vertex 75 30.498 13.0511
      vertex 75 32.5 3
      vertex 75 30.498 13.4489
    endloop
  endfacet
  facet normal 1 -0 0
    outer loop
      vertex 75 30.4817 12.6537
      vertex 75 32.5 3
      vertex 75 30.498 13.0511
    endloop
  endfacet
  facet normal 1 -0 0
    outer loop
      vertex 75 30.4493 12.2572
      vertex 75 32.5 3
      vertex 75 30.4817 12.6537
    endloop
  endfacet
  facet normal 1 -0 0
    outer loop
      vertex 75 30.4008 11.8624
      vertex 75 32.5 3
      vertex 75 30.4493 12.2572
    endloop
  endfacet
  facet normal 1 -0 0
    outer loop
      vertex 75 30.3361 11.4699
      vertex 75 32.5 3
      vertex 75 30.4008 11.8624
    endloop
  endfacet
  facet normal 1 -0 0
    outer loop
      vertex 75 30.2555 11.0804
      vertex 75 32.5 3
      vertex 75 30.3361 11.4699
    endloop
  endfacet
  facet normal 1 -0 0
    outer loop
      vertex 75 30.1591 10.6945
      vertex 75 32.5 3
      vertex 75 30.2555 11.0804
    endloop
  endfacet
  facet normal 1 -0 0
    outer loop
      vertex 75 30.0471 10.3128
      vertex 75 32.5 3
      vertex 75 30.1591 10.6945
    endloop
  endfacet
  facet normal 1 -0 0
    outer loop
      vertex 75 29.9195 9.93608
      vertex 75 32.5 3
      vertex 75 30.0471 10.3128
    endloop
  endfacet
  facet normal 1 -0 0
    outer loop
      vertex 75 29.7767 9.56482
      vertex 75 32.5 3
      vertex 75 29.9195 9.93608
    endloop
  endfacet
  facet normal 1 -0 0
    outer loop
      vertex 75 29.6189 9.1997
      vertex 75 32.5 3
      vertex 75 29.7767 9.56482
    endloop
  endfacet
  facet normal 1 -0 0
    outer loop
      vertex 75 29.4463 8.84132
      vertex 75 32.5 3
      vertex 75 29.6189 9.1997
    endloop
  endfacet
  facet normal 1 -0 0
    outer loop
      vertex 75 29.2593 8.49028
      vertex 75 32.5 3
      vertex 75 29.4463 8.84132
    endloop
  endfacet
  facet normal 1 -0 0
    outer loop
      vertex 75 29.058 8.14716
      vertex 75 32.5 3
      vertex 75 29.2593 8.49028
    endloop
  endfacet
  facet normal 1 -0 0
    outer loop
      vertex 75 28.843 7.81254
      vertex 75 32.5 3
      vertex 75 29.058 8.14716
    endloop
  endfacet
  facet normal 1 -0 0
    outer loop
      vertex 75 28.6145 7.48696
      vertex 75 32.5 3
      vertex 75 28.843 7.81254
    endloop
  endfacet
  facet normal 1 -0 0
    outer loop
      vertex 75 28.3729 7.17097
      vertex 75 32.5 3
      vertex 75 28.6145 7.48696
    endloop
  endfacet
  facet normal 1 -0 0
    outer loop
      vertex 75 28.1186 6.86511
      vertex 75 32.5 3
      vertex 75 28.3729 7.17097
    endloop
  endfacet
  facet normal 1 -0 0
    outer loop
      vertex 75 27.852 6.56987
      vertex 75 32.5 3
      vertex 75 28.1186 6.86511
    endloop
  endfacet
  facet normal 1 -0 0
    outer loop
      vertex 75 27.5736 6.28575
      vertex 75 32.5 3
      vertex 75 27.852 6.56987
    endloop
  endfacet
  facet normal 1 -0 0
    outer loop
      vertex 75 27.2839 6.01322
      vertex 75 32.5 3
      vertex 75 27.5736 6.28575
    endloop
  endfacet
  facet normal 1 -0 0
    outer loop
      vertex 75 26.9833 5.75273
      vertex 75 32.5 3
      vertex 75 27.2839 6.01322
    endloop
  endfacet
  facet normal 1 -0 0
    outer loop
      vertex 75 26.6723 5.50473
      vertex 75 32.5 3
      vertex 75 26.9833 5.75273
    endloop
  endfacet
  facet normal 1 -0 0
    outer loop
      vertex 75 26.3514 5.26961
      vertex 75 32.5 3
      vertex 75 26.6723 5.50473
    endloop
  endfacet
  facet normal 1 -0 0
    outer loop
      vertex 75 26.0212 5.04778
      vertex 75 32.5 3
      vertex 75 26.3514 5.26961
    endloop
  endfacet
  facet normal 1 -0 0
    outer loop
      vertex 75 25.6823 4.8396
      vertex 75 32.5 3
      vertex 75 26.0212 5.04778
    endloop
  endfacet
  facet normal 1 -0 0
    outer loop
      vertex 75 25.3352 4.64541
      vertex 75 32.5 3
      vertex 75 25.6823 4.8396
    endloop
  endfacet
  facet normal 1 -0 0
    outer loop
      vertex 75 24.9804 4.46555
      vertex 75 32.5 3
      vertex 75 25.3352 4.64541
    endloop
  endfacet
  facet normal 1 -0 0
    outer loop
      vertex 75 24.6185 4.30031
      vertex 75 32.5 3
      vertex 75 24.9804 4.46555
    endloop
  endfacet
  facet normal 1 -0 0
    outer loop
      vertex 75 24.2503 4.14997
      vertex 75 32.5 3
      vertex 75 24.6185 4.30031
    endloop
  endfacet
  facet normal 1 -0 0
    outer loop
      vertex 75 23.8762 4.01477
      vertex 75 32.5 3
      vertex 75 24.2503 4.14997
    endloop
  endfacet
  facet normal 1 -0 0
    outer loop
      vertex 75 23.4969 3.89494
      vertex 75 32.5 3
      vertex 75 23.8762 4.01477
    endloop
  endfacet
  facet normal 1 -0 0
    outer loop
      vertex 75 23.113 3.79069
      vertex 75 32.5 3
      vertex 75 23.4969 3.89494
    endloop
  endfacet
  facet normal 1 -0 0
    outer loop
      vertex 75 22.7252 3.70217
      vertex 75 32.5 3
      vertex 75 23.113 3.79069
    endloop
  endfacet
  facet normal 1 -0 0
    outer loop
      vertex 75 22.3341 3.62955
      vertex 75 32.5 3
      vertex 75 22.7252 3.70217
    endloop
  endfacet
  facet normal 1 -0 0
    outer loop
      vertex 75 21.9404 3.57294
      vertex 75 32.5 3
      vertex 75 22.3341 3.62955
    endloop
  endfacet
  facet normal 1 -0 0
    outer loop
      vertex 75 21.5447 3.53244
      vertex 75 32.5 3
      vertex 75 21.9404 3.57294
    endloop
  endfacet
  facet normal 1 -0 0
    outer loop
      vertex 75 21.1477 3.50811
      vertex 75 32.5 3
      vertex 75 21.5447 3.53244
    endloop
  endfacet
  facet normal 1 -0 0
    outer loop
      vertex 75 20.75 3.5
      vertex 75 32.5 3
      vertex 75 21.1477 3.50811
    endloop
  endfacet
  facet normal 1 0 0
    outer loop
      vertex 75 9 3
      vertex 75 20.75 3.5
      vertex 75 20.3523 3.50811
    endloop
  endfacet
  facet normal 1 0 0
    outer loop
      vertex 75 11.002 13.4489
      vertex 75 9 3
      vertex 75 11.002 13.0511
    endloop
  endfacet
  facet normal 1 0 0
    outer loop
      vertex 75 11.002 13.0511
      vertex 75 9 3
      vertex 75 11.0183 12.6537
    endloop
  endfacet
  facet normal 1 0 0
    outer loop
      vertex 75 11.0183 12.6537
      vertex 75 9 3
      vertex 75 11.0507 12.2572
    endloop
  endfacet
  facet normal 1 0 0
    outer loop
      vertex 75 11.0507 12.2572
      vertex 75 9 3
      vertex 75 11.0992 11.8624
    endloop
  endfacet
  facet normal 1 0 0
    outer loop
      vertex 75 20.75 3.5
      vertex 75 9 3
      vertex 75 32.5 3
    endloop
  endfacet
  facet normal 1 0 0
    outer loop
      vertex 75 19.9553 3.53244
      vertex 75 9 3
      vertex 75 20.3523 3.50811
    endloop
  endfacet
  facet normal 1 0 0
    outer loop
      vertex 75 19.5596 3.57294
      vertex 75 9 3
      vertex 75 19.9553 3.53244
    endloop
  endfacet
  facet normal 1 0 0
    outer loop
      vertex 75 19.1659 3.62955
      vertex 75 9 3
      vertex 75 19.5596 3.57294
    endloop
  endfacet
  facet normal 1 0 0
    outer loop
      vertex 75 18.7748 3.70217
      vertex 75 9 3
      vertex 75 19.1659 3.62955
    endloop
  endfacet
  facet normal 1 0 0
    outer loop
      vertex 75 18.387 3.79069
      vertex 75 9 3
      vertex 75 18.7748 3.70217
    endloop
  endfacet
  facet normal 1 0 0
    outer loop
      vertex 75 18.0031 3.89494
      vertex 75 9 3
      vertex 75 18.387 3.79069
    endloop
  endfacet
  facet normal 1 0 0
    outer loop
      vertex 75 17.6238 4.01477
      vertex 75 9 3
      vertex 75 18.0031 3.89494
    endloop
  endfacet
  facet normal 1 0 0
    outer loop
      vertex 75 17.2497 4.14997
      vertex 75 9 3
      vertex 75 17.6238 4.01477
    endloop
  endfacet
  facet normal 1 0 0
    outer loop
      vertex 75 16.8815 4.30031
      vertex 75 9 3
      vertex 75 17.2497 4.14997
    endloop
  endfacet
  facet normal 1 0 0
    outer loop
      vertex 75 16.5196 4.46555
      vertex 75 9 3
      vertex 75 16.8815 4.30031
    endloop
  endfacet
  facet normal 1 0 0
    outer loop
      vertex 75 16.1648 4.64541
      vertex 75 9 3
      vertex 75 16.5196 4.46555
    endloop
  endfacet
  facet normal 1 0 0
    outer loop
      vertex 75 15.8177 4.8396
      vertex 75 9 3
      vertex 75 16.1648 4.64541
    endloop
  endfacet
  facet normal 1 0 0
    outer loop
      vertex 75 15.4788 5.04778
      vertex 75 9 3
      vertex 75 15.8177 4.8396
    endloop
  endfacet
  facet normal 1 0 0
    outer loop
      vertex 75 15.1486 5.26961
      vertex 75 9 3
      vertex 75 15.4788 5.04778
    endloop
  endfacet
  facet normal 1 0 0
    outer loop
      vertex 75 14.8277 5.50473
      vertex 75 9 3
      vertex 75 15.1486 5.26961
    endloop
  endfacet
  facet normal 1 0 0
    outer loop
      vertex 75 14.5167 5.75273
      vertex 75 9 3
      vertex 75 14.8277 5.50473
    endloop
  endfacet
  facet normal 1 0 0
    outer loop
      vertex 75 14.2161 6.01322
      vertex 75 9 3
      vertex 75 14.5167 5.75273
    endloop
  endfacet
  facet normal 1 0 0
    outer loop
      vertex 75 13.9264 6.28575
      vertex 75 9 3
      vertex 75 14.2161 6.01322
    endloop
  endfacet
  facet normal 1 0 0
    outer loop
      vertex 75 13.648 6.56987
      vertex 75 9 3
      vertex 75 13.9264 6.28575
    endloop
  endfacet
  facet normal 1 0 0
    outer loop
      vertex 75 13.3814 6.86511
      vertex 75 9 3
      vertex 75 13.648 6.56987
    endloop
  endfacet
  facet normal 1 0 0
    outer loop
      vertex 75 13.1271 7.17097
      vertex 75 9 3
      vertex 75 13.3814 6.86511
    endloop
  endfacet
  facet normal 1 0 0
    outer loop
      vertex 75 12.8855 7.48696
      vertex 75 9 3
      vertex 75 13.1271 7.17097
    endloop
  endfacet
  facet normal 1 0 0
    outer loop
      vertex 75 12.657 7.81254
      vertex 75 9 3
      vertex 75 12.8855 7.48696
    endloop
  endfacet
  facet normal 1 0 0
    outer loop
      vertex 75 12.442 8.14716
      vertex 75 9 3
      vertex 75 12.657 7.81254
    endloop
  endfacet
  facet normal 1 0 0
    outer loop
      vertex 75 12.2407 8.49028
      vertex 75 9 3
      vertex 75 12.442 8.14716
    endloop
  endfacet
  facet normal 1 0 0
    outer loop
      vertex 75 12.0537 8.84132
      vertex 75 9 3
      vertex 75 12.2407 8.49028
    endloop
  endfacet
  facet normal 1 0 0
    outer loop
      vertex 75 11.8811 9.1997
      vertex 75 9 3
      vertex 75 12.0537 8.84132
    endloop
  endfacet
  facet normal 1 0 0
    outer loop
      vertex 75 11.7233 9.56482
      vertex 75 9 3
      vertex 75 11.8811 9.1997
    endloop
  endfacet
  facet normal 1 0 0
    outer loop
      vertex 75 11.5805 9.93608
      vertex 75 9 3
      vertex 75 11.7233 9.56482
    endloop
  endfacet
  facet normal 1 0 0
    outer loop
      vertex 75 11.4529 10.3128
      vertex 75 9 3
      vertex 75 11.5805 9.93608
    endloop
  endfacet
  facet normal 1 0 0
    outer loop
      vertex 75 11.3409 10.6945
      vertex 75 9 3
      vertex 75 11.4529 10.3128
    endloop
  endfacet
  facet normal 1 0 0
    outer loop
      vertex 75 11.2445 11.0804
      vertex 75 9 3
      vertex 75 11.3409 10.6945
    endloop
  endfacet
  facet normal 1 0 0
    outer loop
      vertex 75 11.1639 11.4699
      vertex 75 9 3
      vertex 75 11.2445 11.0804
    endloop
  endfacet
  facet normal 1 0 0
    outer loop
      vertex 75 11.0992 11.8624
      vertex 75 9 3
      vertex 75 11.1639 11.4699
    endloop
  endfacet
  facet normal -0 0 1
    outer loop
      vertex 65 32.5 24.5
      vertex 75 9 24.5
      vertex 75 32.5 24.5
    endloop
  endfacet
  facet normal 0 0 1
    outer loop
      vertex 75 9 24.5
      vertex 65 32.5 24.5
      vertex 65 9 24.5
    endloop
  endfacet
  facet normal 0 -0.301408 -0.953495
    outer loop
      vertex 65 23.4969 22.6051
      vertex 75 23.8762 22.4852
      vertex 75 23.4969 22.6051
    endloop
  endfacet
  facet normal -0 -0.301408 -0.953495
    outer loop
      vertex 75 23.8762 22.4852
      vertex 65 23.4969 22.6051
      vertex 65 23.8762 22.4852
    endloop
  endfacet
  facet normal 0 -0.917931 -0.396739
    outer loop
      vertex 65 29.7767 16.9352
      vertex 75 29.6189 17.3003
      vertex 65 29.6189 17.3003
    endloop
  endfacet
  facet normal 0 -0.917931 -0.396739
    outer loop
      vertex 75 29.6189 17.3003
      vertex 65 29.7767 16.9352
      vertex 75 29.7767 16.9352
    endloop
  endfacet
  facet normal 0 0.768983 -0.639269
    outer loop
      vertex 75 13.1271 19.329
      vertex 65 13.3814 19.6349
      vertex 75 13.3814 19.6349
    endloop
  endfacet
  facet normal 0 0.768983 -0.639269
    outer loop
      vertex 65 13.3814 19.6349
      vertex 75 13.1271 19.329
      vertex 65 13.1271 19.329
    endloop
  endfacet
  facet normal 0 -0.101818 -0.994803
    outer loop
      vertex 65 21.5447 22.9676
      vertex 75 21.9404 22.9271
      vertex 75 21.5447 22.9676
    endloop
  endfacet
  facet normal -0 -0.101818 -0.994803
    outer loop
      vertex 75 21.9404 22.9271
      vertex 65 21.5447 22.9676
      vertex 65 21.9404 22.9271
    endloop
  endfacet
  facet normal 0 0.590993 -0.806677
    outer loop
      vertex 65 14.8277 20.9953
      vertex 75 15.1486 21.2304
      vertex 75 14.8277 20.9953
    endloop
  endfacet
  facet normal 0 0.590993 -0.806677
    outer loop
      vertex 75 15.1486 21.2304
      vertex 65 14.8277 20.9953
      vertex 65 15.1486 21.2304
    endloop
  endfacet
  facet normal 0 0.996678 -0.0814435
    outer loop
      vertex 75 11.0183 13.8463
      vertex 65 11.0507 14.2428
      vertex 75 11.0507 14.2428
    endloop
  endfacet
  facet normal 0 0.996678 -0.0814435
    outer loop
      vertex 65 11.0507 14.2428
      vertex 75 11.0183 13.8463
      vertex 65 11.0183 13.8463
    endloop
  endfacet
  facet normal 0 -0.377928 -0.925835
    outer loop
      vertex 65 24.2503 22.35
      vertex 75 24.6185 22.1997
      vertex 75 24.2503 22.35
    endloop
  endfacet
  facet normal -0 -0.377928 -0.925835
    outer loop
      vertex 75 24.6185 22.1997
      vertex 65 24.2503 22.35
      vertex 65 24.6185 22.1997
    endloop
  endfacet
  facet normal 0 0.0203629 -0.999793
    outer loop
      vertex 65 20.3523 22.9919
      vertex 75 20.75 23
      vertex 75 20.3523 22.9919
    endloop
  endfacet
  facet normal 0 0.0203629 -0.999793
    outer loop
      vertex 75 20.75 23
      vertex 65 20.3523 22.9919
      vertex 65 20.75 23
    endloop
  endfacet
  facet normal 0 -0.742143 -0.670242
    outer loop
      vertex 65 28.1186 19.6349
      vertex 75 27.852 19.9301
      vertex 65 27.852 19.9301
    endloop
  endfacet
  facet normal 0 -0.742143 -0.670242
    outer loop
      vertex 75 27.852 19.9301
      vertex 65 28.1186 19.6349
      vertex 75 28.1186 19.6349
    endloop
  endfacet
  facet normal 0 -0.986685 -0.162646
    outer loop
      vertex 65 30.4008 14.6376
      vertex 75 30.3361 15.0301
      vertex 65 30.3361 15.0301
    endloop
  endfacet
  facet normal 0 -0.986685 -0.162646
    outer loop
      vertex 75 30.3361 15.0301
      vertex 65 30.4008 14.6376
      vertex 75 30.4008 14.6376
    endloop
  endfacet
  facet normal 0 0.714359 -0.69978
    outer loop
      vertex 75 13.648 19.9301
      vertex 65 13.9264 20.2143
      vertex 75 13.9264 20.2143
    endloop
  endfacet
  facet normal 0 0.714359 -0.69978
    outer loop
      vertex 65 13.9264 20.2143
      vertex 75 13.648 19.9301
      vertex 65 13.648 19.9301
    endloop
  endfacet
  facet normal 0 -0.261947 -0.965082
    outer loop
      vertex 65 23.113 22.7093
      vertex 75 23.4969 22.6051
      vertex 75 23.113 22.7093
    endloop
  endfacet
  facet normal -0 -0.261947 -0.965082
    outer loop
      vertex 75 23.4969 22.6051
      vertex 65 23.113 22.7093
      vertex 65 23.4969 22.6051
    endloop
  endfacet
  facet normal 0 -0.992539 -0.12193
    outer loop
      vertex 65 30.4493 14.2428
      vertex 75 30.4008 14.6376
      vertex 65 30.4008 14.6376
    endloop
  endfacet
  facet normal 0 -0.992539 -0.12193
    outer loop
      vertex 75 30.4008 14.6376
      vertex 65 30.4493 14.2428
      vertex 75 30.4493 14.2428
    endloop
  endfacet
  facet normal 0 -0.768983 -0.639269
    outer loop
      vertex 65 28.3729 19.329
      vertex 75 28.1186 19.6349
      vertex 65 28.1186 19.6349
    endloop
  endfacet
  facet normal 0 -0.768983 -0.639269
    outer loop
      vertex 75 28.1186 19.6349
      vertex 65 28.3729 19.329
      vertex 75 28.3729 19.329
    endloop
  endfacet
  facet normal 0 -0.22249 -0.974935
    outer loop
      vertex 65 22.7252 22.7978
      vertex 75 23.113 22.7093
      vertex 75 22.7252 22.7978
    endloop
  endfacet
  facet normal -0 -0.22249 -0.974935
    outer loop
      vertex 75 23.113 22.7093
      vertex 65 22.7252 22.7978
      vertex 65 23.113 22.7093
    endloop
  endfacet
  facet normal 0 0.339885 -0.940467
    outer loop
      vertex 65 17.2497 22.35
      vertex 75 17.6238 22.4852
      vertex 75 17.2497 22.35
    endloop
  endfacet
  facet normal 0 0.339885 -0.940467
    outer loop
      vertex 75 17.6238 22.4852
      vertex 65 17.2497 22.35
      vertex 65 17.6238 22.4852
    endloop
  endfacet
  facet normal 0 -0.99916 -0.0409821
    outer loop
      vertex 65 30.498 13.4489
      vertex 75 30.4817 13.8463
      vertex 65 30.4817 13.8463
    endloop
  endfacet
  facet normal 0 -0.99916 -0.0409821
    outer loop
      vertex 75 30.4817 13.8463
      vertex 65 30.498 13.4489
      vertex 75 30.498 13.4489
    endloop
  endfacet
  facet normal 0 -0.0203629 -0.999793
    outer loop
      vertex 65 20.75 23
      vertex 75 21.1477 22.9919
      vertex 75 20.75 23
    endloop
  endfacet
  facet normal -0 -0.0203629 -0.999793
    outer loop
      vertex 75 21.1477 22.9919
      vertex 65 20.75 23
      vertex 65 21.1477 22.9919
    endloop
  endfacet
  facet normal 0 -0.794415 -0.607375
    outer loop
      vertex 65 28.6145 19.013
      vertex 75 28.3729 19.329
      vertex 65 28.3729 19.329
    endloop
  endfacet
  facet normal 0 -0.794415 -0.607375
    outer loop
      vertex 75 28.3729 19.329
      vertex 65 28.6145 19.013
      vertex 75 28.6145 19.013
    endloop
  endfacet
  facet normal 0 -0.947164 -0.320749
    outer loop
      vertex 65 30.0471 16.1871
      vertex 75 29.9195 16.5639
      vertex 65 29.9195 16.5639
    endloop
  endfacet
  facet normal 0 -0.947164 -0.320749
    outer loop
      vertex 75 29.9195 16.5639
      vertex 65 30.0471 16.1871
      vertex 75 30.0471 16.1871
    endloop
  endfacet
  facet normal 0 0.415469 -0.909607
    outer loop
      vertex 65 16.5196 22.0344
      vertex 75 16.8815 22.1997
      vertex 75 16.5196 22.0344
    endloop
  endfacet
  facet normal 0 0.415469 -0.909607
    outer loop
      vertex 75 16.8815 22.1997
      vertex 65 16.5196 22.0344
      vertex 65 16.8815 22.1997
    endloop
  endfacet
  facet normal 0 0.900965 -0.433891
    outer loop
      vertex 75 11.8811 17.3003
      vertex 65 12.0537 17.6587
      vertex 75 12.0537 17.6587
    endloop
  endfacet
  facet normal 0 0.900965 -0.433891
    outer loop
      vertex 65 12.0537 17.6587
      vertex 75 11.8811 17.3003
      vertex 65 11.8811 17.3003
    endloop
  endfacet
  facet normal 0 0.841366 -0.540465
    outer loop
      vertex 75 12.442 18.3528
      vertex 65 12.657 18.6875
      vertex 75 12.657 18.6875
    endloop
  endfacet
  facet normal 0 0.841366 -0.540465
    outer loop
      vertex 65 12.657 18.6875
      vertex 75 12.442 18.3528
      vertex 65 12.442 18.3528
    endloop
  endfacet
  facet normal 0 -0.862509 -0.506042
    outer loop
      vertex 65 29.2593 18.0097
      vertex 75 29.058 18.3528
      vertex 65 29.058 18.3528
    endloop
  endfacet
  facet normal 0 -0.862509 -0.506042
    outer loop
      vertex 75 29.058 18.3528
      vertex 65 29.2593 18.0097
      vertex 75 29.2593 18.0097
    endloop
  endfacet
  facet normal 0 0.557598 -0.830111
    outer loop
      vertex 65 15.1486 21.2304
      vertex 75 15.4788 21.4522
      vertex 75 15.1486 21.2304
    endloop
  endfacet
  facet normal 0 0.557598 -0.830111
    outer loop
      vertex 75 15.4788 21.4522
      vertex 65 15.1486 21.2304
      vertex 65 15.4788 21.4522
    endloop
  endfacet
  facet normal 0 0.182512 -0.983204
    outer loop
      vertex 65 18.7748 22.7978
      vertex 75 19.1659 22.8704
      vertex 75 18.7748 22.7978
    endloop
  endfacet
  facet normal 0 0.182512 -0.983204
    outer loop
      vertex 75 19.1659 22.8704
      vertex 65 18.7748 22.7978
      vertex 65 19.1659 22.8704
    endloop
  endfacet
  facet normal 0 -0.882562 -0.470197
    outer loop
      vertex 65 29.4463 17.6587
      vertex 75 29.2593 18.0097
      vertex 65 29.2593 18.0097
    endloop
  endfacet
  facet normal 0 -0.882562 -0.470197
    outer loop
      vertex 75 29.2593 18.0097
      vertex 65 29.4463 17.6587
      vertex 75 29.4463 17.6587
    endloop
  endfacet
  facet normal 0 -0.996678 -0.0814435
    outer loop
      vertex 65 30.4817 13.8463
      vertex 75 30.4493 14.2428
      vertex 65 30.4493 14.2428
    endloop
  endfacet
  facet normal 0 -0.996678 -0.0814435
    outer loop
      vertex 75 30.4493 14.2428
      vertex 65 30.4817 13.8463
      vertex 75 30.4817 13.8463
    endloop
  endfacet
  facet normal 0 0.99916 -0.0409821
    outer loop
      vertex 75 11.002 13.4489
      vertex 65 11.0183 13.8463
      vertex 75 11.0183 13.8463
    endloop
  endfacet
  facet normal 0 0.99916 -0.0409821
    outer loop
      vertex 65 11.0183 13.8463
      vertex 75 11.002 13.4489
      vertex 65 11.002 13.4489
    endloop
  endfacet
  facet normal 0 0.992539 -0.12193
    outer loop
      vertex 75 11.0507 14.2428
      vertex 65 11.0992 14.6376
      vertex 75 11.0992 14.6376
    endloop
  endfacet
  facet normal 0 0.992539 -0.12193
    outer loop
      vertex 65 11.0992 14.6376
      vertex 75 11.0507 14.2428
      vertex 65 11.0507 14.2428
    endloop
  endfacet
  facet normal 0 0.377928 -0.925835
    outer loop
      vertex 65 16.8815 22.1997
      vertex 75 17.2497 22.35
      vertex 75 16.8815 22.1997
    endloop
  endfacet
  facet normal 0 0.377928 -0.925835
    outer loop
      vertex 75 17.2497 22.35
      vertex 65 16.8815 22.1997
      vertex 65 17.2497 22.35
    endloop
  endfacet
  facet normal 0 -0.339885 -0.940467
    outer loop
      vertex 65 23.8762 22.4852
      vertex 75 24.2503 22.35
      vertex 75 23.8762 22.4852
    endloop
  endfacet
  facet normal -0 -0.339885 -0.940467
    outer loop
      vertex 75 24.2503 22.35
      vertex 65 23.8762 22.4852
      vertex 65 24.2503 22.35
    endloop
  endfacet
  facet normal 0 -0.488266 -0.872695
    outer loop
      vertex 65 25.3352 21.8546
      vertex 75 25.6823 21.6604
      vertex 75 25.3352 21.8546
    endloop
  endfacet
  facet normal -0 -0.488266 -0.872695
    outer loop
      vertex 75 25.6823 21.6604
      vertex 65 25.3352 21.8546
      vertex 65 25.6823 21.6604
    endloop
  endfacet
  facet normal 0 0.979254 -0.202639
    outer loop
      vertex 75 11.1639 15.0301
      vertex 65 11.2445 15.4196
      vertex 75 11.2445 15.4196
    endloop
  endfacet
  facet normal 0 0.979254 -0.202639
    outer loop
      vertex 65 11.2445 15.4196
      vertex 75 11.1639 15.0301
      vertex 65 11.1639 15.0301
    endloop
  endfacet
  facet normal 0 -0.0610947 -0.998132
    outer loop
      vertex 65 21.1477 22.9919
      vertex 75 21.5447 22.9676
      vertex 75 21.1477 22.9919
    endloop
  endfacet
  facet normal -0 -0.0610947 -0.998132
    outer loop
      vertex 75 21.5447 22.9676
      vertex 65 21.1477 22.9919
      vertex 65 21.5447 22.9676
    endloop
  endfacet
  facet normal 0 -0.714359 -0.69978
    outer loop
      vertex 65 27.852 19.9301
      vertex 75 27.5736 20.2143
      vertex 65 27.5736 20.2143
    endloop
  endfacet
  facet normal 0 -0.714359 -0.69978
    outer loop
      vertex 75 27.5736 20.2143
      vertex 65 27.852 19.9301
      vertex 75 27.852 19.9301
    endloop
  endfacet
  facet normal 0 0.488266 -0.872695
    outer loop
      vertex 65 15.8177 21.6604
      vertex 75 16.1648 21.8546
      vertex 75 15.8177 21.6604
    endloop
  endfacet
  facet normal 0 0.488266 -0.872695
    outer loop
      vertex 75 16.1648 21.8546
      vertex 65 15.8177 21.6604
      vertex 65 16.1648 21.8546
    endloop
  endfacet
  facet normal 0 0.742143 -0.670242
    outer loop
      vertex 75 13.3814 19.6349
      vertex 65 13.648 19.9301
      vertex 75 13.648 19.9301
    endloop
  endfacet
  facet normal 0 0.742143 -0.670242
    outer loop
      vertex 65 13.648 19.9301
      vertex 75 13.3814 19.6349
      vertex 65 13.3814 19.6349
    endloop
  endfacet
  facet normal 0 0.933352 -0.358962
    outer loop
      vertex 75 11.5805 16.5639
      vertex 65 11.7233 16.9352
      vertex 75 11.7233 16.9352
    endloop
  endfacet
  facet normal 0 0.933352 -0.358962
    outer loop
      vertex 65 11.7233 16.9352
      vertex 75 11.5805 16.5639
      vertex 65 11.5805 16.5639
    endloop
  endfacet
  facet normal 0 0.301408 -0.953495
    outer loop
      vertex 65 17.6238 22.4852
      vertex 75 18.0031 22.6051
      vertex 75 17.6238 22.4852
    endloop
  endfacet
  facet normal 0 0.301408 -0.953495
    outer loop
      vertex 75 18.0031 22.6051
      vertex 65 17.6238 22.4852
      vertex 65 18.0031 22.6051
    endloop
  endfacet
  facet normal 0 -0.623468 -0.781849
    outer loop
      vertex 65 26.6723 20.9953
      vertex 75 26.9833 20.7473
      vertex 75 26.6723 20.9953
    endloop
  endfacet
  facet normal -0 -0.623468 -0.781849
    outer loop
      vertex 75 26.9833 20.7473
      vertex 65 26.6723 20.9953
      vertex 65 26.9833 20.7473
    endloop
  endfacet
  facet normal 0 0.685153 -0.728399
    outer loop
      vertex 65 13.9264 20.2143
      vertex 75 14.2161 20.4868
      vertex 75 13.9264 20.2143
    endloop
  endfacet
  facet normal 0 0.685153 -0.728399
    outer loop
      vertex 75 14.2161 20.4868
      vertex 65 13.9264 20.2143
      vertex 65 14.2161 20.4868
    endloop
  endfacet
  facet normal 0 -0.959526 -0.281622
    outer loop
      vertex 65 30.1591 15.8055
      vertex 75 30.0471 16.1871
      vertex 65 30.0471 16.1871
    endloop
  endfacet
  facet normal 0 -0.959526 -0.281622
    outer loop
      vertex 75 30.0471 16.1871
      vertex 65 30.1591 15.8055
      vertex 75 30.1591 15.8055
    endloop
  endfacet
  facet normal 0 0.452034 -0.892001
    outer loop
      vertex 65 16.1648 21.8546
      vertex 75 16.5196 22.0344
      vertex 75 16.1648 21.8546
    endloop
  endfacet
  facet normal 0 0.452034 -0.892001
    outer loop
      vertex 75 16.5196 22.0344
      vertex 65 16.1648 21.8546
      vertex 65 16.5196 22.0344
    endloop
  endfacet
  facet normal 0 0.947164 -0.320749
    outer loop
      vertex 75 11.4529 16.1871
      vertex 65 11.5805 16.5639
      vertex 75 11.5805 16.5639
    endloop
  endfacet
  facet normal 0 0.947164 -0.320749
    outer loop
      vertex 65 11.5805 16.5639
      vertex 75 11.4529 16.1871
      vertex 65 11.4529 16.1871
    endloop
  endfacet
  facet normal 0 0.22249 -0.974935
    outer loop
      vertex 65 18.387 22.7093
      vertex 75 18.7748 22.7978
      vertex 75 18.387 22.7093
    endloop
  endfacet
  facet normal 0 0.22249 -0.974935
    outer loop
      vertex 75 18.7748 22.7978
      vertex 65 18.387 22.7093
      vertex 65 18.7748 22.7978
    endloop
  endfacet
  facet normal 0 0.142548 -0.989788
    outer loop
      vertex 65 19.1659 22.8704
      vertex 75 19.5596 22.9271
      vertex 75 19.1659 22.8704
    endloop
  endfacet
  facet normal 0 0.142548 -0.989788
    outer loop
      vertex 75 19.5596 22.9271
      vertex 65 19.1659 22.8704
      vertex 65 19.5596 22.9271
    endloop
  endfacet
  facet normal 0 0.654902 -0.755714
    outer loop
      vertex 65 14.2161 20.4868
      vertex 75 14.5167 20.7473
      vertex 75 14.2161 20.4868
    endloop
  endfacet
  facet normal 0 0.654902 -0.755714
    outer loop
      vertex 75 14.5167 20.7473
      vertex 65 14.2161 20.4868
      vertex 65 14.5167 20.7473
    endloop
  endfacet
  facet normal 0 -0.970187 -0.242358
    outer loop
      vertex 65 30.2555 15.4196
      vertex 75 30.1591 15.8055
      vertex 65 30.1591 15.8055
    endloop
  endfacet
  facet normal 0 -0.970187 -0.242358
    outer loop
      vertex 75 30.1591 15.8055
      vertex 65 30.2555 15.4196
      vertex 75 30.2555 15.4196
    endloop
  endfacet
  facet normal 0 -0.979254 -0.202639
    outer loop
      vertex 65 30.3361 15.0301
      vertex 75 30.2555 15.4196
      vertex 65 30.2555 15.4196
    endloop
  endfacet
  facet normal 0 -0.979254 -0.202639
    outer loop
      vertex 75 30.2555 15.4196
      vertex 65 30.3361 15.0301
      vertex 75 30.3361 15.0301
    endloop
  endfacet
  facet normal 0 -0.142548 -0.989788
    outer loop
      vertex 65 21.9404 22.9271
      vertex 75 22.3341 22.8704
      vertex 75 21.9404 22.9271
    endloop
  endfacet
  facet normal -0 -0.142548 -0.989788
    outer loop
      vertex 75 22.3341 22.8704
      vertex 65 21.9404 22.9271
      vertex 65 22.3341 22.8704
    endloop
  endfacet
  facet normal 0 -0.557598 -0.830111
    outer loop
      vertex 65 26.0212 21.4522
      vertex 75 26.3514 21.2304
      vertex 75 26.0212 21.4522
    endloop
  endfacet
  facet normal -0 -0.557598 -0.830111
    outer loop
      vertex 75 26.3514 21.2304
      vertex 65 26.0212 21.4522
      vertex 65 26.3514 21.2304
    endloop
  endfacet
  facet normal 0 -0.900965 -0.433891
    outer loop
      vertex 65 29.6189 17.3003
      vertex 75 29.4463 17.6587
      vertex 65 29.4463 17.6587
    endloop
  endfacet
  facet normal 0 -0.900965 -0.433891
    outer loop
      vertex 75 29.4463 17.6587
      vertex 65 29.6189 17.3003
      vertex 75 29.6189 17.3003
    endloop
  endfacet
  facet normal 0 -0.818463 -0.574559
    outer loop
      vertex 65 28.843 18.6875
      vertex 75 28.6145 19.013
      vertex 65 28.6145 19.013
    endloop
  endfacet
  facet normal 0 -0.818463 -0.574559
    outer loop
      vertex 75 28.6145 19.013
      vertex 65 28.843 18.6875
      vertex 75 28.843 18.6875
    endloop
  endfacet
  facet normal 0 -0.933352 -0.358962
    outer loop
      vertex 65 29.9195 16.5639
      vertex 75 29.7767 16.9352
      vertex 65 29.7767 16.9352
    endloop
  endfacet
  facet normal 0 -0.933352 -0.358962
    outer loop
      vertex 75 29.7767 16.9352
      vertex 65 29.9195 16.5639
      vertex 75 29.9195 16.5639
    endloop
  endfacet
  facet normal 0 -0.841366 -0.540465
    outer loop
      vertex 65 29.058 18.3528
      vertex 75 28.843 18.6875
      vertex 65 28.843 18.6875
    endloop
  endfacet
  facet normal 0 -0.841366 -0.540465
    outer loop
      vertex 75 28.843 18.6875
      vertex 65 29.058 18.3528
      vertex 75 29.058 18.3528
    endloop
  endfacet
  facet normal 0 0.523452 -0.852055
    outer loop
      vertex 65 15.4788 21.4522
      vertex 75 15.8177 21.6604
      vertex 75 15.4788 21.4522
    endloop
  endfacet
  facet normal 0 0.523452 -0.852055
    outer loop
      vertex 75 15.8177 21.6604
      vertex 65 15.4788 21.4522
      vertex 65 15.8177 21.6604
    endloop
  endfacet
  facet normal 0 0.959526 -0.281622
    outer loop
      vertex 75 11.3409 15.8055
      vertex 65 11.4529 16.1871
      vertex 75 11.4529 16.1871
    endloop
  endfacet
  facet normal 0 0.959526 -0.281622
    outer loop
      vertex 65 11.4529 16.1871
      vertex 75 11.3409 15.8055
      vertex 65 11.3409 15.8055
    endloop
  endfacet
  facet normal 0 0.986685 -0.162646
    outer loop
      vertex 75 11.0992 14.6376
      vertex 65 11.1639 15.0301
      vertex 75 11.1639 15.0301
    endloop
  endfacet
  facet normal 0 0.986685 -0.162646
    outer loop
      vertex 65 11.1639 15.0301
      vertex 75 11.0992 14.6376
      vertex 65 11.0992 14.6376
    endloop
  endfacet
  facet normal 0 0.970187 -0.242358
    outer loop
      vertex 75 11.2445 15.4196
      vertex 65 11.3409 15.8055
      vertex 75 11.3409 15.8055
    endloop
  endfacet
  facet normal 0 0.970187 -0.242358
    outer loop
      vertex 65 11.3409 15.8055
      vertex 75 11.2445 15.4196
      vertex 65 11.2445 15.4196
    endloop
  endfacet
  facet normal 0 0.101818 -0.994803
    outer loop
      vertex 65 19.5596 22.9271
      vertex 75 19.9553 22.9676
      vertex 75 19.5596 22.9271
    endloop
  endfacet
  facet normal 0 0.101818 -0.994803
    outer loop
      vertex 75 19.9553 22.9676
      vertex 65 19.5596 22.9271
      vertex 65 19.9553 22.9676
    endloop
  endfacet
  facet normal 0 -0.590993 -0.806677
    outer loop
      vertex 65 26.3514 21.2304
      vertex 75 26.6723 20.9953
      vertex 75 26.3514 21.2304
    endloop
  endfacet
  facet normal -0 -0.590993 -0.806677
    outer loop
      vertex 75 26.6723 20.9953
      vertex 65 26.3514 21.2304
      vertex 65 26.6723 20.9953
    endloop
  endfacet
  facet normal 0 0.0610947 -0.998132
    outer loop
      vertex 65 19.9553 22.9676
      vertex 75 20.3523 22.9919
      vertex 75 19.9553 22.9676
    endloop
  endfacet
  facet normal 0 0.0610947 -0.998132
    outer loop
      vertex 75 20.3523 22.9919
      vertex 65 19.9553 22.9676
      vertex 65 20.3523 22.9919
    endloop
  endfacet
  facet normal 0 -0.415469 -0.909607
    outer loop
      vertex 65 24.6185 22.1997
      vertex 75 24.9804 22.0344
      vertex 75 24.6185 22.1997
    endloop
  endfacet
  facet normal -0 -0.415469 -0.909607
    outer loop
      vertex 75 24.9804 22.0344
      vertex 65 24.6185 22.1997
      vertex 65 24.9804 22.0344
    endloop
  endfacet
  facet normal 0 0.261947 -0.965082
    outer loop
      vertex 65 18.0031 22.6051
      vertex 75 18.387 22.7093
      vertex 75 18.0031 22.6051
    endloop
  endfacet
  facet normal 0 0.261947 -0.965082
    outer loop
      vertex 75 18.387 22.7093
      vertex 65 18.0031 22.6051
      vertex 65 18.387 22.7093
    endloop
  endfacet
  facet normal 0 0.623468 -0.781849
    outer loop
      vertex 65 14.5167 20.7473
      vertex 75 14.8277 20.9953
      vertex 75 14.5167 20.7473
    endloop
  endfacet
  facet normal 0 0.623468 -0.781849
    outer loop
      vertex 75 14.8277 20.9953
      vertex 65 14.5167 20.7473
      vertex 65 14.8277 20.9953
    endloop
  endfacet
  facet normal 0 0.818463 -0.574559
    outer loop
      vertex 75 12.657 18.6875
      vertex 65 12.8855 19.013
      vertex 75 12.8855 19.013
    endloop
  endfacet
  facet normal 0 0.818463 -0.574559
    outer loop
      vertex 65 12.8855 19.013
      vertex 75 12.657 18.6875
      vertex 65 12.657 18.6875
    endloop
  endfacet
  facet normal 0 -0.182512 -0.983204
    outer loop
      vertex 65 22.3341 22.8704
      vertex 75 22.7252 22.7978
      vertex 75 22.3341 22.8704
    endloop
  endfacet
  facet normal -0 -0.182512 -0.983204
    outer loop
      vertex 75 22.7252 22.7978
      vertex 65 22.3341 22.8704
      vertex 65 22.7252 22.7978
    endloop
  endfacet
  facet normal 0 -0.685153 -0.728399
    outer loop
      vertex 65 27.2839 20.4868
      vertex 75 27.5736 20.2143
      vertex 75 27.2839 20.4868
    endloop
  endfacet
  facet normal -0 -0.685153 -0.728399
    outer loop
      vertex 75 27.5736 20.2143
      vertex 65 27.2839 20.4868
      vertex 65 27.5736 20.2143
    endloop
  endfacet
  facet normal 0 -0.654902 -0.755714
    outer loop
      vertex 65 26.9833 20.7473
      vertex 75 27.2839 20.4868
      vertex 75 26.9833 20.7473
    endloop
  endfacet
  facet normal -0 -0.654902 -0.755714
    outer loop
      vertex 75 27.2839 20.4868
      vertex 65 26.9833 20.7473
      vertex 65 27.2839 20.4868
    endloop
  endfacet
  facet normal 0 0.794415 -0.607375
    outer loop
      vertex 75 12.8855 19.013
      vertex 65 13.1271 19.329
      vertex 75 13.1271 19.329
    endloop
  endfacet
  facet normal 0 0.794415 -0.607375
    outer loop
      vertex 65 13.1271 19.329
      vertex 75 12.8855 19.013
      vertex 65 12.8855 19.013
    endloop
  endfacet
  facet normal 0 0.882562 -0.470197
    outer loop
      vertex 75 12.0537 17.6587
      vertex 65 12.2407 18.0097
      vertex 75 12.2407 18.0097
    endloop
  endfacet
  facet normal 0 0.882562 -0.470197
    outer loop
      vertex 65 12.2407 18.0097
      vertex 75 12.0537 17.6587
      vertex 65 12.0537 17.6587
    endloop
  endfacet
  facet normal 0 -0.523452 -0.852055
    outer loop
      vertex 65 25.6823 21.6604
      vertex 75 26.0212 21.4522
      vertex 75 25.6823 21.6604
    endloop
  endfacet
  facet normal -0 -0.523452 -0.852055
    outer loop
      vertex 75 26.0212 21.4522
      vertex 65 25.6823 21.6604
      vertex 65 26.0212 21.4522
    endloop
  endfacet
  facet normal 0 0.917931 -0.396739
    outer loop
      vertex 75 11.7233 16.9352
      vertex 65 11.8811 17.3003
      vertex 75 11.8811 17.3003
    endloop
  endfacet
  facet normal 0 0.917931 -0.396739
    outer loop
      vertex 65 11.8811 17.3003
      vertex 75 11.7233 16.9352
      vertex 65 11.7233 16.9352
    endloop
  endfacet
  facet normal 0 0.862509 -0.506042
    outer loop
      vertex 75 12.2407 18.0097
      vertex 65 12.442 18.3528
      vertex 75 12.442 18.3528
    endloop
  endfacet
  facet normal 0 0.862509 -0.506042
    outer loop
      vertex 65 12.442 18.3528
      vertex 75 12.2407 18.0097
      vertex 65 12.2407 18.0097
    endloop
  endfacet
  facet normal 0 -0.452034 -0.892001
    outer loop
      vertex 65 24.9804 22.0344
      vertex 75 25.3352 21.8546
      vertex 75 24.9804 22.0344
    endloop
  endfacet
  facet normal -0 -0.452034 -0.892001
    outer loop
      vertex 75 25.3352 21.8546
      vertex 65 24.9804 22.0344
      vertex 65 25.3352 21.8546
    endloop
  endfacet
  facet normal -0.97235 -0.233527 0
    outer loop
      vertex 34.6224 37.5275 3
      vertex 34.5308 37.9089 8
      vertex 34.5308 37.9089 3
    endloop
  endfacet
  facet normal -0.97235 -0.233527 0
    outer loop
      vertex 34.5308 37.9089 8
      vertex 34.6224 37.5275 3
      vertex 34.6224 37.5275 8
    endloop
  endfacet
  facet normal 0.97235 0.233527 0
    outer loop
      vertex 39.4692 38.6911 8
      vertex 39.3776 39.0725 3
      vertex 39.3776 39.0725 8
    endloop
  endfacet
  facet normal 0.97235 0.233527 0
    outer loop
      vertex 39.3776 39.0725 3
      vertex 39.4692 38.6911 8
      vertex 39.4692 38.6911 3
    endloop
  endfacet
  facet normal 0.996913 0.0785092 0
    outer loop
      vertex 39.5 38.3 8
      vertex 39.4692 38.6911 3
      vertex 39.4692 38.6911 8
    endloop
  endfacet
  facet normal 0.996913 0.0785092 0
    outer loop
      vertex 39.4692 38.6911 3
      vertex 39.5 38.3 8
      vertex 39.5 38.3 3
    endloop
  endfacet
  facet normal 0.923927 0.382569 0
    outer loop
      vertex 39.3776 39.0725 8
      vertex 39.2275 39.435 3
      vertex 39.2275 39.435 8
    endloop
  endfacet
  facet normal 0.923927 0.382569 0
    outer loop
      vertex 39.2275 39.435 3
      vertex 39.3776 39.0725 8
      vertex 39.3776 39.0725 3
    endloop
  endfacet
  facet normal 0.382569 -0.923927 0
    outer loop
      vertex 37.7725 35.9224 3
      vertex 38.135 36.0725 8
      vertex 37.7725 35.9224 8
    endloop
  endfacet
  facet normal 0.382569 -0.923927 0
    outer loop
      vertex 38.135 36.0725 8
      vertex 37.7725 35.9224 3
      vertex 38.135 36.0725 3
    endloop
  endfacet
  facet normal 0.85262 -0.522532 0
    outer loop
      vertex 39.0225 36.8305 8
      vertex 39.2275 37.165 3
      vertex 39.2275 37.165 8
    endloop
  endfacet
  facet normal 0.85262 -0.522532 0
    outer loop
      vertex 39.2275 37.165 3
      vertex 39.0225 36.8305 8
      vertex 39.0225 36.8305 3
    endloop
  endfacet
  facet normal -0.649342 0.760497 0
    outer loop
      vertex 35.5305 40.3225 3
      vertex 35.2322 40.0678 8
      vertex 35.5305 40.3225 8
    endloop
  endfacet
  facet normal -0.649342 0.760497 0
    outer loop
      vertex 35.2322 40.0678 8
      vertex 35.5305 40.3225 3
      vertex 35.2322 40.0678 3
    endloop
  endfacet
  facet normal -0.382569 0.923927 0
    outer loop
      vertex 36.2275 40.6776 3
      vertex 35.865 40.5275 8
      vertex 36.2275 40.6776 8
    endloop
  endfacet
  facet normal -0.382569 0.923927 0
    outer loop
      vertex 35.865 40.5275 8
      vertex 36.2275 40.6776 3
      vertex 35.865 40.5275 3
    endloop
  endfacet
  facet normal 0.760497 -0.649342 0
    outer loop
      vertex 38.7678 36.5322 8
      vertex 39.0225 36.8305 3
      vertex 39.0225 36.8305 8
    endloop
  endfacet
  facet normal 0.760497 -0.649342 0
    outer loop
      vertex 39.0225 36.8305 3
      vertex 38.7678 36.5322 8
      vertex 38.7678 36.5322 3
    endloop
  endfacet
  facet normal 0.996913 -0.0785092 0
    outer loop
      vertex 39.4692 37.9089 8
      vertex 39.5 38.3 3
      vertex 39.5 38.3 8
    endloop
  endfacet
  facet normal 0.996913 -0.0785092 0
    outer loop
      vertex 39.5 38.3 3
      vertex 39.4692 37.9089 8
      vertex 39.4692 37.9089 3
    endloop
  endfacet
  facet normal 0.923927 -0.382569 0
    outer loop
      vertex 39.2275 37.165 8
      vertex 39.3776 37.5275 3
      vertex 39.3776 37.5275 8
    endloop
  endfacet
  facet normal 0.923927 -0.382569 0
    outer loop
      vertex 39.3776 37.5275 3
      vertex 39.2275 37.165 8
      vertex 39.2275 37.165 3
    endloop
  endfacet
  facet normal -0.923927 -0.382569 0
    outer loop
      vertex 34.7725 37.165 3
      vertex 34.6224 37.5275 8
      vertex 34.6224 37.5275 3
    endloop
  endfacet
  facet normal -0.923927 -0.382569 0
    outer loop
      vertex 34.6224 37.5275 8
      vertex 34.7725 37.165 3
      vertex 34.7725 37.165 8
    endloop
  endfacet
  facet normal -0.996913 0.0785092 0
    outer loop
      vertex 34.5 38.3 3
      vertex 34.5308 38.6911 8
      vertex 34.5308 38.6911 3
    endloop
  endfacet
  facet normal -0.996913 0.0785092 0
    outer loop
      vertex 34.5308 38.6911 8
      vertex 34.5 38.3 3
      vertex 34.5 38.3 8
    endloop
  endfacet
  facet normal -0.97235 0.233527 0
    outer loop
      vertex 34.5308 38.6911 3
      vertex 34.6224 39.0725 8
      vertex 34.6224 39.0725 3
    endloop
  endfacet
  facet normal -0.97235 0.233527 0
    outer loop
      vertex 34.6224 39.0725 8
      vertex 34.5308 38.6911 3
      vertex 34.5308 38.6911 8
    endloop
  endfacet
  facet normal 0.233527 0.97235 -0
    outer loop
      vertex 37.7725 40.6776 3
      vertex 37.3911 40.7692 8
      vertex 37.7725 40.6776 8
    endloop
  endfacet
  facet normal 0.233527 0.97235 0
    outer loop
      vertex 37.3911 40.7692 8
      vertex 37.7725 40.6776 3
      vertex 37.3911 40.7692 3
    endloop
  endfacet
  facet normal -0.0785092 0.996913 0
    outer loop
      vertex 37 40.8 3
      vertex 36.6089 40.7692 8
      vertex 37 40.8 8
    endloop
  endfacet
  facet normal -0.0785092 0.996913 0
    outer loop
      vertex 36.6089 40.7692 8
      vertex 37 40.8 3
      vertex 36.6089 40.7692 3
    endloop
  endfacet
  facet normal -0.760497 -0.649342 0
    outer loop
      vertex 35.2322 36.5322 3
      vertex 34.9775 36.8305 8
      vertex 34.9775 36.8305 3
    endloop
  endfacet
  facet normal -0.760497 -0.649342 0
    outer loop
      vertex 34.9775 36.8305 8
      vertex 35.2322 36.5322 3
      vertex 35.2322 36.5322 8
    endloop
  endfacet
  facet normal -0.233527 -0.97235 0
    outer loop
      vertex 36.2275 35.9224 3
      vertex 36.6089 35.8308 8
      vertex 36.2275 35.9224 8
    endloop
  endfacet
  facet normal -0.233527 -0.97235 -0
    outer loop
      vertex 36.6089 35.8308 8
      vertex 36.2275 35.9224 3
      vertex 36.6089 35.8308 3
    endloop
  endfacet
  facet normal -0.649342 -0.760497 0
    outer loop
      vertex 35.2322 36.5322 3
      vertex 35.5305 36.2775 8
      vertex 35.2322 36.5322 8
    endloop
  endfacet
  facet normal -0.649342 -0.760497 -0
    outer loop
      vertex 35.5305 36.2775 8
      vertex 35.2322 36.5322 3
      vertex 35.5305 36.2775 3
    endloop
  endfacet
  facet normal 0.85262 0.522532 0
    outer loop
      vertex 39.2275 39.435 8
      vertex 39.0225 39.7695 3
      vertex 39.0225 39.7695 8
    endloop
  endfacet
  facet normal 0.85262 0.522532 0
    outer loop
      vertex 39.0225 39.7695 3
      vertex 39.2275 39.435 8
      vertex 39.2275 39.435 3
    endloop
  endfacet
  facet normal -0.923927 0.382569 0
    outer loop
      vertex 34.6224 39.0725 3
      vertex 34.7725 39.435 8
      vertex 34.7725 39.435 3
    endloop
  endfacet
  facet normal -0.923927 0.382569 0
    outer loop
      vertex 34.7725 39.435 8
      vertex 34.6224 39.0725 3
      vertex 34.6224 39.0725 8
    endloop
  endfacet
  facet normal -0.522532 0.85262 0
    outer loop
      vertex 35.865 40.5275 3
      vertex 35.5305 40.3225 8
      vertex 35.865 40.5275 8
    endloop
  endfacet
  facet normal -0.522532 0.85262 0
    outer loop
      vertex 35.5305 40.3225 8
      vertex 35.865 40.5275 3
      vertex 35.5305 40.3225 3
    endloop
  endfacet
  facet normal -0.0785092 -0.996913 0
    outer loop
      vertex 36.6089 35.8308 3
      vertex 37 35.8 8
      vertex 36.6089 35.8308 8
    endloop
  endfacet
  facet normal -0.0785092 -0.996913 -0
    outer loop
      vertex 37 35.8 8
      vertex 36.6089 35.8308 3
      vertex 37 35.8 3
    endloop
  endfacet
  facet normal 0.522532 0.85262 -0
    outer loop
      vertex 38.4695 40.3225 3
      vertex 38.135 40.5275 8
      vertex 38.4695 40.3225 8
    endloop
  endfacet
  facet normal 0.522532 0.85262 0
    outer loop
      vertex 38.135 40.5275 8
      vertex 38.4695 40.3225 3
      vertex 38.135 40.5275 3
    endloop
  endfacet
  facet normal 0.522532 -0.85262 0
    outer loop
      vertex 38.135 36.0725 3
      vertex 38.4695 36.2775 8
      vertex 38.135 36.0725 8
    endloop
  endfacet
  facet normal 0.522532 -0.85262 0
    outer loop
      vertex 38.4695 36.2775 8
      vertex 38.135 36.0725 3
      vertex 38.4695 36.2775 3
    endloop
  endfacet
  facet normal -0.760497 0.649342 0
    outer loop
      vertex 34.9775 39.7695 3
      vertex 35.2322 40.0678 8
      vertex 35.2322 40.0678 3
    endloop
  endfacet
  facet normal -0.760497 0.649342 0
    outer loop
      vertex 35.2322 40.0678 8
      vertex 34.9775 39.7695 3
      vertex 34.9775 39.7695 8
    endloop
  endfacet
  facet normal -0.233527 0.97235 0
    outer loop
      vertex 36.6089 40.7692 3
      vertex 36.2275 40.6776 8
      vertex 36.6089 40.7692 8
    endloop
  endfacet
  facet normal -0.233527 0.97235 0
    outer loop
      vertex 36.2275 40.6776 8
      vertex 36.6089 40.7692 3
      vertex 36.2275 40.6776 3
    endloop
  endfacet
  facet normal -0.522532 -0.85262 0
    outer loop
      vertex 35.5305 36.2775 3
      vertex 35.865 36.0725 8
      vertex 35.5305 36.2775 8
    endloop
  endfacet
  facet normal -0.522532 -0.85262 -0
    outer loop
      vertex 35.865 36.0725 8
      vertex 35.5305 36.2775 3
      vertex 35.865 36.0725 3
    endloop
  endfacet
  facet normal 0.760497 0.649342 0
    outer loop
      vertex 39.0225 39.7695 8
      vertex 38.7678 40.0678 3
      vertex 38.7678 40.0678 8
    endloop
  endfacet
  facet normal 0.760497 0.649342 0
    outer loop
      vertex 38.7678 40.0678 3
      vertex 39.0225 39.7695 8
      vertex 39.0225 39.7695 3
    endloop
  endfacet
  facet normal 0.649342 0.760497 -0
    outer loop
      vertex 38.7678 40.0678 3
      vertex 38.4695 40.3225 8
      vertex 38.7678 40.0678 8
    endloop
  endfacet
  facet normal 0.649342 0.760497 0
    outer loop
      vertex 38.4695 40.3225 8
      vertex 38.7678 40.0678 3
      vertex 38.4695 40.3225 3
    endloop
  endfacet
  facet normal 0 0 1
    outer loop
      vertex 38.05 38.3 8
      vertex 39.5 38.3 8
      vertex 39.4692 38.6911 8
    endloop
  endfacet
  facet normal 0 0 1
    outer loop
      vertex 37.9791 38.6793 8
      vertex 39.4692 38.6911 8
      vertex 39.3776 39.0725 8
    endloop
  endfacet
  facet normal 0 0 1
    outer loop
      vertex 39.5 38.3 8
      vertex 38.05 38.3 8
      vertex 39.4692 37.9089 8
    endloop
  endfacet
  facet normal 0 0 1
    outer loop
      vertex 37.9791 38.6793 8
      vertex 39.3776 39.0725 8
      vertex 39.2275 39.435 8
    endloop
  endfacet
  facet normal -0 0 1
    outer loop
      vertex 37.9791 37.9207 8
      vertex 39.4692 37.9089 8
      vertex 38.05 38.3 8
    endloop
  endfacet
  facet normal 0 0 1
    outer loop
      vertex 37.9791 38.6793 8
      vertex 39.2275 39.435 8
      vertex 39.0225 39.7695 8
    endloop
  endfacet
  facet normal 0 0 1
    outer loop
      vertex 39.4692 37.9089 8
      vertex 37.9791 37.9207 8
      vertex 39.3776 37.5275 8
    endloop
  endfacet
  facet normal 0 0 1
    outer loop
      vertex 37.776 39.0074 8
      vertex 39.0225 39.7695 8
      vertex 38.7678 40.0678 8
    endloop
  endfacet
  facet normal 0 0 1
    outer loop
      vertex 39.3776 37.5275 8
      vertex 37.9791 37.9207 8
      vertex 39.2275 37.165 8
    endloop
  endfacet
  facet normal 0 0 1
    outer loop
      vertex 37.776 39.0074 8
      vertex 38.7678 40.0678 8
      vertex 38.4695 40.3225 8
    endloop
  endfacet
  facet normal 0 0 1
    outer loop
      vertex 39.2275 37.165 8
      vertex 37.9791 37.9207 8
      vertex 39.0225 36.8305 8
    endloop
  endfacet
  facet normal 0 0 1
    outer loop
      vertex 37.468 39.2399 8
      vertex 38.4695 40.3225 8
      vertex 38.135 40.5275 8
    endloop
  endfacet
  facet normal -0 0 1
    outer loop
      vertex 37.776 37.5926 8
      vertex 39.0225 36.8305 8
      vertex 37.9791 37.9207 8
    endloop
  endfacet
  facet normal 0 0 1
    outer loop
      vertex 39.0225 36.8305 8
      vertex 37.776 37.5926 8
      vertex 38.7678 36.5322 8
    endloop
  endfacet
  facet normal 0 0 1
    outer loop
      vertex 39.4692 38.6911 8
      vertex 37.9791 38.6793 8
      vertex 38.05 38.3 8
    endloop
  endfacet
  facet normal 0 0 1
    outer loop
      vertex 39.0225 39.7695 8
      vertex 37.776 39.0074 8
      vertex 37.9791 38.6793 8
    endloop
  endfacet
  facet normal 0 0 1
    outer loop
      vertex 37.468 39.2399 8
      vertex 38.135 40.5275 8
      vertex 37.7725 40.6776 8
    endloop
  endfacet
  facet normal 0 0 1
    outer loop
      vertex 38.4695 40.3225 8
      vertex 37.468 39.2399 8
      vertex 37.776 39.0074 8
    endloop
  endfacet
  facet normal 0 0 1
    outer loop
      vertex 37.0969 39.3455 8
      vertex 37.7725 40.6776 8
      vertex 37.3911 40.7692 8
    endloop
  endfacet
  facet normal 0 0 1
    outer loop
      vertex 37.7725 40.6776 8
      vertex 37.0969 39.3455 8
      vertex 37.468 39.2399 8
    endloop
  endfacet
  facet normal 0 0 1
    outer loop
      vertex 37 40.8 8
      vertex 37.0969 39.3455 8
      vertex 37.3911 40.7692 8
    endloop
  endfacet
  facet normal -0 0 1
    outer loop
      vertex 36.6089 40.7692 8
      vertex 37.0969 39.3455 8
      vertex 37 40.8 8
    endloop
  endfacet
  facet normal 0 0 1
    outer loop
      vertex 37.0969 39.3455 8
      vertex 36.6089 40.7692 8
      vertex 36.7127 39.3099 8
    endloop
  endfacet
  facet normal -0 0 1
    outer loop
      vertex 36.2275 40.6776 8
      vertex 36.7127 39.3099 8
      vertex 36.6089 40.7692 8
    endloop
  endfacet
  facet normal -0 0 1
    outer loop
      vertex 35.865 40.5275 8
      vertex 36.7127 39.3099 8
      vertex 36.2275 40.6776 8
    endloop
  endfacet
  facet normal 0 0 1
    outer loop
      vertex 36.7127 39.3099 8
      vertex 35.865 40.5275 8
      vertex 36.3672 39.1379 8
    endloop
  endfacet
  facet normal -0 0 1
    outer loop
      vertex 35.5305 40.3225 8
      vertex 36.3672 39.1379 8
      vertex 35.865 40.5275 8
    endloop
  endfacet
  facet normal 0 0 1
    outer loop
      vertex 36.3672 39.1379 8
      vertex 35.2322 40.0678 8
      vertex 36.1073 38.8528 8
    endloop
  endfacet
  facet normal -0 0 1
    outer loop
      vertex 35.2322 40.0678 8
      vertex 36.3672 39.1379 8
      vertex 35.5305 40.3225 8
    endloop
  endfacet
  facet normal 0 0 1
    outer loop
      vertex 38.7678 36.5322 8
      vertex 37.776 37.5926 8
      vertex 38.4695 36.2775 8
    endloop
  endfacet
  facet normal -0 0 1
    outer loop
      vertex 37.468 37.3601 8
      vertex 38.4695 36.2775 8
      vertex 37.776 37.5926 8
    endloop
  endfacet
  facet normal 0 0 1
    outer loop
      vertex 38.4695 36.2775 8
      vertex 37.468 37.3601 8
      vertex 38.135 36.0725 8
    endloop
  endfacet
  facet normal 0 0 1
    outer loop
      vertex 38.135 36.0725 8
      vertex 37.468 37.3601 8
      vertex 37.7725 35.9224 8
    endloop
  endfacet
  facet normal -0 0 1
    outer loop
      vertex 37.0969 37.2545 8
      vertex 37.7725 35.9224 8
      vertex 37.468 37.3601 8
    endloop
  endfacet
  facet normal 0 0 1
    outer loop
      vertex 37.7725 35.9224 8
      vertex 37.0969 37.2545 8
      vertex 37.3911 35.8308 8
    endloop
  endfacet
  facet normal 0 0 1
    outer loop
      vertex 37.0969 37.2545 8
      vertex 37 35.8 8
      vertex 37.3911 35.8308 8
    endloop
  endfacet
  facet normal 0 0 1
    outer loop
      vertex 36.6089 35.8308 8
      vertex 37.0969 37.2545 8
      vertex 36.7127 37.2901 8
    endloop
  endfacet
  facet normal 0 0 1
    outer loop
      vertex 37.0969 37.2545 8
      vertex 36.6089 35.8308 8
      vertex 37 35.8 8
    endloop
  endfacet
  facet normal 0 0 1
    outer loop
      vertex 35.865 36.0725 8
      vertex 36.7127 37.2901 8
      vertex 36.3672 37.4621 8
    endloop
  endfacet
  facet normal 0 0 1
    outer loop
      vertex 36.7127 37.2901 8
      vertex 36.2275 35.9224 8
      vertex 36.6089 35.8308 8
    endloop
  endfacet
  facet normal 0 0 1
    outer loop
      vertex 35.2322 36.5322 8
      vertex 36.3672 37.4621 8
      vertex 36.1073 37.7472 8
    endloop
  endfacet
  facet normal 0 0 1
    outer loop
      vertex 34.6224 37.5275 8
      vertex 36.1073 37.7472 8
      vertex 35.9679 38.1071 8
    endloop
  endfacet
  facet normal 0 0 1
    outer loop
      vertex 36.7127 37.2901 8
      vertex 35.865 36.0725 8
      vertex 36.2275 35.9224 8
    endloop
  endfacet
  facet normal -0 0 1
    outer loop
      vertex 34.9775 39.7695 8
      vertex 36.1073 38.8528 8
      vertex 35.2322 40.0678 8
    endloop
  endfacet
  facet normal -0 0 1
    outer loop
      vertex 34.7725 39.435 8
      vertex 36.1073 38.8528 8
      vertex 34.9775 39.7695 8
    endloop
  endfacet
  facet normal 0 0 1
    outer loop
      vertex 36.3672 37.4621 8
      vertex 35.5305 36.2775 8
      vertex 35.865 36.0725 8
    endloop
  endfacet
  facet normal -0 0 1
    outer loop
      vertex 34.6224 39.0725 8
      vertex 36.1073 38.8528 8
      vertex 34.7725 39.435 8
    endloop
  endfacet
  facet normal 0 0 1
    outer loop
      vertex 36.3672 37.4621 8
      vertex 35.2322 36.5322 8
      vertex 35.5305 36.2775 8
    endloop
  endfacet
  facet normal 0 0 1
    outer loop
      vertex 36.1073 38.8528 8
      vertex 34.6224 39.0725 8
      vertex 35.9679 38.4929 8
    endloop
  endfacet
  facet normal 0 0 1
    outer loop
      vertex 36.1073 37.7472 8
      vertex 34.9775 36.8305 8
      vertex 35.2322 36.5322 8
    endloop
  endfacet
  facet normal -0 0 1
    outer loop
      vertex 34.5308 38.6911 8
      vertex 35.9679 38.4929 8
      vertex 34.6224 39.0725 8
    endloop
  endfacet
  facet normal 0 0 1
    outer loop
      vertex 36.1073 37.7472 8
      vertex 34.7725 37.165 8
      vertex 34.9775 36.8305 8
    endloop
  endfacet
  facet normal 0 0 1
    outer loop
      vertex 34.5 38.3 8
      vertex 35.9679 38.4929 8
      vertex 34.5308 38.6911 8
    endloop
  endfacet
  facet normal 0 0 1
    outer loop
      vertex 36.1073 37.7472 8
      vertex 34.6224 37.5275 8
      vertex 34.7725 37.165 8
    endloop
  endfacet
  facet normal 0 0 1
    outer loop
      vertex 35.9679 38.4929 8
      vertex 34.5 38.3 8
      vertex 35.9679 38.1071 8
    endloop
  endfacet
  facet normal 0 0 1
    outer loop
      vertex 35.9679 38.1071 8
      vertex 34.5308 37.9089 8
      vertex 34.6224 37.5275 8
    endloop
  endfacet
  facet normal 0 0 1
    outer loop
      vertex 35.9679 38.1071 8
      vertex 34.5 38.3 8
      vertex 34.5308 37.9089 8
    endloop
  endfacet
  facet normal 0.0785092 -0.996913 0
    outer loop
      vertex 37 35.8 3
      vertex 37.3911 35.8308 8
      vertex 37 35.8 8
    endloop
  endfacet
  facet normal 0.0785092 -0.996913 0
    outer loop
      vertex 37.3911 35.8308 8
      vertex 37 35.8 3
      vertex 37.3911 35.8308 3
    endloop
  endfacet
  facet normal -0.382569 -0.923927 0
    outer loop
      vertex 35.865 36.0725 3
      vertex 36.2275 35.9224 8
      vertex 35.865 36.0725 8
    endloop
  endfacet
  facet normal -0.382569 -0.923927 -0
    outer loop
      vertex 36.2275 35.9224 8
      vertex 35.865 36.0725 3
      vertex 36.2275 35.9224 3
    endloop
  endfacet
  facet normal -0.85262 -0.522532 0
    outer loop
      vertex 34.9775 36.8305 3
      vertex 34.7725 37.165 8
      vertex 34.7725 37.165 3
    endloop
  endfacet
  facet normal -0.85262 -0.522532 0
    outer loop
      vertex 34.7725 37.165 8
      vertex 34.9775 36.8305 3
      vertex 34.9775 36.8305 8
    endloop
  endfacet
  facet normal 0.233527 -0.97235 0
    outer loop
      vertex 37.3911 35.8308 3
      vertex 37.7725 35.9224 8
      vertex 37.3911 35.8308 8
    endloop
  endfacet
  facet normal 0.233527 -0.97235 0
    outer loop
      vertex 37.7725 35.9224 8
      vertex 37.3911 35.8308 3
      vertex 37.7725 35.9224 3
    endloop
  endfacet
  facet normal 0.649342 -0.760497 0
    outer loop
      vertex 38.4695 36.2775 3
      vertex 38.7678 36.5322 8
      vertex 38.4695 36.2775 8
    endloop
  endfacet
  facet normal 0.649342 -0.760497 0
    outer loop
      vertex 38.7678 36.5322 8
      vertex 38.4695 36.2775 3
      vertex 38.7678 36.5322 3
    endloop
  endfacet
  facet normal -0.996913 -0.0785092 0
    outer loop
      vertex 34.5308 37.9089 3
      vertex 34.5 38.3 8
      vertex 34.5 38.3 3
    endloop
  endfacet
  facet normal -0.996913 -0.0785092 0
    outer loop
      vertex 34.5 38.3 8
      vertex 34.5308 37.9089 3
      vertex 34.5308 37.9089 8
    endloop
  endfacet
  facet normal 0.97235 -0.233527 0
    outer loop
      vertex 39.3776 37.5275 8
      vertex 39.4692 37.9089 3
      vertex 39.4692 37.9089 8
    endloop
  endfacet
  facet normal 0.97235 -0.233527 0
    outer loop
      vertex 39.4692 37.9089 3
      vertex 39.3776 37.5275 8
      vertex 39.3776 37.5275 3
    endloop
  endfacet
  facet normal 0.382569 0.923927 -0
    outer loop
      vertex 38.135 40.5275 3
      vertex 37.7725 40.6776 8
      vertex 38.135 40.5275 8
    endloop
  endfacet
  facet normal 0.382569 0.923927 0
    outer loop
      vertex 37.7725 40.6776 8
      vertex 38.135 40.5275 3
      vertex 37.7725 40.6776 3
    endloop
  endfacet
  facet normal 0.0785092 0.996913 -0
    outer loop
      vertex 37.3911 40.7692 3
      vertex 37 40.8 8
      vertex 37.3911 40.7692 8
    endloop
  endfacet
  facet normal 0.0785092 0.996913 0
    outer loop
      vertex 37 40.8 8
      vertex 37.3911 40.7692 3
      vertex 37 40.8 3
    endloop
  endfacet
  facet normal -0.85262 0.522532 0
    outer loop
      vertex 34.7725 39.435 3
      vertex 34.9775 39.7695 8
      vertex 34.9775 39.7695 3
    endloop
  endfacet
  facet normal -0.85262 0.522532 0
    outer loop
      vertex 34.9775 39.7695 8
      vertex 34.7725 39.435 3
      vertex 34.7725 39.435 8
    endloop
  endfacet
  facet normal -0.850276 0.526337 0
    outer loop
      vertex 37.776 37.5926 3.01
      vertex 37.9791 37.9207 8
      vertex 37.9791 37.9207 3.01
    endloop
  endfacet
  facet normal -0.850276 0.526337 0
    outer loop
      vertex 37.9791 37.9207 8
      vertex 37.776 37.5926 3.01
      vertex 37.776 37.5926 8
    endloop
  endfacet
  facet normal -0.850276 -0.526337 0
    outer loop
      vertex 37.9791 38.6793 3.01
      vertex 37.776 39.0074 8
      vertex 37.776 39.0074 3.01
    endloop
  endfacet
  facet normal -0.850276 -0.526337 0
    outer loop
      vertex 37.776 39.0074 8
      vertex 37.9791 38.6793 3.01
      vertex 37.9791 38.6793 8
    endloop
  endfacet
  facet normal -0.982975 -0.183741 0
    outer loop
      vertex 38.05 38.3 3.01
      vertex 37.9791 38.6793 8
      vertex 37.9791 38.6793 3.01
    endloop
  endfacet
  facet normal -0.982975 -0.183741 0
    outer loop
      vertex 37.9791 38.6793 8
      vertex 38.05 38.3 3.01
      vertex 38.05 38.3 8
    endloop
  endfacet
  facet normal -0.602485 -0.79813 0
    outer loop
      vertex 37.468 39.2399 3.01
      vertex 37.776 39.0074 8
      vertex 37.468 39.2399 8
    endloop
  endfacet
  facet normal -0.602485 -0.79813 -0
    outer loop
      vertex 37.776 39.0074 8
      vertex 37.468 39.2399 3.01
      vertex 37.776 39.0074 3.01
    endloop
  endfacet
  facet normal 0.0922648 0.995735 -0
    outer loop
      vertex 37.0969 37.2545 3.01
      vertex 36.7127 37.2901 8
      vertex 37.0969 37.2545 8
    endloop
  endfacet
  facet normal 0.0922648 0.995735 0
    outer loop
      vertex 36.7127 37.2901 8
      vertex 37.0969 37.2545 3.01
      vertex 36.7127 37.2901 3.01
    endloop
  endfacet
  facet normal 0.739013 -0.673691 0
    outer loop
      vertex 36.1073 38.8528 8
      vertex 36.3672 39.1379 3.01
      vertex 36.3672 39.1379 8
    endloop
  endfacet
  facet normal 0.739013 -0.673691 0
    outer loop
      vertex 36.3672 39.1379 3.01
      vertex 36.1073 38.8528 8
      vertex 36.1073 38.8528 3.01
    endloop
  endfacet
  facet normal 0.0922648 -0.995735 0
    outer loop
      vertex 36.7127 39.3099 3.01
      vertex 37.0969 39.3455 8
      vertex 36.7127 39.3099 8
    endloop
  endfacet
  facet normal 0.0922648 -0.995735 0
    outer loop
      vertex 37.0969 39.3455 8
      vertex 36.7127 39.3099 3.01
      vertex 37.0969 39.3455 3.01
    endloop
  endfacet
  facet normal -0.273694 -0.961817 0
    outer loop
      vertex 37.0969 39.3455 3.01
      vertex 37.468 39.2399 8
      vertex 37.0969 39.3455 8
    endloop
  endfacet
  facet normal -0.273694 -0.961817 -0
    outer loop
      vertex 37.468 39.2399 8
      vertex 37.0969 39.3455 3.01
      vertex 37.468 39.2399 3.01
    endloop
  endfacet
  facet normal -0.602485 0.79813 0
    outer loop
      vertex 37.776 37.5926 3.01
      vertex 37.468 37.3601 8
      vertex 37.776 37.5926 8
    endloop
  endfacet
  facet normal -0.602485 0.79813 0
    outer loop
      vertex 37.468 37.3601 8
      vertex 37.776 37.5926 3.01
      vertex 37.468 37.3601 3.01
    endloop
  endfacet
  facet normal -0.982975 0.183741 0
    outer loop
      vertex 37.9791 37.9207 3.01
      vertex 38.05 38.3 8
      vertex 38.05 38.3 3.01
    endloop
  endfacet
  facet normal -0.982975 0.183741 0
    outer loop
      vertex 38.05 38.3 8
      vertex 37.9791 37.9207 3.01
      vertex 37.9791 37.9207 8
    endloop
  endfacet
  facet normal 0 0 1
    outer loop
      vertex 37.9791 38.6793 3.01
      vertex 37.9791 37.9207 3.01
      vertex 38.05 38.3 3.01
    endloop
  endfacet
  facet normal 0 0 1
    outer loop
      vertex 37.776 39.0074 3.01
      vertex 37.9791 37.9207 3.01
      vertex 37.9791 38.6793 3.01
    endloop
  endfacet
  facet normal 0 0 1
    outer loop
      vertex 37.776 39.0074 3.01
      vertex 37.776 37.5926 3.01
      vertex 37.9791 37.9207 3.01
    endloop
  endfacet
  facet normal 0 0 1
    outer loop
      vertex 37.468 39.2399 3.01
      vertex 37.776 37.5926 3.01
      vertex 37.776 39.0074 3.01
    endloop
  endfacet
  facet normal 0 0 1
    outer loop
      vertex 37.468 39.2399 3.01
      vertex 37.468 37.3601 3.01
      vertex 37.776 37.5926 3.01
    endloop
  endfacet
  facet normal 0 0 1
    outer loop
      vertex 37.0969 39.3455 3.01
      vertex 37.468 37.3601 3.01
      vertex 37.468 39.2399 3.01
    endloop
  endfacet
  facet normal 0 0 1
    outer loop
      vertex 37.0969 39.3455 3.01
      vertex 37.0969 37.2545 3.01
      vertex 37.468 37.3601 3.01
    endloop
  endfacet
  facet normal -0 0 1
    outer loop
      vertex 36.7127 39.3099 3.01
      vertex 37.0969 37.2545 3.01
      vertex 37.0969 39.3455 3.01
    endloop
  endfacet
  facet normal 0 0 1
    outer loop
      vertex 36.7127 39.3099 3.01
      vertex 36.7127 37.2901 3.01
      vertex 37.0969 37.2545 3.01
    endloop
  endfacet
  facet normal -0 0 1
    outer loop
      vertex 36.3672 39.1379 3.01
      vertex 36.7127 37.2901 3.01
      vertex 36.7127 39.3099 3.01
    endloop
  endfacet
  facet normal 0 0 1
    outer loop
      vertex 36.3672 39.1379 3.01
      vertex 36.3672 37.4621 3.01
      vertex 36.7127 37.2901 3.01
    endloop
  endfacet
  facet normal -0 0 1
    outer loop
      vertex 36.1073 38.8528 3.01
      vertex 36.3672 37.4621 3.01
      vertex 36.3672 39.1379 3.01
    endloop
  endfacet
  facet normal 0 0 1
    outer loop
      vertex 36.1073 38.8528 3.01
      vertex 36.1073 37.7472 3.01
      vertex 36.3672 37.4621 3.01
    endloop
  endfacet
  facet normal -0 0 1
    outer loop
      vertex 35.9679 38.4929 3.01
      vertex 36.1073 37.7472 3.01
      vertex 36.1073 38.8528 3.01
    endloop
  endfacet
  facet normal 0 0 1
    outer loop
      vertex 36.1073 37.7472 3.01
      vertex 35.9679 38.4929 3.01
      vertex 35.9679 38.1071 3.01
    endloop
  endfacet
  facet normal 0.932495 -0.361183 0
    outer loop
      vertex 35.9679 38.4929 8
      vertex 36.1073 38.8528 3.01
      vertex 36.1073 38.8528 8
    endloop
  endfacet
  facet normal 0.932495 -0.361183 0
    outer loop
      vertex 36.1073 38.8528 3.01
      vertex 35.9679 38.4929 8
      vertex 35.9679 38.4929 3.01
    endloop
  endfacet
  facet normal -0.273694 0.961817 0
    outer loop
      vertex 37.468 37.3601 3.01
      vertex 37.0969 37.2545 8
      vertex 37.468 37.3601 8
    endloop
  endfacet
  facet normal -0.273694 0.961817 0
    outer loop
      vertex 37.0969 37.2545 8
      vertex 37.468 37.3601 3.01
      vertex 37.0969 37.2545 3.01
    endloop
  endfacet
  facet normal 1 -0 0
    outer loop
      vertex 35.9679 38.1071 8
      vertex 35.9679 38.4929 3.01
      vertex 35.9679 38.4929 8
    endloop
  endfacet
  facet normal 1 0 0
    outer loop
      vertex 35.9679 38.4929 3.01
      vertex 35.9679 38.1071 8
      vertex 35.9679 38.1071 3.01
    endloop
  endfacet
  facet normal 0.445658 -0.895203 0
    outer loop
      vertex 36.3672 39.1379 3.01
      vertex 36.7127 39.3099 8
      vertex 36.3672 39.1379 8
    endloop
  endfacet
  facet normal 0.445658 -0.895203 0
    outer loop
      vertex 36.7127 39.3099 8
      vertex 36.3672 39.1379 3.01
      vertex 36.7127 39.3099 3.01
    endloop
  endfacet
  facet normal 0.739013 0.673691 0
    outer loop
      vertex 36.3672 37.4621 8
      vertex 36.1073 37.7472 3.01
      vertex 36.1073 37.7472 8
    endloop
  endfacet
  facet normal 0.739013 0.673691 0
    outer loop
      vertex 36.1073 37.7472 3.01
      vertex 36.3672 37.4621 8
      vertex 36.3672 37.4621 3.01
    endloop
  endfacet
  facet normal 0.445658 0.895203 -0
    outer loop
      vertex 36.7127 37.2901 3.01
      vertex 36.3672 37.4621 8
      vertex 36.7127 37.2901 8
    endloop
  endfacet
  facet normal 0.445658 0.895203 0
    outer loop
      vertex 36.3672 37.4621 8
      vertex 36.7127 37.2901 3.01
      vertex 36.3672 37.4621 3.01
    endloop
  endfacet
  facet normal 0.932495 0.361183 0
    outer loop
      vertex 36.1073 37.7472 8
      vertex 35.9679 38.1071 3.01
      vertex 35.9679 38.1071 8
    endloop
  endfacet
  facet normal 0.932495 0.361183 0
    outer loop
      vertex 35.9679 38.1071 3.01
      vertex 36.1073 37.7472 8
      vertex 36.1073 37.7472 3.01
    endloop
  endfacet
  facet normal -0.97235 -0.233527 0
    outer loop
      vertex 34.6224 57.5275 3
      vertex 34.5308 57.9089 8
      vertex 34.5308 57.9089 3
    endloop
  endfacet
  facet normal -0.97235 -0.233527 0
    outer loop
      vertex 34.5308 57.9089 8
      vertex 34.6224 57.5275 3
      vertex 34.6224 57.5275 8
    endloop
  endfacet
  facet normal 0.97235 0.233527 0
    outer loop
      vertex 39.4692 58.6911 8
      vertex 39.3776 59.0725 3
      vertex 39.3776 59.0725 8
    endloop
  endfacet
  facet normal 0.97235 0.233527 0
    outer loop
      vertex 39.3776 59.0725 3
      vertex 39.4692 58.6911 8
      vertex 39.4692 58.6911 3
    endloop
  endfacet
  facet normal 0.996913 0.0785092 0
    outer loop
      vertex 39.5 58.3 8
      vertex 39.4692 58.6911 3
      vertex 39.4692 58.6911 8
    endloop
  endfacet
  facet normal 0.996913 0.0785092 0
    outer loop
      vertex 39.4692 58.6911 3
      vertex 39.5 58.3 8
      vertex 39.5 58.3 3
    endloop
  endfacet
  facet normal 0.923927 0.382569 0
    outer loop
      vertex 39.3776 59.0725 8
      vertex 39.2275 59.435 3
      vertex 39.2275 59.435 8
    endloop
  endfacet
  facet normal 0.923927 0.382569 0
    outer loop
      vertex 39.2275 59.435 3
      vertex 39.3776 59.0725 8
      vertex 39.3776 59.0725 3
    endloop
  endfacet
  facet normal 0.382569 -0.923927 0
    outer loop
      vertex 37.7725 55.9224 3
      vertex 38.135 56.0725 8
      vertex 37.7725 55.9224 8
    endloop
  endfacet
  facet normal 0.382569 -0.923927 0
    outer loop
      vertex 38.135 56.0725 8
      vertex 37.7725 55.9224 3
      vertex 38.135 56.0725 3
    endloop
  endfacet
  facet normal 0.85262 -0.522532 0
    outer loop
      vertex 39.0225 56.8305 8
      vertex 39.2275 57.165 3
      vertex 39.2275 57.165 8
    endloop
  endfacet
  facet normal 0.85262 -0.522532 0
    outer loop
      vertex 39.2275 57.165 3
      vertex 39.0225 56.8305 8
      vertex 39.0225 56.8305 3
    endloop
  endfacet
  facet normal -0.649342 0.760497 0
    outer loop
      vertex 35.5305 60.3225 3
      vertex 35.2322 60.0678 8
      vertex 35.5305 60.3225 8
    endloop
  endfacet
  facet normal -0.649342 0.760497 0
    outer loop
      vertex 35.2322 60.0678 8
      vertex 35.5305 60.3225 3
      vertex 35.2322 60.0678 3
    endloop
  endfacet
  facet normal -0.382569 0.923927 0
    outer loop
      vertex 36.2275 60.6776 3
      vertex 35.865 60.5275 8
      vertex 36.2275 60.6776 8
    endloop
  endfacet
  facet normal -0.382569 0.923927 0
    outer loop
      vertex 35.865 60.5275 8
      vertex 36.2275 60.6776 3
      vertex 35.865 60.5275 3
    endloop
  endfacet
  facet normal 0.760497 -0.649342 0
    outer loop
      vertex 38.7678 56.5322 8
      vertex 39.0225 56.8305 3
      vertex 39.0225 56.8305 8
    endloop
  endfacet
  facet normal 0.760497 -0.649342 0
    outer loop
      vertex 39.0225 56.8305 3
      vertex 38.7678 56.5322 8
      vertex 38.7678 56.5322 3
    endloop
  endfacet
  facet normal 0.996913 -0.0785092 0
    outer loop
      vertex 39.4692 57.9089 8
      vertex 39.5 58.3 3
      vertex 39.5 58.3 8
    endloop
  endfacet
  facet normal 0.996913 -0.0785092 0
    outer loop
      vertex 39.5 58.3 3
      vertex 39.4692 57.9089 8
      vertex 39.4692 57.9089 3
    endloop
  endfacet
  facet normal 0.923927 -0.382569 0
    outer loop
      vertex 39.2275 57.165 8
      vertex 39.3776 57.5275 3
      vertex 39.3776 57.5275 8
    endloop
  endfacet
  facet normal 0.923927 -0.382569 0
    outer loop
      vertex 39.3776 57.5275 3
      vertex 39.2275 57.165 8
      vertex 39.2275 57.165 3
    endloop
  endfacet
  facet normal -0.923927 -0.382569 0
    outer loop
      vertex 34.7725 57.165 3
      vertex 34.6224 57.5275 8
      vertex 34.6224 57.5275 3
    endloop
  endfacet
  facet normal -0.923927 -0.382569 0
    outer loop
      vertex 34.6224 57.5275 8
      vertex 34.7725 57.165 3
      vertex 34.7725 57.165 8
    endloop
  endfacet
  facet normal -0.996913 0.0785092 0
    outer loop
      vertex 34.5 58.3 3
      vertex 34.5308 58.6911 8
      vertex 34.5308 58.6911 3
    endloop
  endfacet
  facet normal -0.996913 0.0785092 0
    outer loop
      vertex 34.5308 58.6911 8
      vertex 34.5 58.3 3
      vertex 34.5 58.3 8
    endloop
  endfacet
  facet normal -0.97235 0.233527 0
    outer loop
      vertex 34.5308 58.6911 3
      vertex 34.6224 59.0725 8
      vertex 34.6224 59.0725 3
    endloop
  endfacet
  facet normal -0.97235 0.233527 0
    outer loop
      vertex 34.6224 59.0725 8
      vertex 34.5308 58.6911 3
      vertex 34.5308 58.6911 8
    endloop
  endfacet
  facet normal 0.233527 0.97235 -0
    outer loop
      vertex 37.7725 60.6776 3
      vertex 37.3911 60.7692 8
      vertex 37.7725 60.6776 8
    endloop
  endfacet
  facet normal 0.233527 0.97235 0
    outer loop
      vertex 37.3911 60.7692 8
      vertex 37.7725 60.6776 3
      vertex 37.3911 60.7692 3
    endloop
  endfacet
  facet normal -0.0785092 0.996913 0
    outer loop
      vertex 37 60.8 3
      vertex 36.6089 60.7692 8
      vertex 37 60.8 8
    endloop
  endfacet
  facet normal -0.0785092 0.996913 0
    outer loop
      vertex 36.6089 60.7692 8
      vertex 37 60.8 3
      vertex 36.6089 60.7692 3
    endloop
  endfacet
  facet normal -0.760497 -0.649342 0
    outer loop
      vertex 35.2322 56.5322 3
      vertex 34.9775 56.8305 8
      vertex 34.9775 56.8305 3
    endloop
  endfacet
  facet normal -0.760497 -0.649342 0
    outer loop
      vertex 34.9775 56.8305 8
      vertex 35.2322 56.5322 3
      vertex 35.2322 56.5322 8
    endloop
  endfacet
  facet normal -0.233527 -0.97235 0
    outer loop
      vertex 36.2275 55.9224 3
      vertex 36.6089 55.8308 8
      vertex 36.2275 55.9224 8
    endloop
  endfacet
  facet normal -0.233527 -0.97235 -0
    outer loop
      vertex 36.6089 55.8308 8
      vertex 36.2275 55.9224 3
      vertex 36.6089 55.8308 3
    endloop
  endfacet
  facet normal -0.649342 -0.760497 0
    outer loop
      vertex 35.2322 56.5322 3
      vertex 35.5305 56.2775 8
      vertex 35.2322 56.5322 8
    endloop
  endfacet
  facet normal -0.649342 -0.760497 -0
    outer loop
      vertex 35.5305 56.2775 8
      vertex 35.2322 56.5322 3
      vertex 35.5305 56.2775 3
    endloop
  endfacet
  facet normal 0.85262 0.522532 0
    outer loop
      vertex 39.2275 59.435 8
      vertex 39.0225 59.7695 3
      vertex 39.0225 59.7695 8
    endloop
  endfacet
  facet normal 0.85262 0.522532 0
    outer loop
      vertex 39.0225 59.7695 3
      vertex 39.2275 59.435 8
      vertex 39.2275 59.435 3
    endloop
  endfacet
  facet normal -0.923927 0.382569 0
    outer loop
      vertex 34.6224 59.0725 3
      vertex 34.7725 59.435 8
      vertex 34.7725 59.435 3
    endloop
  endfacet
  facet normal -0.923927 0.382569 0
    outer loop
      vertex 34.7725 59.435 8
      vertex 34.6224 59.0725 3
      vertex 34.6224 59.0725 8
    endloop
  endfacet
  facet normal -0.522532 0.85262 0
    outer loop
      vertex 35.865 60.5275 3
      vertex 35.5305 60.3225 8
      vertex 35.865 60.5275 8
    endloop
  endfacet
  facet normal -0.522532 0.85262 0
    outer loop
      vertex 35.5305 60.3225 8
      vertex 35.865 60.5275 3
      vertex 35.5305 60.3225 3
    endloop
  endfacet
  facet normal -0.0785092 -0.996913 0
    outer loop
      vertex 36.6089 55.8308 3
      vertex 37 55.8 8
      vertex 36.6089 55.8308 8
    endloop
  endfacet
  facet normal -0.0785092 -0.996913 -0
    outer loop
      vertex 37 55.8 8
      vertex 36.6089 55.8308 3
      vertex 37 55.8 3
    endloop
  endfacet
  facet normal 0.522532 0.85262 -0
    outer loop
      vertex 38.4695 60.3225 3
      vertex 38.135 60.5275 8
      vertex 38.4695 60.3225 8
    endloop
  endfacet
  facet normal 0.522532 0.85262 0
    outer loop
      vertex 38.135 60.5275 8
      vertex 38.4695 60.3225 3
      vertex 38.135 60.5275 3
    endloop
  endfacet
  facet normal 0.522532 -0.85262 0
    outer loop
      vertex 38.135 56.0725 3
      vertex 38.4695 56.2775 8
      vertex 38.135 56.0725 8
    endloop
  endfacet
  facet normal 0.522532 -0.85262 0
    outer loop
      vertex 38.4695 56.2775 8
      vertex 38.135 56.0725 3
      vertex 38.4695 56.2775 3
    endloop
  endfacet
  facet normal -0.760497 0.649342 0
    outer loop
      vertex 34.9775 59.7695 3
      vertex 35.2322 60.0678 8
      vertex 35.2322 60.0678 3
    endloop
  endfacet
  facet normal -0.760497 0.649342 0
    outer loop
      vertex 35.2322 60.0678 8
      vertex 34.9775 59.7695 3
      vertex 34.9775 59.7695 8
    endloop
  endfacet
  facet normal -0.233527 0.97235 0
    outer loop
      vertex 36.6089 60.7692 3
      vertex 36.2275 60.6776 8
      vertex 36.6089 60.7692 8
    endloop
  endfacet
  facet normal -0.233527 0.97235 0
    outer loop
      vertex 36.2275 60.6776 8
      vertex 36.6089 60.7692 3
      vertex 36.2275 60.6776 3
    endloop
  endfacet
  facet normal -0.522532 -0.85262 0
    outer loop
      vertex 35.5305 56.2775 3
      vertex 35.865 56.0725 8
      vertex 35.5305 56.2775 8
    endloop
  endfacet
  facet normal -0.522532 -0.85262 -0
    outer loop
      vertex 35.865 56.0725 8
      vertex 35.5305 56.2775 3
      vertex 35.865 56.0725 3
    endloop
  endfacet
  facet normal 0.760497 0.649342 0
    outer loop
      vertex 39.0225 59.7695 8
      vertex 38.7678 60.0678 3
      vertex 38.7678 60.0678 8
    endloop
  endfacet
  facet normal 0.760497 0.649342 0
    outer loop
      vertex 38.7678 60.0678 3
      vertex 39.0225 59.7695 8
      vertex 39.0225 59.7695 3
    endloop
  endfacet
  facet normal 0.649342 0.760497 -0
    outer loop
      vertex 38.7678 60.0678 3
      vertex 38.4695 60.3225 8
      vertex 38.7678 60.0678 8
    endloop
  endfacet
  facet normal 0.649342 0.760497 0
    outer loop
      vertex 38.4695 60.3225 8
      vertex 38.7678 60.0678 3
      vertex 38.4695 60.3225 3
    endloop
  endfacet
  facet normal 0 0 1
    outer loop
      vertex 38.05 58.3 8
      vertex 39.5 58.3 8
      vertex 39.4692 58.6911 8
    endloop
  endfacet
  facet normal 0 0 1
    outer loop
      vertex 37.9791 58.6793 8
      vertex 39.4692 58.6911 8
      vertex 39.3776 59.0725 8
    endloop
  endfacet
  facet normal 0 0 1
    outer loop
      vertex 39.5 58.3 8
      vertex 38.05 58.3 8
      vertex 39.4692 57.9089 8
    endloop
  endfacet
  facet normal 0 0 1
    outer loop
      vertex 37.9791 58.6793 8
      vertex 39.3776 59.0725 8
      vertex 39.2275 59.435 8
    endloop
  endfacet
  facet normal -0 0 1
    outer loop
      vertex 37.9791 57.9207 8
      vertex 39.4692 57.9089 8
      vertex 38.05 58.3 8
    endloop
  endfacet
  facet normal 0 0 1
    outer loop
      vertex 37.9791 58.6793 8
      vertex 39.2275 59.435 8
      vertex 39.0225 59.7695 8
    endloop
  endfacet
  facet normal 0 0 1
    outer loop
      vertex 39.4692 57.9089 8
      vertex 37.9791 57.9207 8
      vertex 39.3776 57.5275 8
    endloop
  endfacet
  facet normal 0 0 1
    outer loop
      vertex 37.776 59.0074 8
      vertex 39.0225 59.7695 8
      vertex 38.7678 60.0678 8
    endloop
  endfacet
  facet normal 0 0 1
    outer loop
      vertex 39.3776 57.5275 8
      vertex 37.9791 57.9207 8
      vertex 39.2275 57.165 8
    endloop
  endfacet
  facet normal 0 0 1
    outer loop
      vertex 37.776 59.0074 8
      vertex 38.7678 60.0678 8
      vertex 38.4695 60.3225 8
    endloop
  endfacet
  facet normal 0 0 1
    outer loop
      vertex 39.2275 57.165 8
      vertex 37.9791 57.9207 8
      vertex 39.0225 56.8305 8
    endloop
  endfacet
  facet normal 0 0 1
    outer loop
      vertex 37.468 59.2399 8
      vertex 38.4695 60.3225 8
      vertex 38.135 60.5275 8
    endloop
  endfacet
  facet normal -0 0 1
    outer loop
      vertex 37.776 57.5926 8
      vertex 39.0225 56.8305 8
      vertex 37.9791 57.9207 8
    endloop
  endfacet
  facet normal 0 0 1
    outer loop
      vertex 39.0225 56.8305 8
      vertex 37.776 57.5926 8
      vertex 38.7678 56.5322 8
    endloop
  endfacet
  facet normal 0 0 1
    outer loop
      vertex 39.4692 58.6911 8
      vertex 37.9791 58.6793 8
      vertex 38.05 58.3 8
    endloop
  endfacet
  facet normal 0 0 1
    outer loop
      vertex 39.0225 59.7695 8
      vertex 37.776 59.0074 8
      vertex 37.9791 58.6793 8
    endloop
  endfacet
  facet normal 0 0 1
    outer loop
      vertex 37.468 59.2399 8
      vertex 38.135 60.5275 8
      vertex 37.7725 60.6776 8
    endloop
  endfacet
  facet normal 0 0 1
    outer loop
      vertex 38.4695 60.3225 8
      vertex 37.468 59.2399 8
      vertex 37.776 59.0074 8
    endloop
  endfacet
  facet normal 0 0 1
    outer loop
      vertex 37.0969 59.3455 8
      vertex 37.7725 60.6776 8
      vertex 37.3911 60.7692 8
    endloop
  endfacet
  facet normal 0 0 1
    outer loop
      vertex 37.7725 60.6776 8
      vertex 37.0969 59.3455 8
      vertex 37.468 59.2399 8
    endloop
  endfacet
  facet normal 0 0 1
    outer loop
      vertex 37 60.8 8
      vertex 37.0969 59.3455 8
      vertex 37.3911 60.7692 8
    endloop
  endfacet
  facet normal -0 0 1
    outer loop
      vertex 36.6089 60.7692 8
      vertex 37.0969 59.3455 8
      vertex 37 60.8 8
    endloop
  endfacet
  facet normal 0 0 1
    outer loop
      vertex 37.0969 59.3455 8
      vertex 36.6089 60.7692 8
      vertex 36.7127 59.3099 8
    endloop
  endfacet
  facet normal -0 0 1
    outer loop
      vertex 36.2275 60.6776 8
      vertex 36.7127 59.3099 8
      vertex 36.6089 60.7692 8
    endloop
  endfacet
  facet normal -0 0 1
    outer loop
      vertex 35.865 60.5275 8
      vertex 36.7127 59.3099 8
      vertex 36.2275 60.6776 8
    endloop
  endfacet
  facet normal 0 0 1
    outer loop
      vertex 36.7127 59.3099 8
      vertex 35.865 60.5275 8
      vertex 36.3672 59.1379 8
    endloop
  endfacet
  facet normal -0 0 1
    outer loop
      vertex 35.5305 60.3225 8
      vertex 36.3672 59.1379 8
      vertex 35.865 60.5275 8
    endloop
  endfacet
  facet normal 0 0 1
    outer loop
      vertex 36.3672 59.1379 8
      vertex 35.2322 60.0678 8
      vertex 36.1073 58.8528 8
    endloop
  endfacet
  facet normal -0 0 1
    outer loop
      vertex 35.2322 60.0678 8
      vertex 36.3672 59.1379 8
      vertex 35.5305 60.3225 8
    endloop
  endfacet
  facet normal 0 0 1
    outer loop
      vertex 38.7678 56.5322 8
      vertex 37.776 57.5926 8
      vertex 38.4695 56.2775 8
    endloop
  endfacet
  facet normal -0 0 1
    outer loop
      vertex 37.468 57.3601 8
      vertex 38.4695 56.2775 8
      vertex 37.776 57.5926 8
    endloop
  endfacet
  facet normal 0 0 1
    outer loop
      vertex 38.4695 56.2775 8
      vertex 37.468 57.3601 8
      vertex 38.135 56.0725 8
    endloop
  endfacet
  facet normal 0 0 1
    outer loop
      vertex 38.135 56.0725 8
      vertex 37.468 57.3601 8
      vertex 37.7725 55.9224 8
    endloop
  endfacet
  facet normal -0 0 1
    outer loop
      vertex 37.0969 57.2545 8
      vertex 37.7725 55.9224 8
      vertex 37.468 57.3601 8
    endloop
  endfacet
  facet normal 0 0 1
    outer loop
      vertex 37.7725 55.9224 8
      vertex 37.0969 57.2545 8
      vertex 37.3911 55.8308 8
    endloop
  endfacet
  facet normal 0 0 1
    outer loop
      vertex 37.0969 57.2545 8
      vertex 37 55.8 8
      vertex 37.3911 55.8308 8
    endloop
  endfacet
  facet normal 0 0 1
    outer loop
      vertex 36.6089 55.8308 8
      vertex 37.0969 57.2545 8
      vertex 36.7127 57.2901 8
    endloop
  endfacet
  facet normal 0 0 1
    outer loop
      vertex 37.0969 57.2545 8
      vertex 36.6089 55.8308 8
      vertex 37 55.8 8
    endloop
  endfacet
  facet normal 0 0 1
    outer loop
      vertex 35.865 56.0725 8
      vertex 36.7127 57.2901 8
      vertex 36.3672 57.4621 8
    endloop
  endfacet
  facet normal 0 0 1
    outer loop
      vertex 36.7127 57.2901 8
      vertex 36.2275 55.9224 8
      vertex 36.6089 55.8308 8
    endloop
  endfacet
  facet normal 0 0 1
    outer loop
      vertex 35.2322 56.5322 8
      vertex 36.3672 57.4621 8
      vertex 36.1073 57.7472 8
    endloop
  endfacet
  facet normal 0 0 1
    outer loop
      vertex 34.6224 57.5275 8
      vertex 36.1073 57.7472 8
      vertex 35.9679 58.1071 8
    endloop
  endfacet
  facet normal 0 0 1
    outer loop
      vertex 36.7127 57.2901 8
      vertex 35.865 56.0725 8
      vertex 36.2275 55.9224 8
    endloop
  endfacet
  facet normal -0 0 1
    outer loop
      vertex 34.9775 59.7695 8
      vertex 36.1073 58.8528 8
      vertex 35.2322 60.0678 8
    endloop
  endfacet
  facet normal -0 0 1
    outer loop
      vertex 34.7725 59.435 8
      vertex 36.1073 58.8528 8
      vertex 34.9775 59.7695 8
    endloop
  endfacet
  facet normal 0 0 1
    outer loop
      vertex 36.3672 57.4621 8
      vertex 35.5305 56.2775 8
      vertex 35.865 56.0725 8
    endloop
  endfacet
  facet normal -0 0 1
    outer loop
      vertex 34.6224 59.0725 8
      vertex 36.1073 58.8528 8
      vertex 34.7725 59.435 8
    endloop
  endfacet
  facet normal 0 0 1
    outer loop
      vertex 36.3672 57.4621 8
      vertex 35.2322 56.5322 8
      vertex 35.5305 56.2775 8
    endloop
  endfacet
  facet normal 0 0 1
    outer loop
      vertex 36.1073 58.8528 8
      vertex 34.6224 59.0725 8
      vertex 35.9679 58.4929 8
    endloop
  endfacet
  facet normal 0 0 1
    outer loop
      vertex 36.1073 57.7472 8
      vertex 34.9775 56.8305 8
      vertex 35.2322 56.5322 8
    endloop
  endfacet
  facet normal -0 0 1
    outer loop
      vertex 34.5308 58.6911 8
      vertex 35.9679 58.4929 8
      vertex 34.6224 59.0725 8
    endloop
  endfacet
  facet normal 0 0 1
    outer loop
      vertex 36.1073 57.7472 8
      vertex 34.7725 57.165 8
      vertex 34.9775 56.8305 8
    endloop
  endfacet
  facet normal 0 0 1
    outer loop
      vertex 34.5 58.3 8
      vertex 35.9679 58.4929 8
      vertex 34.5308 58.6911 8
    endloop
  endfacet
  facet normal 0 0 1
    outer loop
      vertex 36.1073 57.7472 8
      vertex 34.6224 57.5275 8
      vertex 34.7725 57.165 8
    endloop
  endfacet
  facet normal 0 0 1
    outer loop
      vertex 35.9679 58.4929 8
      vertex 34.5 58.3 8
      vertex 35.9679 58.1071 8
    endloop
  endfacet
  facet normal 0 0 1
    outer loop
      vertex 35.9679 58.1071 8
      vertex 34.5308 57.9089 8
      vertex 34.6224 57.5275 8
    endloop
  endfacet
  facet normal 0 0 1
    outer loop
      vertex 35.9679 58.1071 8
      vertex 34.5 58.3 8
      vertex 34.5308 57.9089 8
    endloop
  endfacet
  facet normal 0.0785092 -0.996913 0
    outer loop
      vertex 37 55.8 3
      vertex 37.3911 55.8308 8
      vertex 37 55.8 8
    endloop
  endfacet
  facet normal 0.0785092 -0.996913 0
    outer loop
      vertex 37.3911 55.8308 8
      vertex 37 55.8 3
      vertex 37.3911 55.8308 3
    endloop
  endfacet
  facet normal -0.382569 -0.923927 0
    outer loop
      vertex 35.865 56.0725 3
      vertex 36.2275 55.9224 8
      vertex 35.865 56.0725 8
    endloop
  endfacet
  facet normal -0.382569 -0.923927 -0
    outer loop
      vertex 36.2275 55.9224 8
      vertex 35.865 56.0725 3
      vertex 36.2275 55.9224 3
    endloop
  endfacet
  facet normal -0.85262 -0.522532 0
    outer loop
      vertex 34.9775 56.8305 3
      vertex 34.7725 57.165 8
      vertex 34.7725 57.165 3
    endloop
  endfacet
  facet normal -0.85262 -0.522532 0
    outer loop
      vertex 34.7725 57.165 8
      vertex 34.9775 56.8305 3
      vertex 34.9775 56.8305 8
    endloop
  endfacet
  facet normal 0.233527 -0.97235 0
    outer loop
      vertex 37.3911 55.8308 3
      vertex 37.7725 55.9224 8
      vertex 37.3911 55.8308 8
    endloop
  endfacet
  facet normal 0.233527 -0.97235 0
    outer loop
      vertex 37.7725 55.9224 8
      vertex 37.3911 55.8308 3
      vertex 37.7725 55.9224 3
    endloop
  endfacet
  facet normal 0.649342 -0.760497 0
    outer loop
      vertex 38.4695 56.2775 3
      vertex 38.7678 56.5322 8
      vertex 38.4695 56.2775 8
    endloop
  endfacet
  facet normal 0.649342 -0.760497 0
    outer loop
      vertex 38.7678 56.5322 8
      vertex 38.4695 56.2775 3
      vertex 38.7678 56.5322 3
    endloop
  endfacet
  facet normal -0.996913 -0.0785092 0
    outer loop
      vertex 34.5308 57.9089 3
      vertex 34.5 58.3 8
      vertex 34.5 58.3 3
    endloop
  endfacet
  facet normal -0.996913 -0.0785092 0
    outer loop
      vertex 34.5 58.3 8
      vertex 34.5308 57.9089 3
      vertex 34.5308 57.9089 8
    endloop
  endfacet
  facet normal 0.97235 -0.233527 0
    outer loop
      vertex 39.3776 57.5275 8
      vertex 39.4692 57.9089 3
      vertex 39.4692 57.9089 8
    endloop
  endfacet
  facet normal 0.97235 -0.233527 0
    outer loop
      vertex 39.4692 57.9089 3
      vertex 39.3776 57.5275 8
      vertex 39.3776 57.5275 3
    endloop
  endfacet
  facet normal 0.382569 0.923927 -0
    outer loop
      vertex 38.135 60.5275 3
      vertex 37.7725 60.6776 8
      vertex 38.135 60.5275 8
    endloop
  endfacet
  facet normal 0.382569 0.923927 0
    outer loop
      vertex 37.7725 60.6776 8
      vertex 38.135 60.5275 3
      vertex 37.7725 60.6776 3
    endloop
  endfacet
  facet normal 0.0785092 0.996913 -0
    outer loop
      vertex 37.3911 60.7692 3
      vertex 37 60.8 8
      vertex 37.3911 60.7692 8
    endloop
  endfacet
  facet normal 0.0785092 0.996913 0
    outer loop
      vertex 37 60.8 8
      vertex 37.3911 60.7692 3
      vertex 37 60.8 3
    endloop
  endfacet
  facet normal -0.85262 0.522532 0
    outer loop
      vertex 34.7725 59.435 3
      vertex 34.9775 59.7695 8
      vertex 34.9775 59.7695 3
    endloop
  endfacet
  facet normal -0.85262 0.522532 0
    outer loop
      vertex 34.9775 59.7695 8
      vertex 34.7725 59.435 3
      vertex 34.7725 59.435 8
    endloop
  endfacet
  facet normal -0.850276 0.526337 0
    outer loop
      vertex 37.776 57.5926 3.01
      vertex 37.9791 57.9207 8
      vertex 37.9791 57.9207 3.01
    endloop
  endfacet
  facet normal -0.850276 0.526337 0
    outer loop
      vertex 37.9791 57.9207 8
      vertex 37.776 57.5926 3.01
      vertex 37.776 57.5926 8
    endloop
  endfacet
  facet normal -0.850276 -0.526337 0
    outer loop
      vertex 37.9791 58.6793 3.01
      vertex 37.776 59.0074 8
      vertex 37.776 59.0074 3.01
    endloop
  endfacet
  facet normal -0.850276 -0.526337 0
    outer loop
      vertex 37.776 59.0074 8
      vertex 37.9791 58.6793 3.01
      vertex 37.9791 58.6793 8
    endloop
  endfacet
  facet normal -0.982975 -0.183741 0
    outer loop
      vertex 38.05 58.3 3.01
      vertex 37.9791 58.6793 8
      vertex 37.9791 58.6793 3.01
    endloop
  endfacet
  facet normal -0.982975 -0.183741 0
    outer loop
      vertex 37.9791 58.6793 8
      vertex 38.05 58.3 3.01
      vertex 38.05 58.3 8
    endloop
  endfacet
  facet normal -0.602485 -0.79813 0
    outer loop
      vertex 37.468 59.2399 3.01
      vertex 37.776 59.0074 8
      vertex 37.468 59.2399 8
    endloop
  endfacet
  facet normal -0.602485 -0.79813 -0
    outer loop
      vertex 37.776 59.0074 8
      vertex 37.468 59.2399 3.01
      vertex 37.776 59.0074 3.01
    endloop
  endfacet
  facet normal 0.0922648 0.995735 -0
    outer loop
      vertex 37.0969 57.2545 3.01
      vertex 36.7127 57.2901 8
      vertex 37.0969 57.2545 8
    endloop
  endfacet
  facet normal 0.0922648 0.995735 0
    outer loop
      vertex 36.7127 57.2901 8
      vertex 37.0969 57.2545 3.01
      vertex 36.7127 57.2901 3.01
    endloop
  endfacet
  facet normal 0.739013 -0.673691 0
    outer loop
      vertex 36.1073 58.8528 8
      vertex 36.3672 59.1379 3.01
      vertex 36.3672 59.1379 8
    endloop
  endfacet
  facet normal 0.739013 -0.673691 0
    outer loop
      vertex 36.3672 59.1379 3.01
      vertex 36.1073 58.8528 8
      vertex 36.1073 58.8528 3.01
    endloop
  endfacet
  facet normal 0.0922648 -0.995735 0
    outer loop
      vertex 36.7127 59.3099 3.01
      vertex 37.0969 59.3455 8
      vertex 36.7127 59.3099 8
    endloop
  endfacet
  facet normal 0.0922648 -0.995735 0
    outer loop
      vertex 37.0969 59.3455 8
      vertex 36.7127 59.3099 3.01
      vertex 37.0969 59.3455 3.01
    endloop
  endfacet
  facet normal -0.273694 -0.961817 0
    outer loop
      vertex 37.0969 59.3455 3.01
      vertex 37.468 59.2399 8
      vertex 37.0969 59.3455 8
    endloop
  endfacet
  facet normal -0.273694 -0.961817 -0
    outer loop
      vertex 37.468 59.2399 8
      vertex 37.0969 59.3455 3.01
      vertex 37.468 59.2399 3.01
    endloop
  endfacet
  facet normal -0.602485 0.79813 0
    outer loop
      vertex 37.776 57.5926 3.01
      vertex 37.468 57.3601 8
      vertex 37.776 57.5926 8
    endloop
  endfacet
  facet normal -0.602485 0.79813 0
    outer loop
      vertex 37.468 57.3601 8
      vertex 37.776 57.5926 3.01
      vertex 37.468 57.3601 3.01
    endloop
  endfacet
  facet normal -0.982975 0.183741 0
    outer loop
      vertex 37.9791 57.9207 3.01
      vertex 38.05 58.3 8
      vertex 38.05 58.3 3.01
    endloop
  endfacet
  facet normal -0.982975 0.183741 0
    outer loop
      vertex 38.05 58.3 8
      vertex 37.9791 57.9207 3.01
      vertex 37.9791 57.9207 8
    endloop
  endfacet
  facet normal 0 0 1
    outer loop
      vertex 37.9791 58.6793 3.01
      vertex 37.9791 57.9207 3.01
      vertex 38.05 58.3 3.01
    endloop
  endfacet
  facet normal 0 0 1
    outer loop
      vertex 37.776 59.0074 3.01
      vertex 37.9791 57.9207 3.01
      vertex 37.9791 58.6793 3.01
    endloop
  endfacet
  facet normal 0 0 1
    outer loop
      vertex 37.776 59.0074 3.01
      vertex 37.776 57.5926 3.01
      vertex 37.9791 57.9207 3.01
    endloop
  endfacet
  facet normal 0 0 1
    outer loop
      vertex 37.468 59.2399 3.01
      vertex 37.776 57.5926 3.01
      vertex 37.776 59.0074 3.01
    endloop
  endfacet
  facet normal 0 0 1
    outer loop
      vertex 37.468 59.2399 3.01
      vertex 37.468 57.3601 3.01
      vertex 37.776 57.5926 3.01
    endloop
  endfacet
  facet normal 0 0 1
    outer loop
      vertex 37.0969 59.3455 3.01
      vertex 37.468 57.3601 3.01
      vertex 37.468 59.2399 3.01
    endloop
  endfacet
  facet normal 0 0 1
    outer loop
      vertex 37.0969 59.3455 3.01
      vertex 37.0969 57.2545 3.01
      vertex 37.468 57.3601 3.01
    endloop
  endfacet
  facet normal -0 0 1
    outer loop
      vertex 36.7127 59.3099 3.01
      vertex 37.0969 57.2545 3.01
      vertex 37.0969 59.3455 3.01
    endloop
  endfacet
  facet normal 0 0 1
    outer loop
      vertex 36.7127 59.3099 3.01
      vertex 36.7127 57.2901 3.01
      vertex 37.0969 57.2545 3.01
    endloop
  endfacet
  facet normal -0 0 1
    outer loop
      vertex 36.3672 59.1379 3.01
      vertex 36.7127 57.2901 3.01
      vertex 36.7127 59.3099 3.01
    endloop
  endfacet
  facet normal 0 0 1
    outer loop
      vertex 36.3672 59.1379 3.01
      vertex 36.3672 57.4621 3.01
      vertex 36.7127 57.2901 3.01
    endloop
  endfacet
  facet normal -0 0 1
    outer loop
      vertex 36.1073 58.8528 3.01
      vertex 36.3672 57.4621 3.01
      vertex 36.3672 59.1379 3.01
    endloop
  endfacet
  facet normal 0 0 1
    outer loop
      vertex 36.1073 58.8528 3.01
      vertex 36.1073 57.7472 3.01
      vertex 36.3672 57.4621 3.01
    endloop
  endfacet
  facet normal -0 0 1
    outer loop
      vertex 35.9679 58.4929 3.01
      vertex 36.1073 57.7472 3.01
      vertex 36.1073 58.8528 3.01
    endloop
  endfacet
  facet normal 0 0 1
    outer loop
      vertex 36.1073 57.7472 3.01
      vertex 35.9679 58.4929 3.01
      vertex 35.9679 58.1071 3.01
    endloop
  endfacet
  facet normal 0.932495 -0.361183 0
    outer loop
      vertex 35.9679 58.4929 8
      vertex 36.1073 58.8528 3.01
      vertex 36.1073 58.8528 8
    endloop
  endfacet
  facet normal 0.932495 -0.361183 0
    outer loop
      vertex 36.1073 58.8528 3.01
      vertex 35.9679 58.4929 8
      vertex 35.9679 58.4929 3.01
    endloop
  endfacet
  facet normal -0.273694 0.961817 0
    outer loop
      vertex 37.468 57.3601 3.01
      vertex 37.0969 57.2545 8
      vertex 37.468 57.3601 8
    endloop
  endfacet
  facet normal -0.273694 0.961817 0
    outer loop
      vertex 37.0969 57.2545 8
      vertex 37.468 57.3601 3.01
      vertex 37.0969 57.2545 3.01
    endloop
  endfacet
  facet normal 1 -0 0
    outer loop
      vertex 35.9679 58.1071 8
      vertex 35.9679 58.4929 3.01
      vertex 35.9679 58.4929 8
    endloop
  endfacet
  facet normal 1 0 0
    outer loop
      vertex 35.9679 58.4929 3.01
      vertex 35.9679 58.1071 8
      vertex 35.9679 58.1071 3.01
    endloop
  endfacet
  facet normal 0.445658 -0.895203 0
    outer loop
      vertex 36.3672 59.1379 3.01
      vertex 36.7127 59.3099 8
      vertex 36.3672 59.1379 8
    endloop
  endfacet
  facet normal 0.445658 -0.895203 0
    outer loop
      vertex 36.7127 59.3099 8
      vertex 36.3672 59.1379 3.01
      vertex 36.7127 59.3099 3.01
    endloop
  endfacet
  facet normal 0.739013 0.673691 0
    outer loop
      vertex 36.3672 57.4621 8
      vertex 36.1073 57.7472 3.01
      vertex 36.1073 57.7472 8
    endloop
  endfacet
  facet normal 0.739013 0.673691 0
    outer loop
      vertex 36.1073 57.7472 3.01
      vertex 36.3672 57.4621 8
      vertex 36.3672 57.4621 3.01
    endloop
  endfacet
  facet normal 0.445658 0.895203 -0
    outer loop
      vertex 36.7127 57.2901 3.01
      vertex 36.3672 57.4621 8
      vertex 36.7127 57.2901 8
    endloop
  endfacet
  facet normal 0.445658 0.895203 0
    outer loop
      vertex 36.3672 57.4621 8
      vertex 36.7127 57.2901 3.01
      vertex 36.3672 57.4621 3.01
    endloop
  endfacet
  facet normal 0.932495 0.361183 0
    outer loop
      vertex 36.1073 57.7472 8
      vertex 35.9679 58.1071 3.01
      vertex 35.9679 58.1071 8
    endloop
  endfacet
  facet normal 0.932495 0.361183 0
    outer loop
      vertex 35.9679 58.1071 3.01
      vertex 36.1073 57.7472 8
      vertex 36.1073 57.7472 3.01
    endloop
  endfacet
  facet normal -0.97235 -0.233527 0
    outer loop
      vertex 44.1224 57.8275 3
      vertex 44.0308 58.2089 8
      vertex 44.0308 58.2089 3
    endloop
  endfacet
  facet normal -0.97235 -0.233527 0
    outer loop
      vertex 44.0308 58.2089 8
      vertex 44.1224 57.8275 3
      vertex 44.1224 57.8275 8
    endloop
  endfacet
  facet normal 0.97235 0.233527 0
    outer loop
      vertex 48.9692 58.9911 8
      vertex 48.8776 59.3725 3
      vertex 48.8776 59.3725 8
    endloop
  endfacet
  facet normal 0.97235 0.233527 0
    outer loop
      vertex 48.8776 59.3725 3
      vertex 48.9692 58.9911 8
      vertex 48.9692 58.9911 3
    endloop
  endfacet
  facet normal 0.996913 0.0785092 0
    outer loop
      vertex 49 58.6 8
      vertex 48.9692 58.9911 3
      vertex 48.9692 58.9911 8
    endloop
  endfacet
  facet normal 0.996913 0.0785092 0
    outer loop
      vertex 48.9692 58.9911 3
      vertex 49 58.6 8
      vertex 49 58.6 3
    endloop
  endfacet
  facet normal 0.923927 0.382569 0
    outer loop
      vertex 48.8776 59.3725 8
      vertex 48.7275 59.735 3
      vertex 48.7275 59.735 8
    endloop
  endfacet
  facet normal 0.923927 0.382569 0
    outer loop
      vertex 48.7275 59.735 3
      vertex 48.8776 59.3725 8
      vertex 48.8776 59.3725 3
    endloop
  endfacet
  facet normal 0.382569 -0.923927 0
    outer loop
      vertex 47.2725 56.2224 3
      vertex 47.635 56.3725 8
      vertex 47.2725 56.2224 8
    endloop
  endfacet
  facet normal 0.382569 -0.923927 0
    outer loop
      vertex 47.635 56.3725 8
      vertex 47.2725 56.2224 3
      vertex 47.635 56.3725 3
    endloop
  endfacet
  facet normal 0.85262 -0.522532 0
    outer loop
      vertex 48.5225 57.1305 8
      vertex 48.7275 57.465 3
      vertex 48.7275 57.465 8
    endloop
  endfacet
  facet normal 0.85262 -0.522532 0
    outer loop
      vertex 48.7275 57.465 3
      vertex 48.5225 57.1305 8
      vertex 48.5225 57.1305 3
    endloop
  endfacet
  facet normal -0.649342 0.760497 0
    outer loop
      vertex 45.0305 60.6225 3
      vertex 44.7322 60.3678 8
      vertex 45.0305 60.6225 8
    endloop
  endfacet
  facet normal -0.649342 0.760497 0
    outer loop
      vertex 44.7322 60.3678 8
      vertex 45.0305 60.6225 3
      vertex 44.7322 60.3678 3
    endloop
  endfacet
  facet normal -0.382569 0.923927 0
    outer loop
      vertex 45.7275 60.9776 3
      vertex 45.365 60.8275 8
      vertex 45.7275 60.9776 8
    endloop
  endfacet
  facet normal -0.382569 0.923927 0
    outer loop
      vertex 45.365 60.8275 8
      vertex 45.7275 60.9776 3
      vertex 45.365 60.8275 3
    endloop
  endfacet
  facet normal 0.760497 -0.649342 0
    outer loop
      vertex 48.2678 56.8322 8
      vertex 48.5225 57.1305 3
      vertex 48.5225 57.1305 8
    endloop
  endfacet
  facet normal 0.760497 -0.649342 0
    outer loop
      vertex 48.5225 57.1305 3
      vertex 48.2678 56.8322 8
      vertex 48.2678 56.8322 3
    endloop
  endfacet
  facet normal 0.996913 -0.0785092 0
    outer loop
      vertex 48.9692 58.2089 8
      vertex 49 58.6 3
      vertex 49 58.6 8
    endloop
  endfacet
  facet normal 0.996913 -0.0785092 0
    outer loop
      vertex 49 58.6 3
      vertex 48.9692 58.2089 8
      vertex 48.9692 58.2089 3
    endloop
  endfacet
  facet normal 0.923927 -0.382569 0
    outer loop
      vertex 48.7275 57.465 8
      vertex 48.8776 57.8275 3
      vertex 48.8776 57.8275 8
    endloop
  endfacet
  facet normal 0.923927 -0.382569 0
    outer loop
      vertex 48.8776 57.8275 3
      vertex 48.7275 57.465 8
      vertex 48.7275 57.465 3
    endloop
  endfacet
  facet normal -0.923927 -0.382569 0
    outer loop
      vertex 44.2725 57.465 3
      vertex 44.1224 57.8275 8
      vertex 44.1224 57.8275 3
    endloop
  endfacet
  facet normal -0.923927 -0.382569 0
    outer loop
      vertex 44.1224 57.8275 8
      vertex 44.2725 57.465 3
      vertex 44.2725 57.465 8
    endloop
  endfacet
  facet normal -0.996913 0.0785092 0
    outer loop
      vertex 44 58.6 3
      vertex 44.0308 58.9911 8
      vertex 44.0308 58.9911 3
    endloop
  endfacet
  facet normal -0.996913 0.0785092 0
    outer loop
      vertex 44.0308 58.9911 8
      vertex 44 58.6 3
      vertex 44 58.6 8
    endloop
  endfacet
  facet normal -0.97235 0.233527 0
    outer loop
      vertex 44.0308 58.9911 3
      vertex 44.1224 59.3725 8
      vertex 44.1224 59.3725 3
    endloop
  endfacet
  facet normal -0.97235 0.233527 0
    outer loop
      vertex 44.1224 59.3725 8
      vertex 44.0308 58.9911 3
      vertex 44.0308 58.9911 8
    endloop
  endfacet
  facet normal 0.233527 0.97235 -0
    outer loop
      vertex 47.2725 60.9776 3
      vertex 46.8911 61.0692 8
      vertex 47.2725 60.9776 8
    endloop
  endfacet
  facet normal 0.233527 0.97235 0
    outer loop
      vertex 46.8911 61.0692 8
      vertex 47.2725 60.9776 3
      vertex 46.8911 61.0692 3
    endloop
  endfacet
  facet normal -0.0785092 0.996913 0
    outer loop
      vertex 46.5 61.1 3
      vertex 46.1089 61.0692 8
      vertex 46.5 61.1 8
    endloop
  endfacet
  facet normal -0.0785092 0.996913 0
    outer loop
      vertex 46.1089 61.0692 8
      vertex 46.5 61.1 3
      vertex 46.1089 61.0692 3
    endloop
  endfacet
  facet normal -0.760497 -0.649342 0
    outer loop
      vertex 44.7322 56.8322 3
      vertex 44.4775 57.1305 8
      vertex 44.4775 57.1305 3
    endloop
  endfacet
  facet normal -0.760497 -0.649342 0
    outer loop
      vertex 44.4775 57.1305 8
      vertex 44.7322 56.8322 3
      vertex 44.7322 56.8322 8
    endloop
  endfacet
  facet normal -0.233527 -0.97235 0
    outer loop
      vertex 45.7275 56.2224 3
      vertex 46.1089 56.1308 8
      vertex 45.7275 56.2224 8
    endloop
  endfacet
  facet normal -0.233527 -0.97235 -0
    outer loop
      vertex 46.1089 56.1308 8
      vertex 45.7275 56.2224 3
      vertex 46.1089 56.1308 3
    endloop
  endfacet
  facet normal -0.649342 -0.760497 0
    outer loop
      vertex 44.7322 56.8322 3
      vertex 45.0305 56.5775 8
      vertex 44.7322 56.8322 8
    endloop
  endfacet
  facet normal -0.649342 -0.760497 -0
    outer loop
      vertex 45.0305 56.5775 8
      vertex 44.7322 56.8322 3
      vertex 45.0305 56.5775 3
    endloop
  endfacet
  facet normal 0.85262 0.522532 0
    outer loop
      vertex 48.7275 59.735 8
      vertex 48.5225 60.0695 3
      vertex 48.5225 60.0695 8
    endloop
  endfacet
  facet normal 0.85262 0.522532 0
    outer loop
      vertex 48.5225 60.0695 3
      vertex 48.7275 59.735 8
      vertex 48.7275 59.735 3
    endloop
  endfacet
  facet normal -0.923927 0.382569 0
    outer loop
      vertex 44.1224 59.3725 3
      vertex 44.2725 59.735 8
      vertex 44.2725 59.735 3
    endloop
  endfacet
  facet normal -0.923927 0.382569 0
    outer loop
      vertex 44.2725 59.735 8
      vertex 44.1224 59.3725 3
      vertex 44.1224 59.3725 8
    endloop
  endfacet
  facet normal -0.522532 0.85262 0
    outer loop
      vertex 45.365 60.8275 3
      vertex 45.0305 60.6225 8
      vertex 45.365 60.8275 8
    endloop
  endfacet
  facet normal -0.522532 0.85262 0
    outer loop
      vertex 45.0305 60.6225 8
      vertex 45.365 60.8275 3
      vertex 45.0305 60.6225 3
    endloop
  endfacet
  facet normal -0.0785092 -0.996913 0
    outer loop
      vertex 46.1089 56.1308 3
      vertex 46.5 56.1 8
      vertex 46.1089 56.1308 8
    endloop
  endfacet
  facet normal -0.0785092 -0.996913 -0
    outer loop
      vertex 46.5 56.1 8
      vertex 46.1089 56.1308 3
      vertex 46.5 56.1 3
    endloop
  endfacet
  facet normal 0.522532 0.85262 -0
    outer loop
      vertex 47.9695 60.6225 3
      vertex 47.635 60.8275 8
      vertex 47.9695 60.6225 8
    endloop
  endfacet
  facet normal 0.522532 0.85262 0
    outer loop
      vertex 47.635 60.8275 8
      vertex 47.9695 60.6225 3
      vertex 47.635 60.8275 3
    endloop
  endfacet
  facet normal 0.522532 -0.85262 0
    outer loop
      vertex 47.635 56.3725 3
      vertex 47.9695 56.5775 8
      vertex 47.635 56.3725 8
    endloop
  endfacet
  facet normal 0.522532 -0.85262 0
    outer loop
      vertex 47.9695 56.5775 8
      vertex 47.635 56.3725 3
      vertex 47.9695 56.5775 3
    endloop
  endfacet
  facet normal -0.760497 0.649342 0
    outer loop
      vertex 44.4775 60.0695 3
      vertex 44.7322 60.3678 8
      vertex 44.7322 60.3678 3
    endloop
  endfacet
  facet normal -0.760497 0.649342 0
    outer loop
      vertex 44.7322 60.3678 8
      vertex 44.4775 60.0695 3
      vertex 44.4775 60.0695 8
    endloop
  endfacet
  facet normal -0.233527 0.97235 0
    outer loop
      vertex 46.1089 61.0692 3
      vertex 45.7275 60.9776 8
      vertex 46.1089 61.0692 8
    endloop
  endfacet
  facet normal -0.233527 0.97235 0
    outer loop
      vertex 45.7275 60.9776 8
      vertex 46.1089 61.0692 3
      vertex 45.7275 60.9776 3
    endloop
  endfacet
  facet normal -0.522532 -0.85262 0
    outer loop
      vertex 45.0305 56.5775 3
      vertex 45.365 56.3725 8
      vertex 45.0305 56.5775 8
    endloop
  endfacet
  facet normal -0.522532 -0.85262 -0
    outer loop
      vertex 45.365 56.3725 8
      vertex 45.0305 56.5775 3
      vertex 45.365 56.3725 3
    endloop
  endfacet
  facet normal 0.760497 0.649342 0
    outer loop
      vertex 48.5225 60.0695 8
      vertex 48.2678 60.3678 3
      vertex 48.2678 60.3678 8
    endloop
  endfacet
  facet normal 0.760497 0.649342 0
    outer loop
      vertex 48.2678 60.3678 3
      vertex 48.5225 60.0695 8
      vertex 48.5225 60.0695 3
    endloop
  endfacet
  facet normal 0.649342 0.760497 -0
    outer loop
      vertex 48.2678 60.3678 3
      vertex 47.9695 60.6225 8
      vertex 48.2678 60.3678 8
    endloop
  endfacet
  facet normal 0.649342 0.760497 0
    outer loop
      vertex 47.9695 60.6225 8
      vertex 48.2678 60.3678 3
      vertex 47.9695 60.6225 3
    endloop
  endfacet
  facet normal 0 0 1
    outer loop
      vertex 47.55 58.6 8
      vertex 49 58.6 8
      vertex 48.9692 58.9911 8
    endloop
  endfacet
  facet normal 0 0 1
    outer loop
      vertex 47.4791 58.9793 8
      vertex 48.9692 58.9911 8
      vertex 48.8776 59.3725 8
    endloop
  endfacet
  facet normal 0 0 1
    outer loop
      vertex 49 58.6 8
      vertex 47.55 58.6 8
      vertex 48.9692 58.2089 8
    endloop
  endfacet
  facet normal 0 0 1
    outer loop
      vertex 47.4791 58.9793 8
      vertex 48.8776 59.3725 8
      vertex 48.7275 59.735 8
    endloop
  endfacet
  facet normal -0 0 1
    outer loop
      vertex 47.4791 58.2207 8
      vertex 48.9692 58.2089 8
      vertex 47.55 58.6 8
    endloop
  endfacet
  facet normal 0 0 1
    outer loop
      vertex 47.4791 58.9793 8
      vertex 48.7275 59.735 8
      vertex 48.5225 60.0695 8
    endloop
  endfacet
  facet normal 0 0 1
    outer loop
      vertex 48.9692 58.2089 8
      vertex 47.4791 58.2207 8
      vertex 48.8776 57.8275 8
    endloop
  endfacet
  facet normal 0 0 1
    outer loop
      vertex 47.276 59.3074 8
      vertex 48.5225 60.0695 8
      vertex 48.2678 60.3678 8
    endloop
  endfacet
  facet normal 0 0 1
    outer loop
      vertex 48.8776 57.8275 8
      vertex 47.4791 58.2207 8
      vertex 48.7275 57.465 8
    endloop
  endfacet
  facet normal 0 0 1
    outer loop
      vertex 47.276 59.3074 8
      vertex 48.2678 60.3678 8
      vertex 47.9695 60.6225 8
    endloop
  endfacet
  facet normal 0 0 1
    outer loop
      vertex 48.7275 57.465 8
      vertex 47.4791 58.2207 8
      vertex 48.5225 57.1305 8
    endloop
  endfacet
  facet normal 0 0 1
    outer loop
      vertex 46.968 59.5399 8
      vertex 47.9695 60.6225 8
      vertex 47.635 60.8275 8
    endloop
  endfacet
  facet normal -0 0 1
    outer loop
      vertex 47.276 57.8926 8
      vertex 48.5225 57.1305 8
      vertex 47.4791 58.2207 8
    endloop
  endfacet
  facet normal 0 0 1
    outer loop
      vertex 48.5225 57.1305 8
      vertex 47.276 57.8926 8
      vertex 48.2678 56.8322 8
    endloop
  endfacet
  facet normal 0 0 1
    outer loop
      vertex 48.9692 58.9911 8
      vertex 47.4791 58.9793 8
      vertex 47.55 58.6 8
    endloop
  endfacet
  facet normal 0 0 1
    outer loop
      vertex 48.5225 60.0695 8
      vertex 47.276 59.3074 8
      vertex 47.4791 58.9793 8
    endloop
  endfacet
  facet normal 0 0 1
    outer loop
      vertex 46.968 59.5399 8
      vertex 47.635 60.8275 8
      vertex 47.2725 60.9776 8
    endloop
  endfacet
  facet normal 0 0 1
    outer loop
      vertex 47.9695 60.6225 8
      vertex 46.968 59.5399 8
      vertex 47.276 59.3074 8
    endloop
  endfacet
  facet normal 0 0 1
    outer loop
      vertex 46.5969 59.6455 8
      vertex 47.2725 60.9776 8
      vertex 46.8911 61.0692 8
    endloop
  endfacet
  facet normal 0 0 1
    outer loop
      vertex 47.2725 60.9776 8
      vertex 46.5969 59.6455 8
      vertex 46.968 59.5399 8
    endloop
  endfacet
  facet normal 0 0 1
    outer loop
      vertex 46.5 61.1 8
      vertex 46.5969 59.6455 8
      vertex 46.8911 61.0692 8
    endloop
  endfacet
  facet normal -0 0 1
    outer loop
      vertex 46.1089 61.0692 8
      vertex 46.5969 59.6455 8
      vertex 46.5 61.1 8
    endloop
  endfacet
  facet normal 0 0 1
    outer loop
      vertex 46.5969 59.6455 8
      vertex 46.1089 61.0692 8
      vertex 46.2127 59.6099 8
    endloop
  endfacet
  facet normal -0 0 1
    outer loop
      vertex 45.7275 60.9776 8
      vertex 46.2127 59.6099 8
      vertex 46.1089 61.0692 8
    endloop
  endfacet
  facet normal -0 0 1
    outer loop
      vertex 45.365 60.8275 8
      vertex 46.2127 59.6099 8
      vertex 45.7275 60.9776 8
    endloop
  endfacet
  facet normal 0 0 1
    outer loop
      vertex 46.2127 59.6099 8
      vertex 45.365 60.8275 8
      vertex 45.8672 59.4379 8
    endloop
  endfacet
  facet normal -0 0 1
    outer loop
      vertex 45.0305 60.6225 8
      vertex 45.8672 59.4379 8
      vertex 45.365 60.8275 8
    endloop
  endfacet
  facet normal 0 0 1
    outer loop
      vertex 45.8672 59.4379 8
      vertex 44.7322 60.3678 8
      vertex 45.6073 59.1528 8
    endloop
  endfacet
  facet normal -0 0 1
    outer loop
      vertex 44.7322 60.3678 8
      vertex 45.8672 59.4379 8
      vertex 45.0305 60.6225 8
    endloop
  endfacet
  facet normal 0 0 1
    outer loop
      vertex 48.2678 56.8322 8
      vertex 47.276 57.8926 8
      vertex 47.9695 56.5775 8
    endloop
  endfacet
  facet normal -0 0 1
    outer loop
      vertex 46.968 57.6601 8
      vertex 47.9695 56.5775 8
      vertex 47.276 57.8926 8
    endloop
  endfacet
  facet normal 0 0 1
    outer loop
      vertex 47.9695 56.5775 8
      vertex 46.968 57.6601 8
      vertex 47.635 56.3725 8
    endloop
  endfacet
  facet normal 0 0 1
    outer loop
      vertex 47.635 56.3725 8
      vertex 46.968 57.6601 8
      vertex 47.2725 56.2224 8
    endloop
  endfacet
  facet normal -0 0 1
    outer loop
      vertex 46.5969 57.5545 8
      vertex 47.2725 56.2224 8
      vertex 46.968 57.6601 8
    endloop
  endfacet
  facet normal 0 0 1
    outer loop
      vertex 47.2725 56.2224 8
      vertex 46.5969 57.5545 8
      vertex 46.8911 56.1308 8
    endloop
  endfacet
  facet normal 0 0 1
    outer loop
      vertex 46.5969 57.5545 8
      vertex 46.5 56.1 8
      vertex 46.8911 56.1308 8
    endloop
  endfacet
  facet normal 0 0 1
    outer loop
      vertex 46.1089 56.1308 8
      vertex 46.5969 57.5545 8
      vertex 46.2127 57.5901 8
    endloop
  endfacet
  facet normal 0 0 1
    outer loop
      vertex 46.5969 57.5545 8
      vertex 46.1089 56.1308 8
      vertex 46.5 56.1 8
    endloop
  endfacet
  facet normal 0 0 1
    outer loop
      vertex 45.365 56.3725 8
      vertex 46.2127 57.5901 8
      vertex 45.8672 57.7621 8
    endloop
  endfacet
  facet normal 0 0 1
    outer loop
      vertex 46.2127 57.5901 8
      vertex 45.7275 56.2224 8
      vertex 46.1089 56.1308 8
    endloop
  endfacet
  facet normal 0 0 1
    outer loop
      vertex 44.7322 56.8322 8
      vertex 45.8672 57.7621 8
      vertex 45.6073 58.0472 8
    endloop
  endfacet
  facet normal 0 0 1
    outer loop
      vertex 44.1224 57.8275 8
      vertex 45.6073 58.0472 8
      vertex 45.4679 58.4071 8
    endloop
  endfacet
  facet normal 0 0 1
    outer loop
      vertex 46.2127 57.5901 8
      vertex 45.365 56.3725 8
      vertex 45.7275 56.2224 8
    endloop
  endfacet
  facet normal -0 0 1
    outer loop
      vertex 44.4775 60.0695 8
      vertex 45.6073 59.1528 8
      vertex 44.7322 60.3678 8
    endloop
  endfacet
  facet normal -0 0 1
    outer loop
      vertex 44.2725 59.735 8
      vertex 45.6073 59.1528 8
      vertex 44.4775 60.0695 8
    endloop
  endfacet
  facet normal 0 0 1
    outer loop
      vertex 45.8672 57.7621 8
      vertex 45.0305 56.5775 8
      vertex 45.365 56.3725 8
    endloop
  endfacet
  facet normal -0 0 1
    outer loop
      vertex 44.1224 59.3725 8
      vertex 45.6073 59.1528 8
      vertex 44.2725 59.735 8
    endloop
  endfacet
  facet normal 0 0 1
    outer loop
      vertex 45.8672 57.7621 8
      vertex 44.7322 56.8322 8
      vertex 45.0305 56.5775 8
    endloop
  endfacet
  facet normal 0 0 1
    outer loop
      vertex 45.6073 59.1528 8
      vertex 44.1224 59.3725 8
      vertex 45.4679 58.7929 8
    endloop
  endfacet
  facet normal 0 0 1
    outer loop
      vertex 45.6073 58.0472 8
      vertex 44.4775 57.1305 8
      vertex 44.7322 56.8322 8
    endloop
  endfacet
  facet normal -0 0 1
    outer loop
      vertex 44.0308 58.9911 8
      vertex 45.4679 58.7929 8
      vertex 44.1224 59.3725 8
    endloop
  endfacet
  facet normal 0 0 1
    outer loop
      vertex 45.6073 58.0472 8
      vertex 44.2725 57.465 8
      vertex 44.4775 57.1305 8
    endloop
  endfacet
  facet normal 0 0 1
    outer loop
      vertex 44 58.6 8
      vertex 45.4679 58.7929 8
      vertex 44.0308 58.9911 8
    endloop
  endfacet
  facet normal 0 0 1
    outer loop
      vertex 45.6073 58.0472 8
      vertex 44.1224 57.8275 8
      vertex 44.2725 57.465 8
    endloop
  endfacet
  facet normal 0 0 1
    outer loop
      vertex 45.4679 58.7929 8
      vertex 44 58.6 8
      vertex 45.4679 58.4071 8
    endloop
  endfacet
  facet normal 0 0 1
    outer loop
      vertex 45.4679 58.4071 8
      vertex 44.0308 58.2089 8
      vertex 44.1224 57.8275 8
    endloop
  endfacet
  facet normal 0 0 1
    outer loop
      vertex 45.4679 58.4071 8
      vertex 44 58.6 8
      vertex 44.0308 58.2089 8
    endloop
  endfacet
  facet normal 0.0785092 -0.996913 0
    outer loop
      vertex 46.5 56.1 3
      vertex 46.8911 56.1308 8
      vertex 46.5 56.1 8
    endloop
  endfacet
  facet normal 0.0785092 -0.996913 0
    outer loop
      vertex 46.8911 56.1308 8
      vertex 46.5 56.1 3
      vertex 46.8911 56.1308 3
    endloop
  endfacet
  facet normal -0.382569 -0.923927 0
    outer loop
      vertex 45.365 56.3725 3
      vertex 45.7275 56.2224 8
      vertex 45.365 56.3725 8
    endloop
  endfacet
  facet normal -0.382569 -0.923927 -0
    outer loop
      vertex 45.7275 56.2224 8
      vertex 45.365 56.3725 3
      vertex 45.7275 56.2224 3
    endloop
  endfacet
  facet normal -0.85262 -0.522532 0
    outer loop
      vertex 44.4775 57.1305 3
      vertex 44.2725 57.465 8
      vertex 44.2725 57.465 3
    endloop
  endfacet
  facet normal -0.85262 -0.522532 0
    outer loop
      vertex 44.2725 57.465 8
      vertex 44.4775 57.1305 3
      vertex 44.4775 57.1305 8
    endloop
  endfacet
  facet normal 0.233527 -0.97235 0
    outer loop
      vertex 46.8911 56.1308 3
      vertex 47.2725 56.2224 8
      vertex 46.8911 56.1308 8
    endloop
  endfacet
  facet normal 0.233527 -0.97235 0
    outer loop
      vertex 47.2725 56.2224 8
      vertex 46.8911 56.1308 3
      vertex 47.2725 56.2224 3
    endloop
  endfacet
  facet normal 0.649342 -0.760497 0
    outer loop
      vertex 47.9695 56.5775 3
      vertex 48.2678 56.8322 8
      vertex 47.9695 56.5775 8
    endloop
  endfacet
  facet normal 0.649342 -0.760497 0
    outer loop
      vertex 48.2678 56.8322 8
      vertex 47.9695 56.5775 3
      vertex 48.2678 56.8322 3
    endloop
  endfacet
  facet normal -0.996913 -0.0785092 0
    outer loop
      vertex 44.0308 58.2089 3
      vertex 44 58.6 8
      vertex 44 58.6 3
    endloop
  endfacet
  facet normal -0.996913 -0.0785092 0
    outer loop
      vertex 44 58.6 8
      vertex 44.0308 58.2089 3
      vertex 44.0308 58.2089 8
    endloop
  endfacet
  facet normal 0.97235 -0.233527 0
    outer loop
      vertex 48.8776 57.8275 8
      vertex 48.9692 58.2089 3
      vertex 48.9692 58.2089 8
    endloop
  endfacet
  facet normal 0.97235 -0.233527 0
    outer loop
      vertex 48.9692 58.2089 3
      vertex 48.8776 57.8275 8
      vertex 48.8776 57.8275 3
    endloop
  endfacet
  facet normal 0.382569 0.923927 -0
    outer loop
      vertex 47.635 60.8275 3
      vertex 47.2725 60.9776 8
      vertex 47.635 60.8275 8
    endloop
  endfacet
  facet normal 0.382569 0.923927 0
    outer loop
      vertex 47.2725 60.9776 8
      vertex 47.635 60.8275 3
      vertex 47.2725 60.9776 3
    endloop
  endfacet
  facet normal 0.0785092 0.996913 -0
    outer loop
      vertex 46.8911 61.0692 3
      vertex 46.5 61.1 8
      vertex 46.8911 61.0692 8
    endloop
  endfacet
  facet normal 0.0785092 0.996913 0
    outer loop
      vertex 46.5 61.1 8
      vertex 46.8911 61.0692 3
      vertex 46.5 61.1 3
    endloop
  endfacet
  facet normal -0.85262 0.522532 0
    outer loop
      vertex 44.2725 59.735 3
      vertex 44.4775 60.0695 8
      vertex 44.4775 60.0695 3
    endloop
  endfacet
  facet normal -0.85262 0.522532 0
    outer loop
      vertex 44.4775 60.0695 8
      vertex 44.2725 59.735 3
      vertex 44.2725 59.735 8
    endloop
  endfacet
  facet normal -0.850276 0.526337 0
    outer loop
      vertex 47.276 57.8926 3.01
      vertex 47.4791 58.2207 8
      vertex 47.4791 58.2207 3.01
    endloop
  endfacet
  facet normal -0.850276 0.526337 0
    outer loop
      vertex 47.4791 58.2207 8
      vertex 47.276 57.8926 3.01
      vertex 47.276 57.8926 8
    endloop
  endfacet
  facet normal -0.850276 -0.526337 0
    outer loop
      vertex 47.4791 58.9793 3.01
      vertex 47.276 59.3074 8
      vertex 47.276 59.3074 3.01
    endloop
  endfacet
  facet normal -0.850276 -0.526337 0
    outer loop
      vertex 47.276 59.3074 8
      vertex 47.4791 58.9793 3.01
      vertex 47.4791 58.9793 8
    endloop
  endfacet
  facet normal -0.982975 -0.183741 0
    outer loop
      vertex 47.55 58.6 3.01
      vertex 47.4791 58.9793 8
      vertex 47.4791 58.9793 3.01
    endloop
  endfacet
  facet normal -0.982975 -0.183741 0
    outer loop
      vertex 47.4791 58.9793 8
      vertex 47.55 58.6 3.01
      vertex 47.55 58.6 8
    endloop
  endfacet
  facet normal -0.602485 -0.79813 0
    outer loop
      vertex 46.968 59.5399 3.01
      vertex 47.276 59.3074 8
      vertex 46.968 59.5399 8
    endloop
  endfacet
  facet normal -0.602485 -0.79813 -0
    outer loop
      vertex 47.276 59.3074 8
      vertex 46.968 59.5399 3.01
      vertex 47.276 59.3074 3.01
    endloop
  endfacet
  facet normal 0.0922648 0.995735 -0
    outer loop
      vertex 46.5969 57.5545 3.01
      vertex 46.2127 57.5901 8
      vertex 46.5969 57.5545 8
    endloop
  endfacet
  facet normal 0.0922648 0.995735 0
    outer loop
      vertex 46.2127 57.5901 8
      vertex 46.5969 57.5545 3.01
      vertex 46.2127 57.5901 3.01
    endloop
  endfacet
  facet normal 0.739013 -0.673691 0
    outer loop
      vertex 45.6073 59.1528 8
      vertex 45.8672 59.4379 3.01
      vertex 45.8672 59.4379 8
    endloop
  endfacet
  facet normal 0.739013 -0.673691 0
    outer loop
      vertex 45.8672 59.4379 3.01
      vertex 45.6073 59.1528 8
      vertex 45.6073 59.1528 3.01
    endloop
  endfacet
  facet normal 0.0922648 -0.995735 0
    outer loop
      vertex 46.2127 59.6099 3.01
      vertex 46.5969 59.6455 8
      vertex 46.2127 59.6099 8
    endloop
  endfacet
  facet normal 0.0922648 -0.995735 0
    outer loop
      vertex 46.5969 59.6455 8
      vertex 46.2127 59.6099 3.01
      vertex 46.5969 59.6455 3.01
    endloop
  endfacet
  facet normal -0.273694 -0.961817 0
    outer loop
      vertex 46.5969 59.6455 3.01
      vertex 46.968 59.5399 8
      vertex 46.5969 59.6455 8
    endloop
  endfacet
  facet normal -0.273694 -0.961817 -0
    outer loop
      vertex 46.968 59.5399 8
      vertex 46.5969 59.6455 3.01
      vertex 46.968 59.5399 3.01
    endloop
  endfacet
  facet normal -0.602485 0.79813 0
    outer loop
      vertex 47.276 57.8926 3.01
      vertex 46.968 57.6601 8
      vertex 47.276 57.8926 8
    endloop
  endfacet
  facet normal -0.602485 0.79813 0
    outer loop
      vertex 46.968 57.6601 8
      vertex 47.276 57.8926 3.01
      vertex 46.968 57.6601 3.01
    endloop
  endfacet
  facet normal -0.982975 0.183741 0
    outer loop
      vertex 47.4791 58.2207 3.01
      vertex 47.55 58.6 8
      vertex 47.55 58.6 3.01
    endloop
  endfacet
  facet normal -0.982975 0.183741 0
    outer loop
      vertex 47.55 58.6 8
      vertex 47.4791 58.2207 3.01
      vertex 47.4791 58.2207 8
    endloop
  endfacet
  facet normal 0 0 1
    outer loop
      vertex 47.4791 58.9793 3.01
      vertex 47.4791 58.2207 3.01
      vertex 47.55 58.6 3.01
    endloop
  endfacet
  facet normal 0 0 1
    outer loop
      vertex 47.276 59.3074 3.01
      vertex 47.4791 58.2207 3.01
      vertex 47.4791 58.9793 3.01
    endloop
  endfacet
  facet normal 0 0 1
    outer loop
      vertex 47.276 59.3074 3.01
      vertex 47.276 57.8926 3.01
      vertex 47.4791 58.2207 3.01
    endloop
  endfacet
  facet normal 0 0 1
    outer loop
      vertex 46.968 59.5399 3.01
      vertex 47.276 57.8926 3.01
      vertex 47.276 59.3074 3.01
    endloop
  endfacet
  facet normal 0 0 1
    outer loop
      vertex 46.968 59.5399 3.01
      vertex 46.968 57.6601 3.01
      vertex 47.276 57.8926 3.01
    endloop
  endfacet
  facet normal 0 0 1
    outer loop
      vertex 46.5969 59.6455 3.01
      vertex 46.968 57.6601 3.01
      vertex 46.968 59.5399 3.01
    endloop
  endfacet
  facet normal 0 0 1
    outer loop
      vertex 46.5969 59.6455 3.01
      vertex 46.5969 57.5545 3.01
      vertex 46.968 57.6601 3.01
    endloop
  endfacet
  facet normal -0 0 1
    outer loop
      vertex 46.2127 59.6099 3.01
      vertex 46.5969 57.5545 3.01
      vertex 46.5969 59.6455 3.01
    endloop
  endfacet
  facet normal 0 0 1
    outer loop
      vertex 46.2127 59.6099 3.01
      vertex 46.2127 57.5901 3.01
      vertex 46.5969 57.5545 3.01
    endloop
  endfacet
  facet normal -0 0 1
    outer loop
      vertex 45.8672 59.4379 3.01
      vertex 46.2127 57.5901 3.01
      vertex 46.2127 59.6099 3.01
    endloop
  endfacet
  facet normal 0 0 1
    outer loop
      vertex 45.8672 59.4379 3.01
      vertex 45.8672 57.7621 3.01
      vertex 46.2127 57.5901 3.01
    endloop
  endfacet
  facet normal -0 0 1
    outer loop
      vertex 45.6073 59.1528 3.01
      vertex 45.8672 57.7621 3.01
      vertex 45.8672 59.4379 3.01
    endloop
  endfacet
  facet normal 0 0 1
    outer loop
      vertex 45.6073 59.1528 3.01
      vertex 45.6073 58.0472 3.01
      vertex 45.8672 57.7621 3.01
    endloop
  endfacet
  facet normal -0 0 1
    outer loop
      vertex 45.4679 58.7929 3.01
      vertex 45.6073 58.0472 3.01
      vertex 45.6073 59.1528 3.01
    endloop
  endfacet
  facet normal 0 0 1
    outer loop
      vertex 45.6073 58.0472 3.01
      vertex 45.4679 58.7929 3.01
      vertex 45.4679 58.4071 3.01
    endloop
  endfacet
  facet normal 0.932495 -0.361183 0
    outer loop
      vertex 45.4679 58.7929 8
      vertex 45.6073 59.1528 3.01
      vertex 45.6073 59.1528 8
    endloop
  endfacet
  facet normal 0.932495 -0.361183 0
    outer loop
      vertex 45.6073 59.1528 3.01
      vertex 45.4679 58.7929 8
      vertex 45.4679 58.7929 3.01
    endloop
  endfacet
  facet normal -0.273694 0.961817 0
    outer loop
      vertex 46.968 57.6601 3.01
      vertex 46.5969 57.5545 8
      vertex 46.968 57.6601 8
    endloop
  endfacet
  facet normal -0.273694 0.961817 0
    outer loop
      vertex 46.5969 57.5545 8
      vertex 46.968 57.6601 3.01
      vertex 46.5969 57.5545 3.01
    endloop
  endfacet
  facet normal 1 -0 0
    outer loop
      vertex 45.4679 58.4071 8
      vertex 45.4679 58.7929 3.01
      vertex 45.4679 58.7929 8
    endloop
  endfacet
  facet normal 1 0 0
    outer loop
      vertex 45.4679 58.7929 3.01
      vertex 45.4679 58.4071 8
      vertex 45.4679 58.4071 3.01
    endloop
  endfacet
  facet normal 0.445658 -0.895203 0
    outer loop
      vertex 45.8672 59.4379 3.01
      vertex 46.2127 59.6099 8
      vertex 45.8672 59.4379 8
    endloop
  endfacet
  facet normal 0.445658 -0.895203 0
    outer loop
      vertex 46.2127 59.6099 8
      vertex 45.8672 59.4379 3.01
      vertex 46.2127 59.6099 3.01
    endloop
  endfacet
  facet normal 0.739013 0.673691 0
    outer loop
      vertex 45.8672 57.7621 8
      vertex 45.6073 58.0472 3.01
      vertex 45.6073 58.0472 8
    endloop
  endfacet
  facet normal 0.739013 0.673691 0
    outer loop
      vertex 45.6073 58.0472 3.01
      vertex 45.8672 57.7621 8
      vertex 45.8672 57.7621 3.01
    endloop
  endfacet
  facet normal 0.445658 0.895203 -0
    outer loop
      vertex 46.2127 57.5901 3.01
      vertex 45.8672 57.7621 8
      vertex 46.2127 57.5901 8
    endloop
  endfacet
  facet normal 0.445658 0.895203 0
    outer loop
      vertex 45.8672 57.7621 8
      vertex 46.2127 57.5901 3.01
      vertex 45.8672 57.7621 3.01
    endloop
  endfacet
  facet normal 0.932495 0.361183 0
    outer loop
      vertex 45.6073 58.0472 8
      vertex 45.4679 58.4071 3.01
      vertex 45.4679 58.4071 8
    endloop
  endfacet
  facet normal 0.932495 0.361183 0
    outer loop
      vertex 45.4679 58.4071 3.01
      vertex 45.6073 58.0472 8
      vertex 45.6073 58.0472 3.01
    endloop
  endfacet
  facet normal -0.97235 -0.233527 0
    outer loop
      vertex 59.1224 57.8275 3
      vertex 59.0308 58.2089 8
      vertex 59.0308 58.2089 3
    endloop
  endfacet
  facet normal -0.97235 -0.233527 0
    outer loop
      vertex 59.0308 58.2089 8
      vertex 59.1224 57.8275 3
      vertex 59.1224 57.8275 8
    endloop
  endfacet
  facet normal 0.97235 0.233527 0
    outer loop
      vertex 63.9692 58.9911 8
      vertex 63.8776 59.3725 3
      vertex 63.8776 59.3725 8
    endloop
  endfacet
  facet normal 0.97235 0.233527 0
    outer loop
      vertex 63.8776 59.3725 3
      vertex 63.9692 58.9911 8
      vertex 63.9692 58.9911 3
    endloop
  endfacet
  facet normal 0.996913 0.0785092 0
    outer loop
      vertex 64 58.6 8
      vertex 63.9692 58.9911 3
      vertex 63.9692 58.9911 8
    endloop
  endfacet
  facet normal 0.996913 0.0785092 0
    outer loop
      vertex 63.9692 58.9911 3
      vertex 64 58.6 8
      vertex 64 58.6 3
    endloop
  endfacet
  facet normal 0.923927 0.382569 0
    outer loop
      vertex 63.8776 59.3725 8
      vertex 63.7275 59.735 3
      vertex 63.7275 59.735 8
    endloop
  endfacet
  facet normal 0.923927 0.382569 0
    outer loop
      vertex 63.7275 59.735 3
      vertex 63.8776 59.3725 8
      vertex 63.8776 59.3725 3
    endloop
  endfacet
  facet normal 0.382569 -0.923927 0
    outer loop
      vertex 62.2725 56.2224 3
      vertex 62.635 56.3725 8
      vertex 62.2725 56.2224 8
    endloop
  endfacet
  facet normal 0.382569 -0.923927 0
    outer loop
      vertex 62.635 56.3725 8
      vertex 62.2725 56.2224 3
      vertex 62.635 56.3725 3
    endloop
  endfacet
  facet normal 0.85262 -0.522532 0
    outer loop
      vertex 63.5225 57.1305 8
      vertex 63.7275 57.465 3
      vertex 63.7275 57.465 8
    endloop
  endfacet
  facet normal 0.85262 -0.522532 0
    outer loop
      vertex 63.7275 57.465 3
      vertex 63.5225 57.1305 8
      vertex 63.5225 57.1305 3
    endloop
  endfacet
  facet normal -0.649342 0.760497 0
    outer loop
      vertex 60.0305 60.6225 3
      vertex 59.7322 60.3678 8
      vertex 60.0305 60.6225 8
    endloop
  endfacet
  facet normal -0.649342 0.760497 0
    outer loop
      vertex 59.7322 60.3678 8
      vertex 60.0305 60.6225 3
      vertex 59.7322 60.3678 3
    endloop
  endfacet
  facet normal -0.382569 0.923927 0
    outer loop
      vertex 60.7275 60.9776 3
      vertex 60.365 60.8275 8
      vertex 60.7275 60.9776 8
    endloop
  endfacet
  facet normal -0.382569 0.923927 0
    outer loop
      vertex 60.365 60.8275 8
      vertex 60.7275 60.9776 3
      vertex 60.365 60.8275 3
    endloop
  endfacet
  facet normal 0.760497 -0.649342 0
    outer loop
      vertex 63.2678 56.8322 8
      vertex 63.5225 57.1305 3
      vertex 63.5225 57.1305 8
    endloop
  endfacet
  facet normal 0.760497 -0.649342 0
    outer loop
      vertex 63.5225 57.1305 3
      vertex 63.2678 56.8322 8
      vertex 63.2678 56.8322 3
    endloop
  endfacet
  facet normal 0.996913 -0.0785092 0
    outer loop
      vertex 63.9692 58.2089 8
      vertex 64 58.6 3
      vertex 64 58.6 8
    endloop
  endfacet
  facet normal 0.996913 -0.0785092 0
    outer loop
      vertex 64 58.6 3
      vertex 63.9692 58.2089 8
      vertex 63.9692 58.2089 3
    endloop
  endfacet
  facet normal 0.923927 -0.382569 0
    outer loop
      vertex 63.7275 57.465 8
      vertex 63.8776 57.8275 3
      vertex 63.8776 57.8275 8
    endloop
  endfacet
  facet normal 0.923927 -0.382569 0
    outer loop
      vertex 63.8776 57.8275 3
      vertex 63.7275 57.465 8
      vertex 63.7275 57.465 3
    endloop
  endfacet
  facet normal -0.923927 -0.382569 0
    outer loop
      vertex 59.2725 57.465 3
      vertex 59.1224 57.8275 8
      vertex 59.1224 57.8275 3
    endloop
  endfacet
  facet normal -0.923927 -0.382569 0
    outer loop
      vertex 59.1224 57.8275 8
      vertex 59.2725 57.465 3
      vertex 59.2725 57.465 8
    endloop
  endfacet
  facet normal -0.996913 0.0785092 0
    outer loop
      vertex 59 58.6 3
      vertex 59.0308 58.9911 8
      vertex 59.0308 58.9911 3
    endloop
  endfacet
  facet normal -0.996913 0.0785092 0
    outer loop
      vertex 59.0308 58.9911 8
      vertex 59 58.6 3
      vertex 59 58.6 8
    endloop
  endfacet
  facet normal -0.97235 0.233527 0
    outer loop
      vertex 59.0308 58.9911 3
      vertex 59.1224 59.3725 8
      vertex 59.1224 59.3725 3
    endloop
  endfacet
  facet normal -0.97235 0.233527 0
    outer loop
      vertex 59.1224 59.3725 8
      vertex 59.0308 58.9911 3
      vertex 59.0308 58.9911 8
    endloop
  endfacet
  facet normal 0.233527 0.97235 -0
    outer loop
      vertex 62.2725 60.9776 3
      vertex 61.8911 61.0692 8
      vertex 62.2725 60.9776 8
    endloop
  endfacet
  facet normal 0.233527 0.97235 0
    outer loop
      vertex 61.8911 61.0692 8
      vertex 62.2725 60.9776 3
      vertex 61.8911 61.0692 3
    endloop
  endfacet
  facet normal -0.0785092 0.996913 0
    outer loop
      vertex 61.5 61.1 3
      vertex 61.1089 61.0692 8
      vertex 61.5 61.1 8
    endloop
  endfacet
  facet normal -0.0785092 0.996913 0
    outer loop
      vertex 61.1089 61.0692 8
      vertex 61.5 61.1 3
      vertex 61.1089 61.0692 3
    endloop
  endfacet
  facet normal -0.760497 -0.649342 0
    outer loop
      vertex 59.7322 56.8322 3
      vertex 59.4775 57.1305 8
      vertex 59.4775 57.1305 3
    endloop
  endfacet
  facet normal -0.760497 -0.649342 0
    outer loop
      vertex 59.4775 57.1305 8
      vertex 59.7322 56.8322 3
      vertex 59.7322 56.8322 8
    endloop
  endfacet
  facet normal -0.233527 -0.97235 0
    outer loop
      vertex 60.7275 56.2224 3
      vertex 61.1089 56.1308 8
      vertex 60.7275 56.2224 8
    endloop
  endfacet
  facet normal -0.233527 -0.97235 -0
    outer loop
      vertex 61.1089 56.1308 8
      vertex 60.7275 56.2224 3
      vertex 61.1089 56.1308 3
    endloop
  endfacet
  facet normal -0.649342 -0.760497 0
    outer loop
      vertex 59.7322 56.8322 3
      vertex 60.0305 56.5775 8
      vertex 59.7322 56.8322 8
    endloop
  endfacet
  facet normal -0.649342 -0.760497 -0
    outer loop
      vertex 60.0305 56.5775 8
      vertex 59.7322 56.8322 3
      vertex 60.0305 56.5775 3
    endloop
  endfacet
  facet normal 0.85262 0.522532 0
    outer loop
      vertex 63.7275 59.735 8
      vertex 63.5225 60.0695 3
      vertex 63.5225 60.0695 8
    endloop
  endfacet
  facet normal 0.85262 0.522532 0
    outer loop
      vertex 63.5225 60.0695 3
      vertex 63.7275 59.735 8
      vertex 63.7275 59.735 3
    endloop
  endfacet
  facet normal -0.923927 0.382569 0
    outer loop
      vertex 59.1224 59.3725 3
      vertex 59.2725 59.735 8
      vertex 59.2725 59.735 3
    endloop
  endfacet
  facet normal -0.923927 0.382569 0
    outer loop
      vertex 59.2725 59.735 8
      vertex 59.1224 59.3725 3
      vertex 59.1224 59.3725 8
    endloop
  endfacet
  facet normal -0.522532 0.85262 0
    outer loop
      vertex 60.365 60.8275 3
      vertex 60.0305 60.6225 8
      vertex 60.365 60.8275 8
    endloop
  endfacet
  facet normal -0.522532 0.85262 0
    outer loop
      vertex 60.0305 60.6225 8
      vertex 60.365 60.8275 3
      vertex 60.0305 60.6225 3
    endloop
  endfacet
  facet normal -0.0785092 -0.996913 0
    outer loop
      vertex 61.1089 56.1308 3
      vertex 61.5 56.1 8
      vertex 61.1089 56.1308 8
    endloop
  endfacet
  facet normal -0.0785092 -0.996913 -0
    outer loop
      vertex 61.5 56.1 8
      vertex 61.1089 56.1308 3
      vertex 61.5 56.1 3
    endloop
  endfacet
  facet normal 0.522532 0.85262 -0
    outer loop
      vertex 62.9695 60.6225 3
      vertex 62.635 60.8275 8
      vertex 62.9695 60.6225 8
    endloop
  endfacet
  facet normal 0.522532 0.85262 0
    outer loop
      vertex 62.635 60.8275 8
      vertex 62.9695 60.6225 3
      vertex 62.635 60.8275 3
    endloop
  endfacet
  facet normal 0.522532 -0.85262 0
    outer loop
      vertex 62.635 56.3725 3
      vertex 62.9695 56.5775 8
      vertex 62.635 56.3725 8
    endloop
  endfacet
  facet normal 0.522532 -0.85262 0
    outer loop
      vertex 62.9695 56.5775 8
      vertex 62.635 56.3725 3
      vertex 62.9695 56.5775 3
    endloop
  endfacet
  facet normal -0.760497 0.649342 0
    outer loop
      vertex 59.4775 60.0695 3
      vertex 59.7322 60.3678 8
      vertex 59.7322 60.3678 3
    endloop
  endfacet
  facet normal -0.760497 0.649342 0
    outer loop
      vertex 59.7322 60.3678 8
      vertex 59.4775 60.0695 3
      vertex 59.4775 60.0695 8
    endloop
  endfacet
  facet normal -0.233527 0.97235 0
    outer loop
      vertex 61.1089 61.0692 3
      vertex 60.7275 60.9776 8
      vertex 61.1089 61.0692 8
    endloop
  endfacet
  facet normal -0.233527 0.97235 0
    outer loop
      vertex 60.7275 60.9776 8
      vertex 61.1089 61.0692 3
      vertex 60.7275 60.9776 3
    endloop
  endfacet
  facet normal -0.522532 -0.85262 0
    outer loop
      vertex 60.0305 56.5775 3
      vertex 60.365 56.3725 8
      vertex 60.0305 56.5775 8
    endloop
  endfacet
  facet normal -0.522532 -0.85262 -0
    outer loop
      vertex 60.365 56.3725 8
      vertex 60.0305 56.5775 3
      vertex 60.365 56.3725 3
    endloop
  endfacet
  facet normal 0.760497 0.649342 0
    outer loop
      vertex 63.5225 60.0695 8
      vertex 63.2678 60.3678 3
      vertex 63.2678 60.3678 8
    endloop
  endfacet
  facet normal 0.760497 0.649342 0
    outer loop
      vertex 63.2678 60.3678 3
      vertex 63.5225 60.0695 8
      vertex 63.5225 60.0695 3
    endloop
  endfacet
  facet normal 0.649342 0.760497 -0
    outer loop
      vertex 63.2678 60.3678 3
      vertex 62.9695 60.6225 8
      vertex 63.2678 60.3678 8
    endloop
  endfacet
  facet normal 0.649342 0.760497 0
    outer loop
      vertex 62.9695 60.6225 8
      vertex 63.2678 60.3678 3
      vertex 62.9695 60.6225 3
    endloop
  endfacet
  facet normal 0 0 1
    outer loop
      vertex 62.55 58.6 8
      vertex 64 58.6 8
      vertex 63.9692 58.9911 8
    endloop
  endfacet
  facet normal 0 0 1
    outer loop
      vertex 62.4791 58.9793 8
      vertex 63.9692 58.9911 8
      vertex 63.8776 59.3725 8
    endloop
  endfacet
  facet normal 0 0 1
    outer loop
      vertex 64 58.6 8
      vertex 62.55 58.6 8
      vertex 63.9692 58.2089 8
    endloop
  endfacet
  facet normal 0 0 1
    outer loop
      vertex 62.4791 58.9793 8
      vertex 63.8776 59.3725 8
      vertex 63.7275 59.735 8
    endloop
  endfacet
  facet normal -0 0 1
    outer loop
      vertex 62.4791 58.2207 8
      vertex 63.9692 58.2089 8
      vertex 62.55 58.6 8
    endloop
  endfacet
  facet normal 0 0 1
    outer loop
      vertex 62.4791 58.9793 8
      vertex 63.7275 59.735 8
      vertex 63.5225 60.0695 8
    endloop
  endfacet
  facet normal 0 0 1
    outer loop
      vertex 63.9692 58.2089 8
      vertex 62.4791 58.2207 8
      vertex 63.8776 57.8275 8
    endloop
  endfacet
  facet normal 0 0 1
    outer loop
      vertex 62.276 59.3074 8
      vertex 63.5225 60.0695 8
      vertex 63.2678 60.3678 8
    endloop
  endfacet
  facet normal 0 0 1
    outer loop
      vertex 63.8776 57.8275 8
      vertex 62.4791 58.2207 8
      vertex 63.7275 57.465 8
    endloop
  endfacet
  facet normal 0 0 1
    outer loop
      vertex 62.276 59.3074 8
      vertex 63.2678 60.3678 8
      vertex 62.9695 60.6225 8
    endloop
  endfacet
  facet normal 0 0 1
    outer loop
      vertex 63.7275 57.465 8
      vertex 62.4791 58.2207 8
      vertex 63.5225 57.1305 8
    endloop
  endfacet
  facet normal 0 0 1
    outer loop
      vertex 61.968 59.5399 8
      vertex 62.9695 60.6225 8
      vertex 62.635 60.8275 8
    endloop
  endfacet
  facet normal -0 0 1
    outer loop
      vertex 62.276 57.8926 8
      vertex 63.5225 57.1305 8
      vertex 62.4791 58.2207 8
    endloop
  endfacet
  facet normal 0 0 1
    outer loop
      vertex 63.5225 57.1305 8
      vertex 62.276 57.8926 8
      vertex 63.2678 56.8322 8
    endloop
  endfacet
  facet normal 0 0 1
    outer loop
      vertex 63.9692 58.9911 8
      vertex 62.4791 58.9793 8
      vertex 62.55 58.6 8
    endloop
  endfacet
  facet normal 0 0 1
    outer loop
      vertex 63.5225 60.0695 8
      vertex 62.276 59.3074 8
      vertex 62.4791 58.9793 8
    endloop
  endfacet
  facet normal 0 0 1
    outer loop
      vertex 61.968 59.5399 8
      vertex 62.635 60.8275 8
      vertex 62.2725 60.9776 8
    endloop
  endfacet
  facet normal 0 0 1
    outer loop
      vertex 62.9695 60.6225 8
      vertex 61.968 59.5399 8
      vertex 62.276 59.3074 8
    endloop
  endfacet
  facet normal 0 0 1
    outer loop
      vertex 61.5969 59.6455 8
      vertex 62.2725 60.9776 8
      vertex 61.8911 61.0692 8
    endloop
  endfacet
  facet normal 0 0 1
    outer loop
      vertex 62.2725 60.9776 8
      vertex 61.5969 59.6455 8
      vertex 61.968 59.5399 8
    endloop
  endfacet
  facet normal 0 0 1
    outer loop
      vertex 61.5 61.1 8
      vertex 61.5969 59.6455 8
      vertex 61.8911 61.0692 8
    endloop
  endfacet
  facet normal -0 0 1
    outer loop
      vertex 61.1089 61.0692 8
      vertex 61.5969 59.6455 8
      vertex 61.5 61.1 8
    endloop
  endfacet
  facet normal 0 0 1
    outer loop
      vertex 61.5969 59.6455 8
      vertex 61.1089 61.0692 8
      vertex 61.2127 59.6099 8
    endloop
  endfacet
  facet normal -0 0 1
    outer loop
      vertex 60.7275 60.9776 8
      vertex 61.2127 59.6099 8
      vertex 61.1089 61.0692 8
    endloop
  endfacet
  facet normal -0 0 1
    outer loop
      vertex 60.365 60.8275 8
      vertex 61.2127 59.6099 8
      vertex 60.7275 60.9776 8
    endloop
  endfacet
  facet normal 0 0 1
    outer loop
      vertex 61.2127 59.6099 8
      vertex 60.365 60.8275 8
      vertex 60.8672 59.4379 8
    endloop
  endfacet
  facet normal -0 0 1
    outer loop
      vertex 60.0305 60.6225 8
      vertex 60.8672 59.4379 8
      vertex 60.365 60.8275 8
    endloop
  endfacet
  facet normal 0 0 1
    outer loop
      vertex 60.8672 59.4379 8
      vertex 59.7322 60.3678 8
      vertex 60.6073 59.1528 8
    endloop
  endfacet
  facet normal -0 0 1
    outer loop
      vertex 59.7322 60.3678 8
      vertex 60.8672 59.4379 8
      vertex 60.0305 60.6225 8
    endloop
  endfacet
  facet normal 0 0 1
    outer loop
      vertex 63.2678 56.8322 8
      vertex 62.276 57.8926 8
      vertex 62.9695 56.5775 8
    endloop
  endfacet
  facet normal -0 0 1
    outer loop
      vertex 61.968 57.6601 8
      vertex 62.9695 56.5775 8
      vertex 62.276 57.8926 8
    endloop
  endfacet
  facet normal 0 0 1
    outer loop
      vertex 62.9695 56.5775 8
      vertex 61.968 57.6601 8
      vertex 62.635 56.3725 8
    endloop
  endfacet
  facet normal 0 0 1
    outer loop
      vertex 62.635 56.3725 8
      vertex 61.968 57.6601 8
      vertex 62.2725 56.2224 8
    endloop
  endfacet
  facet normal -0 0 1
    outer loop
      vertex 61.5969 57.5545 8
      vertex 62.2725 56.2224 8
      vertex 61.968 57.6601 8
    endloop
  endfacet
  facet normal 0 0 1
    outer loop
      vertex 62.2725 56.2224 8
      vertex 61.5969 57.5545 8
      vertex 61.8911 56.1308 8
    endloop
  endfacet
  facet normal 0 0 1
    outer loop
      vertex 61.5969 57.5545 8
      vertex 61.5 56.1 8
      vertex 61.8911 56.1308 8
    endloop
  endfacet
  facet normal 0 0 1
    outer loop
      vertex 61.1089 56.1308 8
      vertex 61.5969 57.5545 8
      vertex 61.2127 57.5901 8
    endloop
  endfacet
  facet normal 0 0 1
    outer loop
      vertex 61.5969 57.5545 8
      vertex 61.1089 56.1308 8
      vertex 61.5 56.1 8
    endloop
  endfacet
  facet normal 0 0 1
    outer loop
      vertex 60.365 56.3725 8
      vertex 61.2127 57.5901 8
      vertex 60.8672 57.7621 8
    endloop
  endfacet
  facet normal 0 0 1
    outer loop
      vertex 61.2127 57.5901 8
      vertex 60.7275 56.2224 8
      vertex 61.1089 56.1308 8
    endloop
  endfacet
  facet normal 0 0 1
    outer loop
      vertex 59.7322 56.8322 8
      vertex 60.8672 57.7621 8
      vertex 60.6073 58.0472 8
    endloop
  endfacet
  facet normal 0 0 1
    outer loop
      vertex 59.1224 57.8275 8
      vertex 60.6073 58.0472 8
      vertex 60.4679 58.4071 8
    endloop
  endfacet
  facet normal 0 0 1
    outer loop
      vertex 61.2127 57.5901 8
      vertex 60.365 56.3725 8
      vertex 60.7275 56.2224 8
    endloop
  endfacet
  facet normal -0 0 1
    outer loop
      vertex 59.4775 60.0695 8
      vertex 60.6073 59.1528 8
      vertex 59.7322 60.3678 8
    endloop
  endfacet
  facet normal -0 0 1
    outer loop
      vertex 59.2725 59.735 8
      vertex 60.6073 59.1528 8
      vertex 59.4775 60.0695 8
    endloop
  endfacet
  facet normal 0 0 1
    outer loop
      vertex 60.8672 57.7621 8
      vertex 60.0305 56.5775 8
      vertex 60.365 56.3725 8
    endloop
  endfacet
  facet normal -0 0 1
    outer loop
      vertex 59.1224 59.3725 8
      vertex 60.6073 59.1528 8
      vertex 59.2725 59.735 8
    endloop
  endfacet
  facet normal 0 0 1
    outer loop
      vertex 60.8672 57.7621 8
      vertex 59.7322 56.8322 8
      vertex 60.0305 56.5775 8
    endloop
  endfacet
  facet normal 0 0 1
    outer loop
      vertex 60.6073 59.1528 8
      vertex 59.1224 59.3725 8
      vertex 60.4679 58.7929 8
    endloop
  endfacet
  facet normal 0 0 1
    outer loop
      vertex 60.6073 58.0472 8
      vertex 59.4775 57.1305 8
      vertex 59.7322 56.8322 8
    endloop
  endfacet
  facet normal -0 0 1
    outer loop
      vertex 59.0308 58.9911 8
      vertex 60.4679 58.7929 8
      vertex 59.1224 59.3725 8
    endloop
  endfacet
  facet normal 0 0 1
    outer loop
      vertex 60.6073 58.0472 8
      vertex 59.2725 57.465 8
      vertex 59.4775 57.1305 8
    endloop
  endfacet
  facet normal 0 0 1
    outer loop
      vertex 59 58.6 8
      vertex 60.4679 58.7929 8
      vertex 59.0308 58.9911 8
    endloop
  endfacet
  facet normal 0 0 1
    outer loop
      vertex 60.6073 58.0472 8
      vertex 59.1224 57.8275 8
      vertex 59.2725 57.465 8
    endloop
  endfacet
  facet normal 0 0 1
    outer loop
      vertex 60.4679 58.7929 8
      vertex 59 58.6 8
      vertex 60.4679 58.4071 8
    endloop
  endfacet
  facet normal 0 0 1
    outer loop
      vertex 60.4679 58.4071 8
      vertex 59.0308 58.2089 8
      vertex 59.1224 57.8275 8
    endloop
  endfacet
  facet normal 0 0 1
    outer loop
      vertex 60.4679 58.4071 8
      vertex 59 58.6 8
      vertex 59.0308 58.2089 8
    endloop
  endfacet
  facet normal 0.0785092 -0.996913 0
    outer loop
      vertex 61.5 56.1 3
      vertex 61.8911 56.1308 8
      vertex 61.5 56.1 8
    endloop
  endfacet
  facet normal 0.0785092 -0.996913 0
    outer loop
      vertex 61.8911 56.1308 8
      vertex 61.5 56.1 3
      vertex 61.8911 56.1308 3
    endloop
  endfacet
  facet normal -0.382569 -0.923927 0
    outer loop
      vertex 60.365 56.3725 3
      vertex 60.7275 56.2224 8
      vertex 60.365 56.3725 8
    endloop
  endfacet
  facet normal -0.382569 -0.923927 -0
    outer loop
      vertex 60.7275 56.2224 8
      vertex 60.365 56.3725 3
      vertex 60.7275 56.2224 3
    endloop
  endfacet
  facet normal -0.85262 -0.522532 0
    outer loop
      vertex 59.4775 57.1305 3
      vertex 59.2725 57.465 8
      vertex 59.2725 57.465 3
    endloop
  endfacet
  facet normal -0.85262 -0.522532 0
    outer loop
      vertex 59.2725 57.465 8
      vertex 59.4775 57.1305 3
      vertex 59.4775 57.1305 8
    endloop
  endfacet
  facet normal 0.233527 -0.97235 0
    outer loop
      vertex 61.8911 56.1308 3
      vertex 62.2725 56.2224 8
      vertex 61.8911 56.1308 8
    endloop
  endfacet
  facet normal 0.233527 -0.97235 0
    outer loop
      vertex 62.2725 56.2224 8
      vertex 61.8911 56.1308 3
      vertex 62.2725 56.2224 3
    endloop
  endfacet
  facet normal 0.649342 -0.760497 0
    outer loop
      vertex 62.9695 56.5775 3
      vertex 63.2678 56.8322 8
      vertex 62.9695 56.5775 8
    endloop
  endfacet
  facet normal 0.649342 -0.760497 0
    outer loop
      vertex 63.2678 56.8322 8
      vertex 62.9695 56.5775 3
      vertex 63.2678 56.8322 3
    endloop
  endfacet
  facet normal -0.996913 -0.0785092 0
    outer loop
      vertex 59.0308 58.2089 3
      vertex 59 58.6 8
      vertex 59 58.6 3
    endloop
  endfacet
  facet normal -0.996913 -0.0785092 0
    outer loop
      vertex 59 58.6 8
      vertex 59.0308 58.2089 3
      vertex 59.0308 58.2089 8
    endloop
  endfacet
  facet normal 0.97235 -0.233527 0
    outer loop
      vertex 63.8776 57.8275 8
      vertex 63.9692 58.2089 3
      vertex 63.9692 58.2089 8
    endloop
  endfacet
  facet normal 0.97235 -0.233527 0
    outer loop
      vertex 63.9692 58.2089 3
      vertex 63.8776 57.8275 8
      vertex 63.8776 57.8275 3
    endloop
  endfacet
  facet normal 0.382569 0.923927 -0
    outer loop
      vertex 62.635 60.8275 3
      vertex 62.2725 60.9776 8
      vertex 62.635 60.8275 8
    endloop
  endfacet
  facet normal 0.382569 0.923927 0
    outer loop
      vertex 62.2725 60.9776 8
      vertex 62.635 60.8275 3
      vertex 62.2725 60.9776 3
    endloop
  endfacet
  facet normal 0.0785092 0.996913 -0
    outer loop
      vertex 61.8911 61.0692 3
      vertex 61.5 61.1 8
      vertex 61.8911 61.0692 8
    endloop
  endfacet
  facet normal 0.0785092 0.996913 0
    outer loop
      vertex 61.5 61.1 8
      vertex 61.8911 61.0692 3
      vertex 61.5 61.1 3
    endloop
  endfacet
  facet normal -0.85262 0.522532 0
    outer loop
      vertex 59.2725 59.735 3
      vertex 59.4775 60.0695 8
      vertex 59.4775 60.0695 3
    endloop
  endfacet
  facet normal -0.85262 0.522532 0
    outer loop
      vertex 59.4775 60.0695 8
      vertex 59.2725 59.735 3
      vertex 59.2725 59.735 8
    endloop
  endfacet
  facet normal -0.850276 0.526337 0
    outer loop
      vertex 62.276 57.8926 3.01
      vertex 62.4791 58.2207 8
      vertex 62.4791 58.2207 3.01
    endloop
  endfacet
  facet normal -0.850276 0.526337 0
    outer loop
      vertex 62.4791 58.2207 8
      vertex 62.276 57.8926 3.01
      vertex 62.276 57.8926 8
    endloop
  endfacet
  facet normal -0.850276 -0.526337 0
    outer loop
      vertex 62.4791 58.9793 3.01
      vertex 62.276 59.3074 8
      vertex 62.276 59.3074 3.01
    endloop
  endfacet
  facet normal -0.850276 -0.526337 0
    outer loop
      vertex 62.276 59.3074 8
      vertex 62.4791 58.9793 3.01
      vertex 62.4791 58.9793 8
    endloop
  endfacet
  facet normal -0.982975 -0.183741 0
    outer loop
      vertex 62.55 58.6 3.01
      vertex 62.4791 58.9793 8
      vertex 62.4791 58.9793 3.01
    endloop
  endfacet
  facet normal -0.982975 -0.183741 0
    outer loop
      vertex 62.4791 58.9793 8
      vertex 62.55 58.6 3.01
      vertex 62.55 58.6 8
    endloop
  endfacet
  facet normal -0.602485 -0.79813 0
    outer loop
      vertex 61.968 59.5399 3.01
      vertex 62.276 59.3074 8
      vertex 61.968 59.5399 8
    endloop
  endfacet
  facet normal -0.602485 -0.79813 -0
    outer loop
      vertex 62.276 59.3074 8
      vertex 61.968 59.5399 3.01
      vertex 62.276 59.3074 3.01
    endloop
  endfacet
  facet normal 0.0922648 0.995735 -0
    outer loop
      vertex 61.5969 57.5545 3.01
      vertex 61.2127 57.5901 8
      vertex 61.5969 57.5545 8
    endloop
  endfacet
  facet normal 0.0922648 0.995735 0
    outer loop
      vertex 61.2127 57.5901 8
      vertex 61.5969 57.5545 3.01
      vertex 61.2127 57.5901 3.01
    endloop
  endfacet
  facet normal 0.739013 -0.673691 0
    outer loop
      vertex 60.6073 59.1528 8
      vertex 60.8672 59.4379 3.01
      vertex 60.8672 59.4379 8
    endloop
  endfacet
  facet normal 0.739013 -0.673691 0
    outer loop
      vertex 60.8672 59.4379 3.01
      vertex 60.6073 59.1528 8
      vertex 60.6073 59.1528 3.01
    endloop
  endfacet
  facet normal 0.0922648 -0.995735 0
    outer loop
      vertex 61.2127 59.6099 3.01
      vertex 61.5969 59.6455 8
      vertex 61.2127 59.6099 8
    endloop
  endfacet
  facet normal 0.0922648 -0.995735 0
    outer loop
      vertex 61.5969 59.6455 8
      vertex 61.2127 59.6099 3.01
      vertex 61.5969 59.6455 3.01
    endloop
  endfacet
  facet normal -0.273694 -0.961817 0
    outer loop
      vertex 61.5969 59.6455 3.01
      vertex 61.968 59.5399 8
      vertex 61.5969 59.6455 8
    endloop
  endfacet
  facet normal -0.273694 -0.961817 -0
    outer loop
      vertex 61.968 59.5399 8
      vertex 61.5969 59.6455 3.01
      vertex 61.968 59.5399 3.01
    endloop
  endfacet
  facet normal -0.602485 0.79813 0
    outer loop
      vertex 62.276 57.8926 3.01
      vertex 61.968 57.6601 8
      vertex 62.276 57.8926 8
    endloop
  endfacet
  facet normal -0.602485 0.79813 0
    outer loop
      vertex 61.968 57.6601 8
      vertex 62.276 57.8926 3.01
      vertex 61.968 57.6601 3.01
    endloop
  endfacet
  facet normal -0.982975 0.183741 0
    outer loop
      vertex 62.4791 58.2207 3.01
      vertex 62.55 58.6 8
      vertex 62.55 58.6 3.01
    endloop
  endfacet
  facet normal -0.982975 0.183741 0
    outer loop
      vertex 62.55 58.6 8
      vertex 62.4791 58.2207 3.01
      vertex 62.4791 58.2207 8
    endloop
  endfacet
  facet normal 0 0 1
    outer loop
      vertex 62.4791 58.9793 3.01
      vertex 62.4791 58.2207 3.01
      vertex 62.55 58.6 3.01
    endloop
  endfacet
  facet normal 0 0 1
    outer loop
      vertex 62.276 59.3074 3.01
      vertex 62.4791 58.2207 3.01
      vertex 62.4791 58.9793 3.01
    endloop
  endfacet
  facet normal 0 0 1
    outer loop
      vertex 62.276 59.3074 3.01
      vertex 62.276 57.8926 3.01
      vertex 62.4791 58.2207 3.01
    endloop
  endfacet
  facet normal 0 0 1
    outer loop
      vertex 61.968 59.5399 3.01
      vertex 62.276 57.8926 3.01
      vertex 62.276 59.3074 3.01
    endloop
  endfacet
  facet normal 0 0 1
    outer loop
      vertex 61.968 59.5399 3.01
      vertex 61.968 57.6601 3.01
      vertex 62.276 57.8926 3.01
    endloop
  endfacet
  facet normal 0 0 1
    outer loop
      vertex 61.5969 59.6455 3.01
      vertex 61.968 57.6601 3.01
      vertex 61.968 59.5399 3.01
    endloop
  endfacet
  facet normal 0 0 1
    outer loop
      vertex 61.5969 59.6455 3.01
      vertex 61.5969 57.5545 3.01
      vertex 61.968 57.6601 3.01
    endloop
  endfacet
  facet normal -0 0 1
    outer loop
      vertex 61.2127 59.6099 3.01
      vertex 61.5969 57.5545 3.01
      vertex 61.5969 59.6455 3.01
    endloop
  endfacet
  facet normal 0 0 1
    outer loop
      vertex 61.2127 59.6099 3.01
      vertex 61.2127 57.5901 3.01
      vertex 61.5969 57.5545 3.01
    endloop
  endfacet
  facet normal -0 0 1
    outer loop
      vertex 60.8672 59.4379 3.01
      vertex 61.2127 57.5901 3.01
      vertex 61.2127 59.6099 3.01
    endloop
  endfacet
  facet normal 0 0 1
    outer loop
      vertex 60.8672 59.4379 3.01
      vertex 60.8672 57.7621 3.01
      vertex 61.2127 57.5901 3.01
    endloop
  endfacet
  facet normal -0 0 1
    outer loop
      vertex 60.6073 59.1528 3.01
      vertex 60.8672 57.7621 3.01
      vertex 60.8672 59.4379 3.01
    endloop
  endfacet
  facet normal 0 0 1
    outer loop
      vertex 60.6073 59.1528 3.01
      vertex 60.6073 58.0472 3.01
      vertex 60.8672 57.7621 3.01
    endloop
  endfacet
  facet normal -0 0 1
    outer loop
      vertex 60.4679 58.7929 3.01
      vertex 60.6073 58.0472 3.01
      vertex 60.6073 59.1528 3.01
    endloop
  endfacet
  facet normal 0 0 1
    outer loop
      vertex 60.6073 58.0472 3.01
      vertex 60.4679 58.7929 3.01
      vertex 60.4679 58.4071 3.01
    endloop
  endfacet
  facet normal 0.932495 -0.361183 0
    outer loop
      vertex 60.4679 58.7929 8
      vertex 60.6073 59.1528 3.01
      vertex 60.6073 59.1528 8
    endloop
  endfacet
  facet normal 0.932495 -0.361183 0
    outer loop
      vertex 60.6073 59.1528 3.01
      vertex 60.4679 58.7929 8
      vertex 60.4679 58.7929 3.01
    endloop
  endfacet
  facet normal -0.273694 0.961817 0
    outer loop
      vertex 61.968 57.6601 3.01
      vertex 61.5969 57.5545 8
      vertex 61.968 57.6601 8
    endloop
  endfacet
  facet normal -0.273694 0.961817 0
    outer loop
      vertex 61.5969 57.5545 8
      vertex 61.968 57.6601 3.01
      vertex 61.5969 57.5545 3.01
    endloop
  endfacet
  facet normal 1 -0 0
    outer loop
      vertex 60.4679 58.4071 8
      vertex 60.4679 58.7929 3.01
      vertex 60.4679 58.7929 8
    endloop
  endfacet
  facet normal 1 0 0
    outer loop
      vertex 60.4679 58.7929 3.01
      vertex 60.4679 58.4071 8
      vertex 60.4679 58.4071 3.01
    endloop
  endfacet
  facet normal 0.445658 -0.895203 0
    outer loop
      vertex 60.8672 59.4379 3.01
      vertex 61.2127 59.6099 8
      vertex 60.8672 59.4379 8
    endloop
  endfacet
  facet normal 0.445658 -0.895203 0
    outer loop
      vertex 61.2127 59.6099 8
      vertex 60.8672 59.4379 3.01
      vertex 61.2127 59.6099 3.01
    endloop
  endfacet
  facet normal 0.739013 0.673691 0
    outer loop
      vertex 60.8672 57.7621 8
      vertex 60.6073 58.0472 3.01
      vertex 60.6073 58.0472 8
    endloop
  endfacet
  facet normal 0.739013 0.673691 0
    outer loop
      vertex 60.6073 58.0472 3.01
      vertex 60.8672 57.7621 8
      vertex 60.8672 57.7621 3.01
    endloop
  endfacet
  facet normal 0.445658 0.895203 -0
    outer loop
      vertex 61.2127 57.5901 3.01
      vertex 60.8672 57.7621 8
      vertex 61.2127 57.5901 8
    endloop
  endfacet
  facet normal 0.445658 0.895203 0
    outer loop
      vertex 60.8672 57.7621 8
      vertex 61.2127 57.5901 3.01
      vertex 60.8672 57.7621 3.01
    endloop
  endfacet
  facet normal 0.932495 0.361183 0
    outer loop
      vertex 60.6073 58.0472 8
      vertex 60.4679 58.4071 3.01
      vertex 60.4679 58.4071 8
    endloop
  endfacet
  facet normal 0.932495 0.361183 0
    outer loop
      vertex 60.4679 58.4071 3.01
      vertex 60.6073 58.0472 8
      vertex 60.6073 58.0472 3.01
    endloop
  endfacet
  facet normal 0.290248 -0.956951 0
    outer loop
      vertex 11.3902 46.3384 3
      vertex 11.7654 46.4522 8
      vertex 11.3902 46.3384 8
    endloop
  endfacet
  facet normal 0.290248 -0.956951 0
    outer loop
      vertex 11.7654 46.4522 8
      vertex 11.3902 46.3384 3
      vertex 11.7654 46.4522 3
    endloop
  endfacet
  facet normal 0.956951 0.290248 0
    outer loop
      vertex 12.9616 48.6902 8
      vertex 12.8478 49.0654 3
      vertex 12.8478 49.0654 8
    endloop
  endfacet
  facet normal 0.956951 0.290248 0
    outer loop
      vertex 12.8478 49.0654 3
      vertex 12.9616 48.6902 8
      vertex 12.9616 48.6902 3
    endloop
  endfacet
  facet normal 0.995193 0.097938 0
    outer loop
      vertex 13 48.3 8
      vertex 12.9616 48.6902 3
      vertex 12.9616 48.6902 8
    endloop
  endfacet
  facet normal 0.995193 0.097938 0
    outer loop
      vertex 12.9616 48.6902 3
      vertex 13 48.3 8
      vertex 13 48.3 3
    endloop
  endfacet
  facet normal 0.881795 0.471634 0
    outer loop
      vertex 12.8478 49.0654 8
      vertex 12.6629 49.4111 3
      vertex 12.6629 49.4111 8
    endloop
  endfacet
  facet normal 0.881795 0.471634 0
    outer loop
      vertex 12.6629 49.4111 3
      vertex 12.8478 49.0654 8
      vertex 12.8478 49.0654 3
    endloop
  endfacet
  facet normal -0.881879 -0.471475 0
    outer loop
      vertex 9.33706 47.1889 3
      vertex 9.15224 47.5346 8
      vertex 9.15224 47.5346 3
    endloop
  endfacet
  facet normal -0.881879 -0.471475 0
    outer loop
      vertex 9.15224 47.5346 8
      vertex 9.33706 47.1889 3
      vertex 9.33706 47.1889 8
    endloop
  endfacet
  facet normal 0.290248 0.956951 -0
    outer loop
      vertex 11.7654 50.1478 3
      vertex 11.3902 50.2616 8
      vertex 11.7654 50.1478 8
    endloop
  endfacet
  facet normal 0.290248 0.956951 0
    outer loop
      vertex 11.3902 50.2616 8
      vertex 11.7654 50.1478 3
      vertex 11.3902 50.2616 3
    endloop
  endfacet
  facet normal -0.097938 0.995193 0
    outer loop
      vertex 11 50.3 3
      vertex 10.6098 50.2616 8
      vertex 11 50.3 8
    endloop
  endfacet
  facet normal -0.097938 0.995193 0
    outer loop
      vertex 10.6098 50.2616 8
      vertex 11 50.3 3
      vertex 10.6098 50.2616 3
    endloop
  endfacet
  facet normal -0.471591 -0.881817 0
    outer loop
      vertex 9.88886 46.6371 3
      vertex 10.2346 46.4522 8
      vertex 9.88886 46.6371 8
    endloop
  endfacet
  facet normal -0.471591 -0.881817 -0
    outer loop
      vertex 10.2346 46.4522 8
      vertex 9.88886 46.6371 3
      vertex 10.2346 46.4522 3
    endloop
  endfacet
  facet normal -0.471591 0.881817 0
    outer loop
      vertex 10.2346 50.1478 3
      vertex 9.88886 49.9629 8
      vertex 10.2346 50.1478 8
    endloop
  endfacet
  facet normal -0.471591 0.881817 0
    outer loop
      vertex 9.88886 49.9629 8
      vertex 10.2346 50.1478 3
      vertex 9.88886 49.9629 3
    endloop
  endfacet
  facet normal 0.471634 -0.881795 0
    outer loop
      vertex 11.7654 46.4522 3
      vertex 12.1111 46.6371 8
      vertex 11.7654 46.4522 8
    endloop
  endfacet
  facet normal 0.471634 -0.881795 0
    outer loop
      vertex 12.1111 46.6371 8
      vertex 11.7654 46.4522 3
      vertex 12.1111 46.6371 3
    endloop
  endfacet
  facet normal -0.773033 0.634366 0
    outer loop
      vertex 9.33706 49.4111 3
      vertex 9.58579 49.7142 8
      vertex 9.58579 49.7142 3
    endloop
  endfacet
  facet normal -0.773033 0.634366 0
    outer loop
      vertex 9.58579 49.7142 8
      vertex 9.33706 49.4111 3
      vertex 9.33706 49.4111 8
    endloop
  endfacet
  facet normal 0.77307 0.634321 0
    outer loop
      vertex 12.6629 49.4111 8
      vertex 12.4142 49.7142 3
      vertex 12.4142 49.7142 8
    endloop
  endfacet
  facet normal 0.77307 0.634321 0
    outer loop
      vertex 12.4142 49.7142 3
      vertex 12.6629 49.4111 8
      vertex 12.6629 49.4111 3
    endloop
  endfacet
  facet normal 0.77307 -0.634321 0
    outer loop
      vertex 12.4142 46.8858 8
      vertex 12.6629 47.1889 3
      vertex 12.6629 47.1889 8
    endloop
  endfacet
  facet normal 0.77307 -0.634321 0
    outer loop
      vertex 12.6629 47.1889 3
      vertex 12.4142 46.8858 8
      vertex 12.4142 46.8858 3
    endloop
  endfacet
  facet normal -0.097938 -0.995193 0
    outer loop
      vertex 10.6098 46.3384 3
      vertex 11 46.3 8
      vertex 10.6098 46.3384 8
    endloop
  endfacet
  facet normal -0.097938 -0.995193 -0
    outer loop
      vertex 11 46.3 8
      vertex 10.6098 46.3384 3
      vertex 11 46.3 3
    endloop
  endfacet
  facet normal -0.290248 0.956951 0
    outer loop
      vertex 10.6098 50.2616 3
      vertex 10.2346 50.1478 8
      vertex 10.6098 50.2616 8
    endloop
  endfacet
  facet normal -0.290248 0.956951 0
    outer loop
      vertex 10.2346 50.1478 8
      vertex 10.6098 50.2616 3
      vertex 10.2346 50.1478 3
    endloop
  endfacet
  facet normal 0.634321 -0.77307 0
    outer loop
      vertex 12.1111 46.6371 3
      vertex 12.4142 46.8858 8
      vertex 12.1111 46.6371 8
    endloop
  endfacet
  facet normal 0.634321 -0.77307 0
    outer loop
      vertex 12.4142 46.8858 8
      vertex 12.1111 46.6371 3
      vertex 12.4142 46.8858 3
    endloop
  endfacet
  facet normal 0.995193 -0.097938 0
    outer loop
      vertex 12.9616 47.9098 8
      vertex 13 48.3 3
      vertex 13 48.3 8
    endloop
  endfacet
  facet normal 0.995193 -0.097938 0
    outer loop
      vertex 13 48.3 3
      vertex 12.9616 47.9098 8
      vertex 12.9616 47.9098 3
    endloop
  endfacet
  facet normal -0.290248 -0.956951 0
    outer loop
      vertex 10.2346 46.4522 3
      vertex 10.6098 46.3384 8
      vertex 10.2346 46.4522 8
    endloop
  endfacet
  facet normal -0.290248 -0.956951 -0
    outer loop
      vertex 10.6098 46.3384 8
      vertex 10.2346 46.4522 3
      vertex 10.6098 46.3384 3
    endloop
  endfacet
  facet normal 0 0 1
    outer loop
      vertex 12.9616 48.6902 8
      vertex 12.9616 47.9098 8
      vertex 13 48.3 8
    endloop
  endfacet
  facet normal 0 0 1
    outer loop
      vertex 12.8478 49.0654 8
      vertex 12.9616 47.9098 8
      vertex 12.9616 48.6902 8
    endloop
  endfacet
  facet normal 0 0 1
    outer loop
      vertex 12.8478 49.0654 8
      vertex 12.8478 47.5346 8
      vertex 12.9616 47.9098 8
    endloop
  endfacet
  facet normal 0 0 1
    outer loop
      vertex 12.6629 49.4111 8
      vertex 12.8478 47.5346 8
      vertex 12.8478 49.0654 8
    endloop
  endfacet
  facet normal 0 0 1
    outer loop
      vertex 12.6629 49.4111 8
      vertex 12.6629 47.1889 8
      vertex 12.8478 47.5346 8
    endloop
  endfacet
  facet normal 0 0 1
    outer loop
      vertex 12.4142 49.7142 8
      vertex 12.6629 47.1889 8
      vertex 12.6629 49.4111 8
    endloop
  endfacet
  facet normal 0 0 1
    outer loop
      vertex 12.4142 49.7142 8
      vertex 12.4142 46.8858 8
      vertex 12.6629 47.1889 8
    endloop
  endfacet
  facet normal 0 0 1
    outer loop
      vertex 12.1111 49.9629 8
      vertex 12.4142 46.8858 8
      vertex 12.4142 49.7142 8
    endloop
  endfacet
  facet normal 0 0 1
    outer loop
      vertex 12.1111 49.9629 8
      vertex 12.1111 46.6371 8
      vertex 12.4142 46.8858 8
    endloop
  endfacet
  facet normal 0 0 1
    outer loop
      vertex 11.7654 50.1478 8
      vertex 12.1111 46.6371 8
      vertex 12.1111 49.9629 8
    endloop
  endfacet
  facet normal 0 0 1
    outer loop
      vertex 11.7654 50.1478 8
      vertex 11.7654 46.4522 8
      vertex 12.1111 46.6371 8
    endloop
  endfacet
  facet normal 0 0 1
    outer loop
      vertex 11.3902 50.2616 8
      vertex 11.7654 46.4522 8
      vertex 11.7654 50.1478 8
    endloop
  endfacet
  facet normal 0 0 1
    outer loop
      vertex 11.3902 50.2616 8
      vertex 11.3902 46.3384 8
      vertex 11.7654 46.4522 8
    endloop
  endfacet
  facet normal 0 0 1
    outer loop
      vertex 11 50.3 8
      vertex 11.3902 46.3384 8
      vertex 11.3902 50.2616 8
    endloop
  endfacet
  facet normal 0 0 1
    outer loop
      vertex 11 50.3 8
      vertex 11 46.3 8
      vertex 11.3902 46.3384 8
    endloop
  endfacet
  facet normal -0 0 1
    outer loop
      vertex 10.6098 50.2616 8
      vertex 11 46.3 8
      vertex 11 50.3 8
    endloop
  endfacet
  facet normal 0 0 1
    outer loop
      vertex 10.6098 50.2616 8
      vertex 10.6098 46.3384 8
      vertex 11 46.3 8
    endloop
  endfacet
  facet normal -0 0 1
    outer loop
      vertex 10.2346 50.1478 8
      vertex 10.6098 46.3384 8
      vertex 10.6098 50.2616 8
    endloop
  endfacet
  facet normal 0 0 1
    outer loop
      vertex 10.2346 50.1478 8
      vertex 10.2346 46.4522 8
      vertex 10.6098 46.3384 8
    endloop
  endfacet
  facet normal -0 0 1
    outer loop
      vertex 9.88886 49.9629 8
      vertex 10.2346 46.4522 8
      vertex 10.2346 50.1478 8
    endloop
  endfacet
  facet normal 0 0 1
    outer loop
      vertex 9.88886 49.9629 8
      vertex 9.88886 46.6371 8
      vertex 10.2346 46.4522 8
    endloop
  endfacet
  facet normal -0 0 1
    outer loop
      vertex 9.58579 49.7142 8
      vertex 9.88886 46.6371 8
      vertex 9.88886 49.9629 8
    endloop
  endfacet
  facet normal 0 0 1
    outer loop
      vertex 9.58579 49.7142 8
      vertex 9.58579 46.8858 8
      vertex 9.88886 46.6371 8
    endloop
  endfacet
  facet normal -0 0 1
    outer loop
      vertex 9.33706 49.4111 8
      vertex 9.58579 46.8858 8
      vertex 9.58579 49.7142 8
    endloop
  endfacet
  facet normal 0 0 1
    outer loop
      vertex 9.33706 49.4111 8
      vertex 9.33706 47.1889 8
      vertex 9.58579 46.8858 8
    endloop
  endfacet
  facet normal -0 0 1
    outer loop
      vertex 9.15224 49.0654 8
      vertex 9.33706 47.1889 8
      vertex 9.33706 49.4111 8
    endloop
  endfacet
  facet normal 0 0 1
    outer loop
      vertex 9.15224 49.0654 8
      vertex 9.15224 47.5346 8
      vertex 9.33706 47.1889 8
    endloop
  endfacet
  facet normal -0 0 1
    outer loop
      vertex 9.03843 48.6902 8
      vertex 9.15224 47.5346 8
      vertex 9.15224 49.0654 8
    endloop
  endfacet
  facet normal 0 0 1
    outer loop
      vertex 9.03843 48.6902 8
      vertex 9.03843 47.9098 8
      vertex 9.15224 47.5346 8
    endloop
  endfacet
  facet normal 0 -0 1
    outer loop
      vertex 9.03843 47.9098 8
      vertex 9.03843 48.6902 8
      vertex 9 48.3 8
    endloop
  endfacet
  facet normal 0.956951 -0.290248 0
    outer loop
      vertex 12.8478 47.5346 8
      vertex 12.9616 47.9098 3
      vertex 12.9616 47.9098 8
    endloop
  endfacet
  facet normal 0.956951 -0.290248 0
    outer loop
      vertex 12.9616 47.9098 3
      vertex 12.8478 47.5346 8
      vertex 12.8478 47.5346 3
    endloop
  endfacet
  facet normal -0.956944 -0.290271 0
    outer loop
      vertex 9.15224 47.5346 3
      vertex 9.03843 47.9098 8
      vertex 9.03843 47.9098 3
    endloop
  endfacet
  facet normal -0.956944 -0.290271 0
    outer loop
      vertex 9.03843 47.9098 8
      vertex 9.15224 47.5346 3
      vertex 9.15224 47.5346 8
    endloop
  endfacet
  facet normal 0.881795 -0.471634 0
    outer loop
      vertex 12.6629 47.1889 8
      vertex 12.8478 47.5346 3
      vertex 12.8478 47.5346 8
    endloop
  endfacet
  facet normal 0.881795 -0.471634 0
    outer loop
      vertex 12.8478 47.5346 3
      vertex 12.6629 47.1889 8
      vertex 12.6629 47.1889 3
    endloop
  endfacet
  facet normal -0.995185 0.0980137 0
    outer loop
      vertex 9 48.3 3
      vertex 9.03843 48.6902 8
      vertex 9.03843 48.6902 3
    endloop
  endfacet
  facet normal -0.995185 0.0980137 0
    outer loop
      vertex 9.03843 48.6902 8
      vertex 9 48.3 3
      vertex 9 48.3 8
    endloop
  endfacet
  facet normal 0.097938 0.995193 -0
    outer loop
      vertex 11.3902 50.2616 3
      vertex 11 50.3 8
      vertex 11.3902 50.2616 8
    endloop
  endfacet
  facet normal 0.097938 0.995193 0
    outer loop
      vertex 11 50.3 8
      vertex 11.3902 50.2616 3
      vertex 11 50.3 3
    endloop
  endfacet
  facet normal -0.634358 0.773039 0
    outer loop
      vertex 9.88886 49.9629 3
      vertex 9.58579 49.7142 8
      vertex 9.88886 49.9629 8
    endloop
  endfacet
  facet normal -0.634358 0.773039 0
    outer loop
      vertex 9.58579 49.7142 8
      vertex 9.88886 49.9629 3
      vertex 9.58579 49.7142 3
    endloop
  endfacet
  facet normal 0.634321 0.77307 -0
    outer loop
      vertex 12.4142 49.7142 3
      vertex 12.1111 49.9629 8
      vertex 12.4142 49.7142 8
    endloop
  endfacet
  facet normal 0.634321 0.77307 0
    outer loop
      vertex 12.1111 49.9629 8
      vertex 12.4142 49.7142 3
      vertex 12.1111 49.9629 3
    endloop
  endfacet
  facet normal 0.097938 -0.995193 0
    outer loop
      vertex 11 46.3 3
      vertex 11.3902 46.3384 8
      vertex 11 46.3 8
    endloop
  endfacet
  facet normal 0.097938 -0.995193 0
    outer loop
      vertex 11.3902 46.3384 8
      vertex 11 46.3 3
      vertex 11.3902 46.3384 3
    endloop
  endfacet
  facet normal 0.471634 0.881795 -0
    outer loop
      vertex 12.1111 49.9629 3
      vertex 11.7654 50.1478 8
      vertex 12.1111 49.9629 8
    endloop
  endfacet
  facet normal 0.471634 0.881795 0
    outer loop
      vertex 11.7654 50.1478 8
      vertex 12.1111 49.9629 3
      vertex 11.7654 50.1478 3
    endloop
  endfacet
  facet normal -0.773033 -0.634366 0
    outer loop
      vertex 9.58579 46.8858 3
      vertex 9.33706 47.1889 8
      vertex 9.33706 47.1889 3
    endloop
  endfacet
  facet normal -0.773033 -0.634366 0
    outer loop
      vertex 9.33706 47.1889 8
      vertex 9.58579 46.8858 3
      vertex 9.58579 46.8858 8
    endloop
  endfacet
  facet normal -0.634358 -0.773039 0
    outer loop
      vertex 9.58579 46.8858 3
      vertex 9.88886 46.6371 8
      vertex 9.58579 46.8858 8
    endloop
  endfacet
  facet normal -0.634358 -0.773039 -0
    outer loop
      vertex 9.88886 46.6371 8
      vertex 9.58579 46.8858 3
      vertex 9.88886 46.6371 3
    endloop
  endfacet
  facet normal -0.956944 0.290271 0
    outer loop
      vertex 9.03843 48.6902 3
      vertex 9.15224 49.0654 8
      vertex 9.15224 49.0654 3
    endloop
  endfacet
  facet normal -0.956944 0.290271 0
    outer loop
      vertex 9.15224 49.0654 8
      vertex 9.03843 48.6902 3
      vertex 9.03843 48.6902 8
    endloop
  endfacet
  facet normal -0.881879 0.471475 0
    outer loop
      vertex 9.15224 49.0654 3
      vertex 9.33706 49.4111 8
      vertex 9.33706 49.4111 3
    endloop
  endfacet
  facet normal -0.881879 0.471475 0
    outer loop
      vertex 9.33706 49.4111 8
      vertex 9.15224 49.0654 3
      vertex 9.15224 49.0654 8
    endloop
  endfacet
  facet normal -0.995185 -0.0980137 0
    outer loop
      vertex 9.03843 47.9098 3
      vertex 9 48.3 8
      vertex 9 48.3 3
    endloop
  endfacet
  facet normal -0.995185 -0.0980137 0
    outer loop
      vertex 9 48.3 8
      vertex 9.03843 47.9098 3
      vertex 9.03843 47.9098 8
    endloop
  endfacet
  facet normal -0.239316 0.970942 -3.00182e-06
    outer loop
      vertex 14.1989 4.36203 0
      vertex 14.5566 4.4502 1.5
      vertex 14.5851 4.45722 0
    endloop
  endfacet
  facet normal -0.239167 0.970978 0
    outer loop
      vertex 14.5851 4.45722 0
      vertex 14.5566 4.4502 1.5
      vertex 14.5851 4.45722 1.50281
    endloop
  endfacet
  facet normal -0.239291 0.970948 -9.39888e-06
    outer loop
      vertex 14.5566 4.4502 1.5
      vertex 14.1989 4.36203 0
      vertex 14.2044 4.3634 1.5
    endloop
  endfacet
  facet normal -0.241705 0.97035 0
    outer loop
      vertex 14.2044 4.3634 1.5
      vertex 14.1989 4.36203 0
      vertex 14.1989 4.36203 1.50112
    endloop
  endfacet
  facet normal -0.934729 -0.355362 0
    outer loop
      vertex 15.461 6.76679 0
      vertex 15.4722 6.73733 1.5
      vertex 15.461 6.76679 1.50337
    endloop
  endfacet
  facet normal -0.934975 -0.354713 1.45774e-05
    outer loop
      vertex 15.6021 6.39487 0
      vertex 15.4722 6.73733 1.5
      vertex 15.461 6.76679 0
    endloop
  endfacet
  facet normal -0.935048 -0.354522 -3.54428e-05
    outer loop
      vertex 15.4722 6.73733 1.5
      vertex 15.6021 6.39487 0
      vertex 15.5981 6.40527 1.5
    endloop
  endfacet
  facet normal -0.933346 -0.358979 0
    outer loop
      vertex 15.5981 6.40527 1.5
      vertex 15.6021 6.39487 0
      vertex 15.6021 6.39487 1.50206
    endloop
  endfacet
  facet normal -0.992902 -0.118935 0
    outer loop
      vertex 15.6021 6.39487 0
      vertex 15.605 6.37066 1.5
      vertex 15.6021 6.39487 1.50206
    endloop
  endfacet
  facet normal -0.992723 -0.120423 -2.43628e-05
    outer loop
      vertex 15.65 6 0
      vertex 15.605 6.37066 1.5
      vertex 15.6021 6.39487 0
    endloop
  endfacet
  facet normal -0.992711 -0.12052 0
    outer loop
      vertex 15.605 6.37066 1.5
      vertex 15.65 6 0
      vertex 15.65 6 1.5
    endloop
  endfacet
  facet normal -0.822417 -0.568885 0
    outer loop
      vertex 15.235 7.09415 0
      vertex 15.2523 7.06914 1.5
      vertex 15.235 7.09415 1.50394
    endloop
  endfacet
  facet normal -0.822906 -0.568178 1.74318e-05
    outer loop
      vertex 15.235 7.09415 0
      vertex 15.4493 6.78382 1.5
      vertex 15.2523 7.06914 1.5
    endloop
  endfacet
  facet normal -0.822937 -0.568132 3.12858e-05
    outer loop
      vertex 15.461 6.76679 0
      vertex 15.4493 6.78382 1.5
      vertex 15.235 7.09415 0
    endloop
  endfacet
  facet normal -0.824225 -0.566262 0
    outer loop
      vertex 15.4493 6.78382 1.5
      vertex 15.461 6.76679 0
      vertex 15.461 6.76679 1.50337
    endloop
  endfacet
  facet normal -0.4648 0.885416 -1.24781e-05
    outer loop
      vertex 14.9092 4.62735 1.5
      vertex 14.9373 4.64208 0
      vertex 14.5994 4.46472 1.5
    endloop
  endfacet
  facet normal -0.464278 0.88569 0
    outer loop
      vertex 14.9373 4.64208 0
      vertex 14.9092 4.62735 1.5
      vertex 14.9373 4.64208 1.50375
    endloop
  endfacet
  facet normal -0.464745 0.885444 3.3487e-06
    outer loop
      vertex 14.5851 4.45722 0
      vertex 14.5994 4.46472 1.5
      vertex 14.9373 4.64208 0
    endloop
  endfacet
  facet normal -0.46447 0.885589 0
    outer loop
      vertex 14.5994 4.46472 1.5
      vertex 14.5851 4.45722 0
      vertex 14.5851 4.45722 1.50281
    endloop
  endfacet
  facet normal -0.992711 0.12052 0
    outer loop
      vertex 15.65 6 0
      vertex 15.605 5.62934 1.5
      vertex 15.65 6 1.5
    endloop
  endfacet
  facet normal -0.992723 0.120423 -2.43628e-05
    outer loop
      vertex 15.6021 5.60513 0
      vertex 15.605 5.62934 1.5
      vertex 15.65 6 0
    endloop
  endfacet
  facet normal -0.992902 0.118935 0
    outer loop
      vertex 15.605 5.62934 1.5
      vertex 15.6021 5.60513 0
      vertex 15.6021 5.60513 1.50206
    endloop
  endfacet
  facet normal 0 -1 -0
    outer loop
      vertex 13.8165 7.63797 1.5
      vertex 13.8011 7.63797 0
      vertex 14.1835 7.63797 1.5
    endloop
  endfacet
  facet normal 0 -1 0
    outer loop
      vertex 13.8011 7.63797 0
      vertex 13.8165 7.63797 1.5
      vertex 13.8011 7.63797 1.50112
    endloop
  endfacet
  facet normal 0 -1 0
    outer loop
      vertex 14.1989 7.63797 0
      vertex 14.1835 7.63797 1.5
      vertex 13.8011 7.63797 0
    endloop
  endfacet
  facet normal 0 -1 0
    outer loop
      vertex 14.1835 7.63797 1.5
      vertex 14.1989 7.63797 0
      vertex 14.1989 7.63797 1.50112
    endloop
  endfacet
  facet normal -0.824225 0.566262 0
    outer loop
      vertex 15.461 5.23321 0
      vertex 15.4493 5.21618 1.5
      vertex 15.461 5.23321 1.50337
    endloop
  endfacet
  facet normal -0.822906 0.568178 3.20448e-05
    outer loop
      vertex 15.461 5.23321 0
      vertex 15.2523 4.93086 1.5
      vertex 15.4493 5.21618 1.5
    endloop
  endfacet
  facet normal -0.822937 0.568132 1.85489e-05
    outer loop
      vertex 15.235 4.90585 0
      vertex 15.2523 4.93086 1.5
      vertex 15.461 5.23321 0
    endloop
  endfacet
  facet normal -0.822417 0.568885 0
    outer loop
      vertex 15.2523 4.93086 1.5
      vertex 15.235 4.90585 0
      vertex 15.235 4.90585 1.50394
    endloop
  endfacet
  facet normal 0.4648 0.885416 4.01838e-06
    outer loop
      vertex 13.4006 4.46472 1.5
      vertex 13.4149 4.45722 0
      vertex 13.0908 4.62735 1.5
    endloop
  endfacet
  facet normal 0.46447 0.885589 -0
    outer loop
      vertex 13.4149 4.45722 0
      vertex 13.4006 4.46472 1.5
      vertex 13.4149 4.45722 1.50281
    endloop
  endfacet
  facet normal 0.464745 0.885444 -1.11623e-05
    outer loop
      vertex 13.0627 4.64208 0
      vertex 13.0908 4.62735 1.5
      vertex 13.4149 4.45722 0
    endloop
  endfacet
  facet normal 0.464278 0.88569 0
    outer loop
      vertex 13.0908 4.62735 1.5
      vertex 13.0627 4.64208 0
      vertex 13.0627 4.64208 1.50375
    endloop
  endfacet
  facet normal -0.663165 -0.748473 1.569e-05
    outer loop
      vertex 14.9558 7.34156 1.5
      vertex 14.9373 7.35792 0
      vertex 15.2141 7.1127 1.5
    endloop
  endfacet
  facet normal -0.662452 -0.749105 0
    outer loop
      vertex 14.9373 7.35792 0
      vertex 14.9558 7.34156 1.5
      vertex 14.9373 7.35792 1.50375
    endloop
  endfacet
  facet normal -0.663166 -0.748472 1.59936e-05
    outer loop
      vertex 15.235 7.09415 0
      vertex 15.2141 7.1127 1.5
      vertex 14.9373 7.35792 0
    endloop
  endfacet
  facet normal -0.663808 -0.747903 0
    outer loop
      vertex 15.2141 7.1127 1.5
      vertex 15.235 7.09415 0
      vertex 15.235 7.09415 1.50394
    endloop
  endfacet
  facet normal 0.239291 0.970948 -9.39888e-06
    outer loop
      vertex 13.7956 4.3634 1.5
      vertex 13.8011 4.36203 0
      vertex 13.4434 4.4502 1.5
    endloop
  endfacet
  facet normal 0.241705 0.97035 -0
    outer loop
      vertex 13.8011 4.36203 0
      vertex 13.7956 4.3634 1.5
      vertex 13.8011 4.36203 1.50112
    endloop
  endfacet
  facet normal 0.239316 0.970942 -3.00182e-06
    outer loop
      vertex 13.4149 4.45722 0
      vertex 13.4434 4.4502 1.5
      vertex 13.8011 4.36203 0
    endloop
  endfacet
  facet normal 0.239167 0.970978 0
    outer loop
      vertex 13.4434 4.4502 1.5
      vertex 13.4149 4.45722 0
      vertex 13.4149 4.45722 1.50281
    endloop
  endfacet
  facet normal -0.933346 0.358979 0
    outer loop
      vertex 15.6021 5.60513 0
      vertex 15.5981 5.59473 1.5
      vertex 15.6021 5.60513 1.50206
    endloop
  endfacet
  facet normal -0.935048 0.354522 -3.54428e-05
    outer loop
      vertex 15.6021 5.60513 0
      vertex 15.4722 5.26267 1.5
      vertex 15.5981 5.59473 1.5
    endloop
  endfacet
  facet normal -0.934975 0.354713 1.45774e-05
    outer loop
      vertex 15.461 5.23321 0
      vertex 15.4722 5.26267 1.5
      vertex 15.6021 5.60513 0
    endloop
  endfacet
  facet normal -0.934729 0.355362 0
    outer loop
      vertex 15.4722 5.26267 1.5
      vertex 15.461 5.23321 0
      vertex 15.461 5.23321 1.50337
    endloop
  endfacet
  facet normal 0.239316 -0.970942 -3.00182e-06
    outer loop
      vertex 13.8011 7.63797 0
      vertex 13.4434 7.5498 1.5
      vertex 13.4149 7.54278 0
    endloop
  endfacet
  facet normal 0.239167 -0.970978 0
    outer loop
      vertex 13.4149 7.54278 0
      vertex 13.4434 7.5498 1.5
      vertex 13.4149 7.54278 1.50281
    endloop
  endfacet
  facet normal 0.239291 -0.970948 -9.39888e-06
    outer loop
      vertex 13.4434 7.5498 1.5
      vertex 13.8011 7.63797 0
      vertex 13.7956 7.6366 1.5
    endloop
  endfacet
  facet normal 0.241705 -0.97035 0
    outer loop
      vertex 13.7956 7.6366 1.5
      vertex 13.8011 7.63797 0
      vertex 13.8011 7.63797 1.50112
    endloop
  endfacet
  facet normal 0.663165 -0.748473 1.60165e-05
    outer loop
      vertex 12.7859 7.1127 1.5
      vertex 12.765 7.09415 0
      vertex 13.0442 7.34156 1.5
    endloop
  endfacet
  facet normal 0.663808 -0.747903 0
    outer loop
      vertex 12.765 7.09415 0
      vertex 12.7859 7.1127 1.5
      vertex 12.765 7.09415 1.50394
    endloop
  endfacet
  facet normal 0.663166 -0.748472 1.57103e-05
    outer loop
      vertex 13.0627 7.35792 0
      vertex 13.0442 7.34156 1.5
      vertex 12.765 7.09415 0
    endloop
  endfacet
  facet normal 0.662452 -0.749105 0
    outer loop
      vertex 13.0442 7.34156 1.5
      vertex 13.0627 7.35792 0
      vertex 13.0627 7.35792 1.50375
    endloop
  endfacet
  facet normal 0 1 0
    outer loop
      vertex 14.1835 4.36203 1.5
      vertex 14.1989 4.36203 0
      vertex 13.8165 4.36203 1.5
    endloop
  endfacet
  facet normal 0 1 -0
    outer loop
      vertex 14.1989 4.36203 0
      vertex 14.1835 4.36203 1.5
      vertex 14.1989 4.36203 1.50112
    endloop
  endfacet
  facet normal 0 1 0
    outer loop
      vertex 13.8011 4.36203 0
      vertex 13.8165 4.36203 1.5
      vertex 14.1989 4.36203 0
    endloop
  endfacet
  facet normal 0 1 0
    outer loop
      vertex 13.8165 4.36203 1.5
      vertex 13.8011 4.36203 0
      vertex 13.8011 4.36203 1.50112
    endloop
  endfacet
  facet normal 0.933346 0.358979 0
    outer loop
      vertex 12.4019 5.59473 1.5
      vertex 12.3979 5.60513 0
      vertex 12.3979 5.60513 1.50206
    endloop
  endfacet
  facet normal 0.935048 0.354522 -3.54428e-05
    outer loop
      vertex 12.5278 5.26267 1.5
      vertex 12.3979 5.60513 0
      vertex 12.4019 5.59473 1.5
    endloop
  endfacet
  facet normal 0.934729 0.355362 -0
    outer loop
      vertex 12.539 5.23321 0
      vertex 12.5278 5.26267 1.5
      vertex 12.539 5.23321 1.50337
    endloop
  endfacet
  facet normal 0.934975 0.354713 1.45774e-05
    outer loop
      vertex 12.5278 5.26267 1.5
      vertex 12.539 5.23321 0
      vertex 12.3979 5.60513 0
    endloop
  endfacet
  facet normal 0.663165 0.748473 1.569e-05
    outer loop
      vertex 13.0442 4.65844 1.5
      vertex 13.0627 4.64208 0
      vertex 12.7859 4.8873 1.5
    endloop
  endfacet
  facet normal 0.662452 0.749105 -0
    outer loop
      vertex 13.0627 4.64208 0
      vertex 13.0442 4.65844 1.5
      vertex 13.0627 4.64208 1.50375
    endloop
  endfacet
  facet normal 0.663166 0.748472 1.59936e-05
    outer loop
      vertex 12.765 4.90585 0
      vertex 12.7859 4.8873 1.5
      vertex 13.0627 4.64208 0
    endloop
  endfacet
  facet normal 0.663808 0.747903 0
    outer loop
      vertex 12.7859 4.8873 1.5
      vertex 12.765 4.90585 0
      vertex 12.765 4.90585 1.50394
    endloop
  endfacet
  facet normal -0.239291 -0.970948 -9.39888e-06
    outer loop
      vertex 14.2044 7.6366 1.5
      vertex 14.1989 7.63797 0
      vertex 14.5566 7.5498 1.5
    endloop
  endfacet
  facet normal -0.241705 -0.97035 0
    outer loop
      vertex 14.1989 7.63797 0
      vertex 14.2044 7.6366 1.5
      vertex 14.1989 7.63797 1.50112
    endloop
  endfacet
  facet normal -0.239316 -0.970942 -3.00182e-06
    outer loop
      vertex 14.5851 7.54278 0
      vertex 14.5566 7.5498 1.5
      vertex 14.1989 7.63797 0
    endloop
  endfacet
  facet normal -0.239167 -0.970978 0
    outer loop
      vertex 14.5566 7.5498 1.5
      vertex 14.5851 7.54278 0
      vertex 14.5851 7.54278 1.50281
    endloop
  endfacet
  facet normal 0.934729 -0.355362 0
    outer loop
      vertex 12.5278 6.73733 1.5
      vertex 12.539 6.76679 0
      vertex 12.539 6.76679 1.50337
    endloop
  endfacet
  facet normal 0.935048 -0.354522 -3.54428e-05
    outer loop
      vertex 12.3979 6.39487 0
      vertex 12.5278 6.73733 1.5
      vertex 12.4019 6.40527 1.5
    endloop
  endfacet
  facet normal 0.933346 -0.358979 0
    outer loop
      vertex 12.3979 6.39487 0
      vertex 12.4019 6.40527 1.5
      vertex 12.3979 6.39487 1.50206
    endloop
  endfacet
  facet normal 0.934975 -0.354713 1.45774e-05
    outer loop
      vertex 12.5278 6.73733 1.5
      vertex 12.3979 6.39487 0
      vertex 12.539 6.76679 0
    endloop
  endfacet
  facet normal 0.824225 0.566262 0
    outer loop
      vertex 12.5507 5.21618 1.5
      vertex 12.539 5.23321 0
      vertex 12.539 5.23321 1.50337
    endloop
  endfacet
  facet normal 0.822906 0.568178 3.20448e-05
    outer loop
      vertex 12.7477 4.93086 1.5
      vertex 12.539 5.23321 0
      vertex 12.5507 5.21618 1.5
    endloop
  endfacet
  facet normal 0.822417 0.568885 -0
    outer loop
      vertex 12.765 4.90585 0
      vertex 12.7477 4.93086 1.5
      vertex 12.765 4.90585 1.50394
    endloop
  endfacet
  facet normal 0.822937 0.568132 1.85489e-05
    outer loop
      vertex 12.7477 4.93086 1.5
      vertex 12.765 4.90585 0
      vertex 12.539 5.23321 0
    endloop
  endfacet
  facet normal 0.822417 -0.568885 0
    outer loop
      vertex 12.7477 7.06914 1.5
      vertex 12.765 7.09415 0
      vertex 12.765 7.09415 1.50394
    endloop
  endfacet
  facet normal 0.822906 -0.568178 1.74318e-05
    outer loop
      vertex 12.5507 6.78382 1.5
      vertex 12.765 7.09415 0
      vertex 12.7477 7.06914 1.5
    endloop
  endfacet
  facet normal 0.824225 -0.566262 0
    outer loop
      vertex 12.539 6.76679 0
      vertex 12.5507 6.78382 1.5
      vertex 12.539 6.76679 1.50337
    endloop
  endfacet
  facet normal 0.822937 -0.568132 3.12858e-05
    outer loop
      vertex 12.5507 6.78382 1.5
      vertex 12.539 6.76679 0
      vertex 12.765 7.09415 0
    endloop
  endfacet
  facet normal 0.992902 -0.118935 0
    outer loop
      vertex 12.395 6.37066 1.5
      vertex 12.3979 6.39487 0
      vertex 12.3979 6.39487 1.50206
    endloop
  endfacet
  facet normal 0.992711 -0.12052 0
    outer loop
      vertex 12.35 6 0
      vertex 12.395 6.37066 1.5
      vertex 12.35 6 1.5
    endloop
  endfacet
  facet normal 0.992723 -0.120423 -2.43628e-05
    outer loop
      vertex 12.395 6.37066 1.5
      vertex 12.35 6 0
      vertex 12.3979 6.39487 0
    endloop
  endfacet
  facet normal -0.4648 -0.885416 4.01838e-06
    outer loop
      vertex 14.5994 7.53528 1.5
      vertex 14.5851 7.54278 0
      vertex 14.9092 7.37265 1.5
    endloop
  endfacet
  facet normal -0.46447 -0.885589 0
    outer loop
      vertex 14.5851 7.54278 0
      vertex 14.5994 7.53528 1.5
      vertex 14.5851 7.54278 1.50281
    endloop
  endfacet
  facet normal -0.464745 -0.885444 -1.11623e-05
    outer loop
      vertex 14.9373 7.35792 0
      vertex 14.9092 7.37265 1.5
      vertex 14.5851 7.54278 0
    endloop
  endfacet
  facet normal -0.464278 -0.88569 0
    outer loop
      vertex 14.9092 7.37265 1.5
      vertex 14.9373 7.35792 0
      vertex 14.9373 7.35792 1.50375
    endloop
  endfacet
  facet normal 0.992711 0.12052 0
    outer loop
      vertex 12.395 5.62934 1.5
      vertex 12.35 6 0
      vertex 12.35 6 1.5
    endloop
  endfacet
  facet normal 0.992902 0.118935 -0
    outer loop
      vertex 12.3979 5.60513 0
      vertex 12.395 5.62934 1.5
      vertex 12.3979 5.60513 1.50206
    endloop
  endfacet
  facet normal 0.992723 0.120423 -2.43628e-05
    outer loop
      vertex 12.395 5.62934 1.5
      vertex 12.3979 5.60513 0
      vertex 12.35 6 0
    endloop
  endfacet
  facet normal 0.4648 -0.885416 -1.24781e-05
    outer loop
      vertex 13.0908 7.37265 1.5
      vertex 13.0627 7.35792 0
      vertex 13.4006 7.53528 1.5
    endloop
  endfacet
  facet normal 0.464278 -0.88569 0
    outer loop
      vertex 13.0627 7.35792 0
      vertex 13.0908 7.37265 1.5
      vertex 13.0627 7.35792 1.50375
    endloop
  endfacet
  facet normal 0.464745 -0.885444 3.3487e-06
    outer loop
      vertex 13.4149 7.54278 0
      vertex 13.4006 7.53528 1.5
      vertex 13.0627 7.35792 0
    endloop
  endfacet
  facet normal 0.46447 -0.885589 0
    outer loop
      vertex 13.4006 7.53528 1.5
      vertex 13.4149 7.54278 0
      vertex 13.4149 7.54278 1.50281
    endloop
  endfacet
  facet normal -0.663165 0.748473 1.60165e-05
    outer loop
      vertex 15.2141 4.8873 1.5
      vertex 15.235 4.90585 0
      vertex 14.9558 4.65844 1.5
    endloop
  endfacet
  facet normal -0.663808 0.747903 0
    outer loop
      vertex 15.235 4.90585 0
      vertex 15.2141 4.8873 1.5
      vertex 15.235 4.90585 1.50394
    endloop
  endfacet
  facet normal -0.663166 0.748472 1.57103e-05
    outer loop
      vertex 14.9373 4.64208 0
      vertex 14.9558 4.65844 1.5
      vertex 15.235 4.90585 0
    endloop
  endfacet
  facet normal -0.662452 0.749105 0
    outer loop
      vertex 14.9558 4.65844 1.5
      vertex 14.9373 4.64208 0
      vertex 14.9373 4.64208 1.50375
    endloop
  endfacet
  facet normal -0.744605 -0.0487483 0.665723
    outer loop
      vertex 15.65 6 1.5
      vertex 16.991 6.00143 3
      vertex 15.6359 6.21537 1.5
    endloop
  endfacet
  facet normal -0.744479 -0.0520614 0.665613
    outer loop
      vertex 16.991 6.00143 3
      vertex 15.65 6 1.5
      vertex 16.9911 6 3
    endloop
  endfacet
  facet normal 0.731852 -0.14567 0.665712
    outer loop
      vertex 12.3641 6.21537 1.5
      vertex 11.1106 6.77274 3
      vertex 11.0345 6.39041 3
    endloop
  endfacet
  facet normal 0.414502 0.620499 0.66571
    outer loop
      vertex 12.5045 3.40967 3
      vertex 13.175 4.57106 1.5
      vertex 12.1803 3.62624 3
    endloop
  endfacet
  facet normal 0.330066 -0.669244 0.665709
    outer loop
      vertex 13.175 7.42894 1.5
      vertex 12.8541 8.76275 3
      vertex 12.5045 8.59033 3
    endloop
  endfacet
  facet normal -0.548049 -0.507453 0.664932
    outer loop
      vertex 16.372 7.82192 3
      vertex 15.309 7.00446 1.5
      vertex 16.373 7.82084 3
    endloop
  endfacet
  facet normal -0.560969 -0.49208 0.665711
    outer loop
      vertex 15.235 7.09415 1.50394
      vertex 15.309 7.00446 1.5
      vertex 16.372 7.82192 3
    endloop
  endfacet
  facet normal -0.563792 -0.494233 0.661719
    outer loop
      vertex 15.309 7.00446 1.5
      vertex 15.235 7.09415 1.50394
      vertex 15.2523 7.06914 1.5
    endloop
  endfacet
  facet normal -0.561116 -0.491888 0.665729
    outer loop
      vertex 15.1667 7.16673 1.5
      vertex 15.235 7.09415 1.50394
      vertex 16.372 7.82192 3
    endloop
  endfacet
  facet normal -0.563585 -0.494428 0.66175
    outer loop
      vertex 15.235 7.09415 1.50394
      vertex 15.1667 7.16673 1.5
      vertex 15.2141 7.1127 1.5
    endloop
  endfacet
  facet normal 0.669264 0.330018 0.665713
    outer loop
      vertex 11.4097 4.50447 3
      vertex 12.5711 5.175 1.5
      vertex 11.2373 4.85409 3
    endloop
  endfacet
  facet normal 0.413288 0.618207 0.66859
    outer loop
      vertex 13.0627 4.64208 1.50375
      vertex 13.175 4.57106 1.5
      vertex 13.0908 4.62735 1.5
    endloop
  endfacet
  facet normal 0.41542 0.621917 0.663811
    outer loop
      vertex 12.9955 4.69097 1.5
      vertex 13.0627 4.64208 1.50375
      vertex 13.0442 4.65844 1.5
    endloop
  endfacet
  facet normal 0.414594 0.620423 0.665723
    outer loop
      vertex 13.0627 4.64208 1.50375
      vertex 12.1803 3.62624 3
      vertex 13.175 4.57106 1.5
    endloop
  endfacet
  facet normal 0.414357 0.620601 0.665704
    outer loop
      vertex 12.9955 4.69097 1.5
      vertex 12.1803 3.62624 3
      vertex 13.0627 4.64208 1.50375
    endloop
  endfacet
  facet normal 0.434977 0.605664 0.666308
    outer loop
      vertex 12.1803 3.62624 3
      vertex 12.9955 4.69097 1.5
      vertex 12.1792 3.62703 3
    endloop
  endfacet
  facet normal -0.56105 0.491981 0.665716
    outer loop
      vertex 16.115 3.885 3
      vertex 16.372 4.17808 3
      vertex 15.1667 4.83327 1.5
    endloop
  endfacet
  facet normal -0.04787 -0.744645 0.665742
    outer loop
      vertex 14 7.65 1.5
      vertex 14.0014 8.99097 3
      vertex 14 8.99106 3
    endloop
  endfacet
  facet normal -0.0488156 -0.74461 0.665712
    outer loop
      vertex 14.0014 8.99097 3
      vertex 14 7.65 1.5
      vertex 14.1835 7.63797 1.5
    endloop
  endfacet
  facet normal -0.0484183 -0.744601 0.665752
    outer loop
      vertex 14.0014 8.99097 3
      vertex 14.1835 7.63797 1.5
      vertex 14.1989 7.63797 1.50112
    endloop
  endfacet
  facet normal -0.0485515 -0.741759 0.668907
    outer loop
      vertex 14.2154 7.63588 1.5
      vertex 14.1989 7.63797 1.50112
      vertex 14.2044 7.6366 1.5
    endloop
  endfacet
  facet normal -0.0491334 -0.744621 0.665676
    outer loop
      vertex 14.1989 7.63797 1.50112
      vertex 14.2154 7.63588 1.5
      vertex 14.0014 8.99097 3
    endloop
  endfacet
  facet normal -0.240085 -0.706557 0.665685
    outer loop
      vertex 14.6314 7.5244 1.5
      vertex 14.7741 8.88914 3
      vertex 14.5851 7.54278 1.50281
    endloop
  endfacet
  facet normal -0.239919 -0.706599 0.665701
    outer loop
      vertex 14.4271 7.59378 1.5
      vertex 14.5851 7.54278 1.50281
      vertex 14.7741 8.88914 3
    endloop
  endfacet
  facet normal -0.239501 -0.705214 0.667317
    outer loop
      vertex 14.5851 7.54278 1.50281
      vertex 14.4271 7.59378 1.5
      vertex 14.5566 7.5498 1.5
    endloop
  endfacet
  facet normal -0.240601 -0.707651 0.664335
    outer loop
      vertex 14.6314 7.5244 1.5
      vertex 14.5851 7.54278 1.50281
      vertex 14.5994 7.53528 1.5
    endloop
  endfacet
  facet normal -0.232708 -0.708241 0.666515
    outer loop
      vertex 14.7741 8.88914 3
      vertex 14.6314 7.5244 1.5
      vertex 14.7755 8.88868 3
    endloop
  endfacet
  facet normal 0.239873 -0.706602 0.665713
    outer loop
      vertex 13.3686 7.5244 1.5
      vertex 13.2245 8.88868 3
      vertex 12.8554 8.76338 3
    endloop
  endfacet
  facet normal 0.0484183 -0.744601 0.665752
    outer loop
      vertex 13.8165 7.63797 1.5
      vertex 13.9986 8.99097 3
      vertex 13.8011 7.63797 1.50112
    endloop
  endfacet
  facet normal 0.0491334 -0.744621 0.665676
    outer loop
      vertex 13.7846 7.63588 1.5
      vertex 13.8011 7.63797 1.50112
      vertex 13.9986 8.99097 3
    endloop
  endfacet
  facet normal 0.0485515 -0.741759 0.668907
    outer loop
      vertex 13.8011 7.63797 1.50112
      vertex 13.7846 7.63588 1.5
      vertex 13.7956 7.6366 1.5
    endloop
  endfacet
  facet normal 0.0488156 -0.74461 0.665712
    outer loop
      vertex 14 7.65 1.5
      vertex 13.9986 8.99097 3
      vertex 13.8165 7.63797 1.5
    endloop
  endfacet
  facet normal 0.04787 -0.744645 0.665742
    outer loop
      vertex 13.9986 8.99097 3
      vertex 14 7.65 1.5
      vertex 14 8.99106 3
    endloop
  endfacet
  facet normal 0.14634 -0.731701 0.665731
    outer loop
      vertex 13.5729 7.59378 1.5
      vertex 13.2273 8.88942 3
      vertex 13.2259 8.88914 3
    endloop
  endfacet
  facet normal 0.145547 -0.731883 0.665705
    outer loop
      vertex 13.2273 8.88942 3
      vertex 13.5729 7.59378 1.5
      vertex 13.7846 7.63588 1.5
    endloop
  endfacet
  facet normal 0.0488112 0.744611 0.665712
    outer loop
      vertex 14 3.00894 3
      vertex 14 4.35 1.5
      vertex 13.611 3.03444 3
    endloop
  endfacet
  facet normal -0.672018 0.33125 0.662318
    outer loop
      vertex 15.461 5.23321 1.50337
      vertex 15.5244 5.36857 1.5
      vertex 15.4722 5.26267 1.5
    endloop
  endfacet
  facet normal -0.676782 0.335268 0.655409
    outer loop
      vertex 15.4289 5.175 1.5
      vertex 15.461 5.23321 1.50337
      vertex 15.4493 5.21618 1.5
    endloop
  endfacet
  facet normal -0.66925 0.330038 0.665717
    outer loop
      vertex 15.461 5.23321 1.50337
      vertex 16.7634 4.85537 3
      vertex 15.5244 5.36857 1.5
    endloop
  endfacet
  facet normal -0.669092 0.330433 0.66568
    outer loop
      vertex 15.4289 5.175 1.5
      vertex 16.7634 4.85537 3
      vertex 15.461 5.23321 1.50337
    endloop
  endfacet
  facet normal -0.657737 0.3597 0.661814
    outer loop
      vertex 16.7634 4.85537 3
      vertex 15.4289 5.175 1.5
      vertex 16.7627 4.85409 3
    endloop
  endfacet
  facet normal 0.744296 -0.0520487 0.665818
    outer loop
      vertex 11.0344 6.38898 3
      vertex 12.3641 6.21537 1.5
      vertex 11.0345 6.39041 3
    endloop
  endfacet
  facet normal 0.744612 -0.0487488 0.665716
    outer loop
      vertex 12.3641 6.21537 1.5
      vertex 11.0344 6.38898 3
      vertex 12.35 6 1.5
    endloop
  endfacet
  facet normal -0.414502 -0.620499 0.66571
    outer loop
      vertex 15.8197 8.37376 3
      vertex 15.4955 8.59033 3
      vertex 14.825 7.42894 1.5
    endloop
  endfacet
  facet normal 0.0491252 0.744581 0.665722
    outer loop
      vertex 13.7846 4.36412 1.5
      vertex 13.611 3.03444 3
      vertex 13.8011 4.36203 1.50112
    endloop
  endfacet
  facet normal 0.0488156 0.74461 0.665712
    outer loop
      vertex 13.8165 4.36203 1.5
      vertex 13.611 3.03444 3
      vertex 14 4.35 1.5
    endloop
  endfacet
  facet normal 0.0484142 0.744652 0.665695
    outer loop
      vertex 13.611 3.03444 3
      vertex 13.8165 4.36203 1.5
      vertex 13.8011 4.36203 1.50112
    endloop
  endfacet
  facet normal 0.0485515 0.741759 0.668907
    outer loop
      vertex 13.7846 4.36412 1.5
      vertex 13.8011 4.36203 1.50112
      vertex 13.7956 4.3634 1.5
    endloop
  endfacet
  facet normal 0.0478735 0.744699 0.665681
    outer loop
      vertex 13.611 3.03444 3
      vertex 13.7846 4.36412 1.5
      vertex 13.6096 3.03453 3
    endloop
  endfacet
  facet normal 0.744601 0.0488119 0.665723
    outer loop
      vertex 11.0344 5.61101 3
      vertex 12.35 6 1.5
      vertex 11.0089 6 3
    endloop
  endfacet
  facet normal -0.620508 -0.414476 0.665718
    outer loop
      vertex 16.5903 7.49553 3
      vertex 16.3738 7.81965 3
      vertex 15.4289 6.825 1.5
    endloop
  endfacet
  facet normal 0.669264 -0.330018 0.665713
    outer loop
      vertex 12.5711 6.825 1.5
      vertex 11.4097 7.49553 3
      vertex 11.2373 7.14591 3
    endloop
  endfacet
  facet normal -0.0478735 0.744699 0.665681
    outer loop
      vertex 14.2154 4.36412 1.5
      vertex 14.389 3.03444 3
      vertex 14.3904 3.03453 3
    endloop
  endfacet
  facet normal -0.0491252 0.744581 0.665722
    outer loop
      vertex 14.389 3.03444 3
      vertex 14.2154 4.36412 1.5
      vertex 14.1989 4.36203 1.50112
    endloop
  endfacet
  facet normal -0.0485515 0.741759 0.668907
    outer loop
      vertex 14.1989 4.36203 1.50112
      vertex 14.2154 4.36412 1.5
      vertex 14.2044 4.3634 1.5
    endloop
  endfacet
  facet normal -0.0484142 0.744652 0.665695
    outer loop
      vertex 14.1835 4.36203 1.5
      vertex 14.389 3.03444 3
      vertex 14.1989 4.36203 1.50112
    endloop
  endfacet
  facet normal -0.0488156 0.74461 0.665712
    outer loop
      vertex 14.389 3.03444 3
      vertex 14.1835 4.36203 1.5
      vertex 14 4.35 1.5
    endloop
  endfacet
  facet normal 0.492124 0.560945 0.665698
    outer loop
      vertex 12.1781 3.62797 3
      vertex 12.9955 4.69097 1.5
      vertex 12.8333 4.83327 1.5
    endloop
  endfacet
  facet normal 0.484622 0.56711 0.665979
    outer loop
      vertex 12.9955 4.69097 1.5
      vertex 12.1781 3.62797 3
      vertex 12.1792 3.62703 3
    endloop
  endfacet
  facet normal -0.620457 0.414537 0.665726
    outer loop
      vertex 15.309 4.99554 1.5
      vertex 16.3738 4.18035 3
      vertex 15.4289 5.175 1.5
    endloop
  endfacet
  facet normal -0.619217 0.41628 0.665793
    outer loop
      vertex 16.3738 4.18035 3
      vertex 15.309 4.99554 1.5
      vertex 16.373 4.17916 3
    endloop
  endfacet
  facet normal -0.330066 0.669244 0.665709
    outer loop
      vertex 15.1459 3.23725 3
      vertex 15.4955 3.40967 3
      vertex 14.825 4.57106 1.5
    endloop
  endfacet
  facet normal -0.145547 -0.731883 0.665705
    outer loop
      vertex 14.4271 7.59378 1.5
      vertex 14.7727 8.88942 3
      vertex 14.2154 7.63588 1.5
    endloop
  endfacet
  facet normal -0.14634 -0.731701 0.665731
    outer loop
      vertex 14.7727 8.88942 3
      vertex 14.4271 7.59378 1.5
      vertex 14.7741 8.88914 3
    endloop
  endfacet
  facet normal 0.330066 0.669244 0.665709
    outer loop
      vertex 12.8541 3.23725 3
      vertex 13.175 4.57106 1.5
      vertex 12.5045 3.40967 3
    endloop
  endfacet
  facet normal -0.491995 0.561038 0.665716
    outer loop
      vertex 15.8219 3.62797 3
      vertex 16.115 3.885 3
      vertex 15.1667 4.83327 1.5
    endloop
  endfacet
  facet normal -0.731852 -0.14567 0.665712
    outer loop
      vertex 16.9655 6.39041 3
      vertex 16.8894 6.77274 3
      vertex 15.6359 6.21537 1.5
    endloop
  endfacet
  facet normal -0.0488112 -0.74461 0.665712
    outer loop
      vertex 14.2154 7.63588 1.5
      vertex 14.3904 8.96547 3
      vertex 14.0014 8.99097 3
    endloop
  endfacet
  facet normal 0.729383 -0.156296 0.666012
    outer loop
      vertex 11.1106 6.77274 3
      vertex 12.4062 6.42705 1.5
      vertex 11.1109 6.77414 3
    endloop
  endfacet
  facet normal 0.731757 -0.146122 0.665718
    outer loop
      vertex 12.3979 6.39487 1.50206
      vertex 12.4062 6.42705 1.5
      vertex 11.1106 6.77274 3
    endloop
  endfacet
  facet normal 0.719436 -0.142037 0.679881
    outer loop
      vertex 12.4062 6.42705 1.5
      vertex 12.3979 6.39487 1.50206
      vertex 12.4019 6.40527 1.5
    endloop
  endfacet
  facet normal 0.732184 -0.144343 0.665636
    outer loop
      vertex 11.1106 6.77274 3
      vertex 12.395 6.37066 1.5
      vertex 12.3979 6.39487 1.50206
    endloop
  endfacet
  facet normal 0.731865 -0.145628 0.665707
    outer loop
      vertex 12.395 6.37066 1.5
      vertex 11.1106 6.77274 3
      vertex 12.3641 6.21537 1.5
    endloop
  endfacet
  facet normal 0.145589 0.73187 0.66571
    outer loop
      vertex 13.6096 3.03453 3
      vertex 13.7846 4.36412 1.5
      vertex 13.2273 3.11058 3
    endloop
  endfacet
  facet normal 0.563585 -0.494428 0.66175
    outer loop
      vertex 12.8333 7.16673 1.5
      vertex 12.765 7.09415 1.50394
      vertex 12.7859 7.1127 1.5
    endloop
  endfacet
  facet normal 0.563792 -0.494233 0.661719
    outer loop
      vertex 12.765 7.09415 1.50394
      vertex 12.691 7.00446 1.5
      vertex 12.7477 7.06914 1.5
    endloop
  endfacet
  facet normal 0.561116 -0.491888 0.665729
    outer loop
      vertex 11.628 7.82192 3
      vertex 12.765 7.09415 1.50394
      vertex 12.8333 7.16673 1.5
    endloop
  endfacet
  facet normal 0.560969 -0.49208 0.665711
    outer loop
      vertex 11.628 7.82192 3
      vertex 12.691 7.00446 1.5
      vertex 12.765 7.09415 1.50394
    endloop
  endfacet
  facet normal 0.548049 -0.507453 0.664932
    outer loop
      vertex 12.691 7.00446 1.5
      vertex 11.628 7.82192 3
      vertex 11.627 7.82084 3
    endloop
  endfacet
  facet normal -0.732184 0.144343 0.665636
    outer loop
      vertex 16.8894 5.22726 3
      vertex 15.605 5.62934 1.5
      vertex 15.6021 5.60513 1.50206
    endloop
  endfacet
  facet normal -0.719436 0.142037 0.679881
    outer loop
      vertex 15.5938 5.57295 1.5
      vertex 15.6021 5.60513 1.50206
      vertex 15.5981 5.59473 1.5
    endloop
  endfacet
  facet normal -0.731865 0.145628 0.665707
    outer loop
      vertex 15.605 5.62934 1.5
      vertex 16.8894 5.22726 3
      vertex 15.6359 5.78463 1.5
    endloop
  endfacet
  facet normal -0.731757 0.146122 0.665718
    outer loop
      vertex 15.5938 5.57295 1.5
      vertex 16.8894 5.22726 3
      vertex 15.6021 5.60513 1.50206
    endloop
  endfacet
  facet normal -0.729383 0.156296 0.666012
    outer loop
      vertex 16.8894 5.22726 3
      vertex 15.5938 5.57295 1.5
      vertex 16.8891 5.22586 3
    endloop
  endfacet
  facet normal -0.7066 0.239936 0.665693
    outer loop
      vertex 15.5244 5.36857 1.5
      vertex 16.8891 5.22586 3
      vertex 15.5938 5.57295 1.5
    endloop
  endfacet
  facet normal -0.713206 0.209766 0.668832
    outer loop
      vertex 16.8891 5.22586 3
      vertex 15.5244 5.36857 1.5
      vertex 16.8887 5.2245 3
    endloop
  endfacet
  facet normal 0.491995 0.561038 0.665716
    outer loop
      vertex 12.1781 3.62797 3
      vertex 12.8333 4.83327 1.5
      vertex 11.885 3.885 3
    endloop
  endfacet
  facet normal 0.491984 -0.561048 0.665715
    outer loop
      vertex 12.8333 7.16673 1.5
      vertex 12.1781 8.37202 3
      vertex 11.885 8.115 3
    endloop
  endfacet
  facet normal 0.414502 -0.620499 0.66571
    outer loop
      vertex 13.175 7.42894 1.5
      vertex 12.5045 8.59033 3
      vertex 12.1803 8.37376 3
    endloop
  endfacet
  facet normal -0.744479 0.0520614 0.665613
    outer loop
      vertex 15.65 6 1.5
      vertex 16.991 5.99857 3
      vertex 16.9911 6 3
    endloop
  endfacet
  facet normal -0.744605 0.0487483 0.665723
    outer loop
      vertex 16.991 5.99857 3
      vertex 15.65 6 1.5
      vertex 15.6359 5.78463 1.5
    endloop
  endfacet
  facet normal 0.330003 0.669271 0.665714
    outer loop
      vertex 13.175 4.57106 1.5
      vertex 12.8554 3.23662 3
      vertex 13.3686 4.4756 1.5
    endloop
  endfacet
  facet normal 0.325204 0.671055 0.666279
    outer loop
      vertex 12.8554 3.23662 3
      vertex 13.175 4.57106 1.5
      vertex 12.8541 3.23725 3
    endloop
  endfacet
  facet normal -0.706604 -0.239855 0.665718
    outer loop
      vertex 16.8887 6.7755 3
      vertex 16.7634 7.14463 3
      vertex 15.5244 6.63143 1.5
    endloop
  endfacet
  facet normal -0.669264 0.330018 0.665713
    outer loop
      vertex 16.5903 4.50447 3
      vertex 16.7627 4.85409 3
      vertex 15.4289 5.175 1.5
    endloop
  endfacet
  facet normal -0.744607 -0.0488135 0.665716
    outer loop
      vertex 16.991 6.00143 3
      vertex 16.9655 6.39041 3
      vertex 15.6359 6.21537 1.5
    endloop
  endfacet
  facet normal 0.232708 -0.708241 0.666515
    outer loop
      vertex 13.3686 7.5244 1.5
      vertex 13.2259 8.88914 3
      vertex 13.2245 8.88868 3
    endloop
  endfacet
  facet normal 0.240085 -0.706557 0.665685
    outer loop
      vertex 13.2259 8.88914 3
      vertex 13.3686 7.5244 1.5
      vertex 13.4149 7.54278 1.50281
    endloop
  endfacet
  facet normal 0.240601 -0.707651 0.664335
    outer loop
      vertex 13.4149 7.54278 1.50281
      vertex 13.3686 7.5244 1.5
      vertex 13.4006 7.53528 1.5
    endloop
  endfacet
  facet normal 0.239698 -0.706653 0.665722
    outer loop
      vertex 13.4434 7.5498 1.5
      vertex 13.2259 8.88914 3
      vertex 13.4149 7.54278 1.50281
    endloop
  endfacet
  facet normal 0.239966 -0.706584 0.665699
    outer loop
      vertex 13.2259 8.88914 3
      vertex 13.4434 7.5498 1.5
      vertex 13.5729 7.59378 1.5
    endloop
  endfacet
  facet normal -0.731852 0.14567 0.665712
    outer loop
      vertex 16.8894 5.22726 3
      vertex 16.9655 5.60959 3
      vertex 15.6359 5.78463 1.5
    endloop
  endfacet
  facet normal 0.145547 0.731883 0.665705
    outer loop
      vertex 13.5729 4.40622 1.5
      vertex 13.2273 3.11058 3
      vertex 13.7846 4.36412 1.5
    endloop
  endfacet
  facet normal 0.14634 0.731701 0.665731
    outer loop
      vertex 13.2273 3.11058 3
      vertex 13.5729 4.40622 1.5
      vertex 13.2259 3.11086 3
    endloop
  endfacet
  facet normal 0.563585 0.494428 0.66175
    outer loop
      vertex 12.765 4.90585 1.50394
      vertex 12.8333 4.83327 1.5
      vertex 12.7859 4.8873 1.5
    endloop
  endfacet
  facet normal 0.563792 0.494233 0.661719
    outer loop
      vertex 12.691 4.99554 1.5
      vertex 12.765 4.90585 1.50394
      vertex 12.7477 4.93086 1.5
    endloop
  endfacet
  facet normal 0.561116 0.491888 0.665729
    outer loop
      vertex 12.765 4.90585 1.50394
      vertex 11.628 4.17808 3
      vertex 12.8333 4.83327 1.5
    endloop
  endfacet
  facet normal 0.560969 0.49208 0.665711
    outer loop
      vertex 12.691 4.99554 1.5
      vertex 11.628 4.17808 3
      vertex 12.765 4.90585 1.50394
    endloop
  endfacet
  facet normal 0.548049 0.507453 0.664932
    outer loop
      vertex 11.628 4.17808 3
      vertex 12.691 4.99554 1.5
      vertex 11.627 4.17916 3
    endloop
  endfacet
  facet normal 0.0488112 -0.74461 0.665712
    outer loop
      vertex 13.7846 7.63588 1.5
      vertex 13.9986 8.99097 3
      vertex 13.6096 8.96547 3
    endloop
  endfacet
  facet normal 0.672018 0.33125 0.662318
    outer loop
      vertex 12.4756 5.36857 1.5
      vertex 12.539 5.23321 1.50337
      vertex 12.5278 5.26267 1.5
    endloop
  endfacet
  facet normal 0.676782 0.335268 0.655409
    outer loop
      vertex 12.539 5.23321 1.50337
      vertex 12.5711 5.175 1.5
      vertex 12.5507 5.21618 1.5
    endloop
  endfacet
  facet normal 0.66925 0.330038 0.665717
    outer loop
      vertex 11.2366 4.85537 3
      vertex 12.539 5.23321 1.50337
      vertex 12.4756 5.36857 1.5
    endloop
  endfacet
  facet normal 0.669092 0.330433 0.66568
    outer loop
      vertex 11.2366 4.85537 3
      vertex 12.5711 5.175 1.5
      vertex 12.539 5.23321 1.50337
    endloop
  endfacet
  facet normal 0.657737 0.3597 0.661814
    outer loop
      vertex 12.5711 5.175 1.5
      vertex 11.2366 4.85537 3
      vertex 11.2373 4.85409 3
    endloop
  endfacet
  facet normal -0.619217 -0.41628 0.665793
    outer loop
      vertex 15.309 7.00446 1.5
      vertex 16.3738 7.81965 3
      vertex 16.373 7.82084 3
    endloop
  endfacet
  facet normal -0.620457 -0.414537 0.665726
    outer loop
      vertex 16.3738 7.81965 3
      vertex 15.309 7.00446 1.5
      vertex 15.4289 6.825 1.5
    endloop
  endfacet
  facet normal -0.669264 -0.330018 0.665713
    outer loop
      vertex 16.7627 7.14591 3
      vertex 16.5903 7.49553 3
      vertex 15.4289 6.825 1.5
    endloop
  endfacet
  facet normal 0.657737 -0.3597 0.661814
    outer loop
      vertex 11.2366 7.14463 3
      vertex 12.5711 6.825 1.5
      vertex 11.2373 7.14591 3
    endloop
  endfacet
  facet normal 0.669092 -0.330433 0.66568
    outer loop
      vertex 12.539 6.76679 1.50337
      vertex 12.5711 6.825 1.5
      vertex 11.2366 7.14463 3
    endloop
  endfacet
  facet normal 0.676782 -0.335268 0.655409
    outer loop
      vertex 12.5711 6.825 1.5
      vertex 12.539 6.76679 1.50337
      vertex 12.5507 6.78382 1.5
    endloop
  endfacet
  facet normal 0.66925 -0.330038 0.665717
    outer loop
      vertex 12.4756 6.63143 1.5
      vertex 12.539 6.76679 1.50337
      vertex 11.2366 7.14463 3
    endloop
  endfacet
  facet normal 0.672018 -0.33125 0.662318
    outer loop
      vertex 12.539 6.76679 1.50337
      vertex 12.4756 6.63143 1.5
      vertex 12.5278 6.73733 1.5
    endloop
  endfacet
  facet normal -0.239873 -0.706602 0.665713
    outer loop
      vertex 15.1446 8.76338 3
      vertex 14.7755 8.88868 3
      vertex 14.6314 7.5244 1.5
    endloop
  endfacet
  facet normal 0.325204 -0.671055 0.666279
    outer loop
      vertex 13.175 7.42894 1.5
      vertex 12.8554 8.76338 3
      vertex 12.8541 8.76275 3
    endloop
  endfacet
  facet normal 0.330003 -0.669271 0.665714
    outer loop
      vertex 12.8554 8.76338 3
      vertex 13.175 7.42894 1.5
      vertex 13.3686 7.5244 1.5
    endloop
  endfacet
  facet normal 0.56105 -0.491981 0.665716
    outer loop
      vertex 12.8333 7.16673 1.5
      vertex 11.885 8.115 3
      vertex 11.628 7.82192 3
    endloop
  endfacet
  facet normal 0.620508 -0.414476 0.665718
    outer loop
      vertex 12.5711 6.825 1.5
      vertex 11.6262 7.81965 3
      vertex 11.4097 7.49553 3
    endloop
  endfacet
  facet normal -0.0488112 0.744611 0.665712
    outer loop
      vertex 14.389 3.03444 3
      vertex 14 4.35 1.5
      vertex 14 3.00894 3
    endloop
  endfacet
  facet normal 0.706604 0.239855 0.665718
    outer loop
      vertex 11.2366 4.85537 3
      vertex 12.4756 5.36857 1.5
      vertex 11.1113 5.2245 3
    endloop
  endfacet
  facet normal 0.145589 -0.73187 0.66571
    outer loop
      vertex 13.7846 7.63588 1.5
      vertex 13.6096 8.96547 3
      vertex 13.2273 8.88942 3
    endloop
  endfacet
  facet normal 0.744601 -0.0488131 0.665723
    outer loop
      vertex 12.35 6 1.5
      vertex 11.0344 6.38898 3
      vertex 11.0089 6 3
    endloop
  endfacet
  facet normal -0.414502 0.620499 0.66571
    outer loop
      vertex 15.4955 3.40967 3
      vertex 15.8197 3.62624 3
      vertex 14.825 4.57106 1.5
    endloop
  endfacet
  facet normal -0.548049 0.507453 0.664932
    outer loop
      vertex 15.309 4.99554 1.5
      vertex 16.372 4.17808 3
      vertex 16.373 4.17916 3
    endloop
  endfacet
  facet normal -0.563792 0.494233 0.661719
    outer loop
      vertex 15.235 4.90585 1.50394
      vertex 15.309 4.99554 1.5
      vertex 15.2523 4.93086 1.5
    endloop
  endfacet
  facet normal -0.560969 0.49208 0.665711
    outer loop
      vertex 15.309 4.99554 1.5
      vertex 15.235 4.90585 1.50394
      vertex 16.372 4.17808 3
    endloop
  endfacet
  facet normal -0.563585 0.494428 0.66175
    outer loop
      vertex 15.1667 4.83327 1.5
      vertex 15.235 4.90585 1.50394
      vertex 15.2141 4.8873 1.5
    endloop
  endfacet
  facet normal -0.561116 0.491888 0.665729
    outer loop
      vertex 15.235 4.90585 1.50394
      vertex 15.1667 4.83327 1.5
      vertex 16.372 4.17808 3
    endloop
  endfacet
  facet normal 0.239873 0.706602 0.665713
    outer loop
      vertex 13.2245 3.11132 3
      vertex 13.3686 4.4756 1.5
      vertex 12.8554 3.23662 3
    endloop
  endfacet
  facet normal 0.620508 0.414476 0.665718
    outer loop
      vertex 11.6262 4.18035 3
      vertex 12.5711 5.175 1.5
      vertex 11.4097 4.50447 3
    endloop
  endfacet
  facet normal -0.491984 -0.561048 0.665715
    outer loop
      vertex 16.115 8.115 3
      vertex 15.8219 8.37202 3
      vertex 15.1667 7.16673 1.5
    endloop
  endfacet
  facet normal 0.487644 -0.56464 0.665871
    outer loop
      vertex 12.1781 8.37202 3
      vertex 12.9955 7.30903 1.5
      vertex 12.1792 8.37297 3
    endloop
  endfacet
  facet normal 0.492125 -0.560947 0.665696
    outer loop
      vertex 12.9955 7.30903 1.5
      vertex 12.1781 8.37202 3
      vertex 12.8333 7.16673 1.5
    endloop
  endfacet
  facet normal -0.145589 0.73187 0.66571
    outer loop
      vertex 14.3904 3.03453 3
      vertex 14.7727 3.11058 3
      vertex 14.2154 4.36412 1.5
    endloop
  endfacet
  facet normal -0.620508 0.414476 0.665718
    outer loop
      vertex 16.3738 4.18035 3
      vertex 16.5903 4.50447 3
      vertex 15.4289 5.175 1.5
    endloop
  endfacet
  facet normal -0.706604 0.239855 0.665718
    outer loop
      vertex 16.7634 4.85537 3
      vertex 16.8887 5.2245 3
      vertex 15.5244 5.36857 1.5
    endloop
  endfacet
  facet normal 0.413288 -0.618207 0.66859
    outer loop
      vertex 13.175 7.42894 1.5
      vertex 13.0627 7.35792 1.50375
      vertex 13.0908 7.37265 1.5
    endloop
  endfacet
  facet normal 0.41542 -0.621917 0.663811
    outer loop
      vertex 13.0627 7.35792 1.50375
      vertex 12.9955 7.30903 1.5
      vertex 13.0442 7.34156 1.5
    endloop
  endfacet
  facet normal 0.414594 -0.620423 0.665723
    outer loop
      vertex 12.1803 8.37376 3
      vertex 13.0627 7.35792 1.50375
      vertex 13.175 7.42894 1.5
    endloop
  endfacet
  facet normal 0.414357 -0.620601 0.665704
    outer loop
      vertex 12.1803 8.37376 3
      vertex 12.9955 7.30903 1.5
      vertex 13.0627 7.35792 1.50375
    endloop
  endfacet
  facet normal 0.434977 -0.605664 0.666308
    outer loop
      vertex 12.9955 7.30903 1.5
      vertex 12.1803 8.37376 3
      vertex 12.1792 8.37297 3
    endloop
  endfacet
  facet normal -0.657737 -0.3597 0.661814
    outer loop
      vertex 15.4289 6.825 1.5
      vertex 16.7634 7.14463 3
      vertex 16.7627 7.14591 3
    endloop
  endfacet
  facet normal -0.676782 -0.335268 0.655409
    outer loop
      vertex 15.461 6.76679 1.50337
      vertex 15.4289 6.825 1.5
      vertex 15.4493 6.78382 1.5
    endloop
  endfacet
  facet normal -0.669092 -0.330433 0.66568
    outer loop
      vertex 15.4289 6.825 1.5
      vertex 15.461 6.76679 1.50337
      vertex 16.7634 7.14463 3
    endloop
  endfacet
  facet normal -0.672018 -0.33125 0.662318
    outer loop
      vertex 15.5244 6.63143 1.5
      vertex 15.461 6.76679 1.50337
      vertex 15.4722 6.73733 1.5
    endloop
  endfacet
  facet normal -0.66925 -0.330038 0.665717
    outer loop
      vertex 15.461 6.76679 1.50337
      vertex 15.5244 6.63143 1.5
      vertex 16.7634 7.14463 3
    endloop
  endfacet
  facet normal -0.744607 0.0488135 0.665716
    outer loop
      vertex 16.9655 5.60959 3
      vertex 16.991 5.99857 3
      vertex 15.6359 5.78463 1.5
    endloop
  endfacet
  facet normal -0.713206 -0.209766 0.668832
    outer loop
      vertex 15.5244 6.63143 1.5
      vertex 16.8891 6.77414 3
      vertex 16.8887 6.7755 3
    endloop
  endfacet
  facet normal -0.7066 -0.239936 0.665693
    outer loop
      vertex 16.8891 6.77414 3
      vertex 15.5244 6.63143 1.5
      vertex 15.5938 6.42705 1.5
    endloop
  endfacet
  facet normal -0.729383 -0.156296 0.666012
    outer loop
      vertex 15.5938 6.42705 1.5
      vertex 16.8894 6.77274 3
      vertex 16.8891 6.77414 3
    endloop
  endfacet
  facet normal -0.719436 -0.142037 0.679881
    outer loop
      vertex 15.6021 6.39487 1.50206
      vertex 15.5938 6.42705 1.5
      vertex 15.5981 6.40527 1.5
    endloop
  endfacet
  facet normal -0.731757 -0.146122 0.665718
    outer loop
      vertex 15.5938 6.42705 1.5
      vertex 15.6021 6.39487 1.50206
      vertex 16.8894 6.77274 3
    endloop
  endfacet
  facet normal -0.732184 -0.144343 0.665636
    outer loop
      vertex 15.605 6.37066 1.5
      vertex 16.8894 6.77274 3
      vertex 15.6021 6.39487 1.50206
    endloop
  endfacet
  facet normal -0.731865 -0.145628 0.665707
    outer loop
      vertex 16.8894 6.77274 3
      vertex 15.605 6.37066 1.5
      vertex 15.6359 6.21537 1.5
    endloop
  endfacet
  facet normal 0.240085 0.706557 0.665685
    outer loop
      vertex 13.3686 4.4756 1.5
      vertex 13.2259 3.11086 3
      vertex 13.4149 4.45722 1.50281
    endloop
  endfacet
  facet normal 0.239919 0.706599 0.665701
    outer loop
      vertex 13.5729 4.40622 1.5
      vertex 13.4149 4.45722 1.50281
      vertex 13.2259 3.11086 3
    endloop
  endfacet
  facet normal 0.239501 0.705214 0.667317
    outer loop
      vertex 13.4149 4.45722 1.50281
      vertex 13.5729 4.40622 1.5
      vertex 13.4434 4.4502 1.5
    endloop
  endfacet
  facet normal 0.240601 0.707651 0.664335
    outer loop
      vertex 13.3686 4.4756 1.5
      vertex 13.4149 4.45722 1.50281
      vertex 13.4006 4.46472 1.5
    endloop
  endfacet
  facet normal 0.232708 0.708241 0.666515
    outer loop
      vertex 13.2259 3.11086 3
      vertex 13.3686 4.4756 1.5
      vertex 13.2245 3.11132 3
    endloop
  endfacet
  facet normal -0.434977 0.605664 0.666308
    outer loop
      vertex 15.0045 4.69097 1.5
      vertex 15.8197 3.62624 3
      vertex 15.8208 3.62703 3
    endloop
  endfacet
  facet normal -0.41542 0.621917 0.663811
    outer loop
      vertex 14.9373 4.64208 1.50375
      vertex 15.0045 4.69097 1.5
      vertex 14.9558 4.65844 1.5
    endloop
  endfacet
  facet normal -0.414357 0.620601 0.665704
    outer loop
      vertex 15.0045 4.69097 1.5
      vertex 14.9373 4.64208 1.50375
      vertex 15.8197 3.62624 3
    endloop
  endfacet
  facet normal -0.414213 0.620709 0.665693
    outer loop
      vertex 14.9092 4.62735 1.5
      vertex 15.8197 3.62624 3
      vertex 14.9373 4.64208 1.50375
    endloop
  endfacet
  facet normal -0.414707 0.62033 0.665739
    outer loop
      vertex 15.8197 3.62624 3
      vertex 14.9092 4.62735 1.5
      vertex 14.825 4.57106 1.5
    endloop
  endfacet
  facet normal 0.731852 0.14567 0.665712
    outer loop
      vertex 11.1106 5.22726 3
      vertex 12.3641 5.78463 1.5
      vertex 11.0345 5.60959 3
    endloop
  endfacet
  facet normal -0.145589 -0.73187 0.66571
    outer loop
      vertex 14.7727 8.88942 3
      vertex 14.3904 8.96547 3
      vertex 14.2154 7.63588 1.5
    endloop
  endfacet
  facet normal -0.325204 0.671055 0.666279
    outer loop
      vertex 14.825 4.57106 1.5
      vertex 15.1446 3.23662 3
      vertex 15.1459 3.23725 3
    endloop
  endfacet
  facet normal -0.330003 0.669271 0.665714
    outer loop
      vertex 15.1446 3.23662 3
      vertex 14.825 4.57106 1.5
      vertex 14.6314 4.4756 1.5
    endloop
  endfacet
  facet normal 0.706604 -0.239855 0.665718
    outer loop
      vertex 12.4756 6.63143 1.5
      vertex 11.2366 7.14463 3
      vertex 11.1113 6.7755 3
    endloop
  endfacet
  facet normal -0.434977 -0.605664 0.666308
    outer loop
      vertex 15.8197 8.37376 3
      vertex 15.0045 7.30903 1.5
      vertex 15.8208 8.37297 3
    endloop
  endfacet
  facet normal -0.414357 -0.620601 0.665704
    outer loop
      vertex 14.9373 7.35792 1.50375
      vertex 15.0045 7.30903 1.5
      vertex 15.8197 8.37376 3
    endloop
  endfacet
  facet normal -0.41542 -0.621917 0.663811
    outer loop
      vertex 15.0045 7.30903 1.5
      vertex 14.9373 7.35792 1.50375
      vertex 14.9558 7.34156 1.5
    endloop
  endfacet
  facet normal -0.414213 -0.620709 0.665693
    outer loop
      vertex 15.8197 8.37376 3
      vertex 14.9092 7.37265 1.5
      vertex 14.9373 7.35792 1.50375
    endloop
  endfacet
  facet normal -0.414707 -0.62033 0.665739
    outer loop
      vertex 14.9092 7.37265 1.5
      vertex 15.8197 8.37376 3
      vertex 14.825 7.42894 1.5
    endloop
  endfacet
  facet normal -0.487644 -0.56464 0.665871
    outer loop
      vertex 15.0045 7.30903 1.5
      vertex 15.8219 8.37202 3
      vertex 15.8208 8.37297 3
    endloop
  endfacet
  facet normal -0.492125 -0.560947 0.665696
    outer loop
      vertex 15.8219 8.37202 3
      vertex 15.0045 7.30903 1.5
      vertex 15.1667 7.16673 1.5
    endloop
  endfacet
  facet normal -0.232708 0.708241 0.666515
    outer loop
      vertex 14.6314 4.4756 1.5
      vertex 14.7741 3.11086 3
      vertex 14.7755 3.11132 3
    endloop
  endfacet
  facet normal -0.240085 0.706557 0.665685
    outer loop
      vertex 14.7741 3.11086 3
      vertex 14.6314 4.4756 1.5
      vertex 14.5851 4.45722 1.50281
    endloop
  endfacet
  facet normal -0.240601 0.707651 0.664335
    outer loop
      vertex 14.5851 4.45722 1.50281
      vertex 14.6314 4.4756 1.5
      vertex 14.5994 4.46472 1.5
    endloop
  endfacet
  facet normal -0.239698 0.706653 0.665722
    outer loop
      vertex 14.5566 4.4502 1.5
      vertex 14.7741 3.11086 3
      vertex 14.5851 4.45722 1.50281
    endloop
  endfacet
  facet normal -0.239966 0.706584 0.665699
    outer loop
      vertex 14.7741 3.11086 3
      vertex 14.5566 4.4502 1.5
      vertex 14.4271 4.40622 1.5
    endloop
  endfacet
  facet normal -0.239873 0.706602 0.665713
    outer loop
      vertex 14.7755 3.11132 3
      vertex 15.1446 3.23662 3
      vertex 14.6314 4.4756 1.5
    endloop
  endfacet
  facet normal 0.731865 0.145628 0.665707
    outer loop
      vertex 11.1106 5.22726 3
      vertex 12.395 5.62934 1.5
      vertex 12.3641 5.78463 1.5
    endloop
  endfacet
  facet normal 0.719436 0.142037 0.679881
    outer loop
      vertex 12.3979 5.60513 1.50206
      vertex 12.4062 5.57295 1.5
      vertex 12.4019 5.59473 1.5
    endloop
  endfacet
  facet normal 0.732184 0.144343 0.665636
    outer loop
      vertex 12.395 5.62934 1.5
      vertex 11.1106 5.22726 3
      vertex 12.3979 5.60513 1.50206
    endloop
  endfacet
  facet normal 0.731757 0.146122 0.665718
    outer loop
      vertex 11.1106 5.22726 3
      vertex 12.4062 5.57295 1.5
      vertex 12.3979 5.60513 1.50206
    endloop
  endfacet
  facet normal 0.729383 0.156296 0.666012
    outer loop
      vertex 12.4062 5.57295 1.5
      vertex 11.1106 5.22726 3
      vertex 11.1109 5.22586 3
    endloop
  endfacet
  facet normal -0.56105 -0.491981 0.665716
    outer loop
      vertex 16.372 7.82192 3
      vertex 16.115 8.115 3
      vertex 15.1667 7.16673 1.5
    endloop
  endfacet
  facet normal 0.619217 -0.41628 0.665793
    outer loop
      vertex 11.6262 7.81965 3
      vertex 12.691 7.00446 1.5
      vertex 11.627 7.82084 3
    endloop
  endfacet
  facet normal 0.620457 -0.414537 0.665726
    outer loop
      vertex 12.691 7.00446 1.5
      vertex 11.6262 7.81965 3
      vertex 12.5711 6.825 1.5
    endloop
  endfacet
  facet normal -0.330003 -0.669271 0.665714
    outer loop
      vertex 14.825 7.42894 1.5
      vertex 15.1446 8.76338 3
      vertex 14.6314 7.5244 1.5
    endloop
  endfacet
  facet normal -0.325204 -0.671055 0.666279
    outer loop
      vertex 15.1446 8.76338 3
      vertex 14.825 7.42894 1.5
      vertex 15.1459 8.76275 3
    endloop
  endfacet
  facet normal -0.330066 -0.669244 0.665709
    outer loop
      vertex 15.4955 8.59033 3
      vertex 15.1459 8.76275 3
      vertex 14.825 7.42894 1.5
    endloop
  endfacet
  facet normal 0.620457 0.414537 0.665726
    outer loop
      vertex 11.6262 4.18035 3
      vertex 12.691 4.99554 1.5
      vertex 12.5711 5.175 1.5
    endloop
  endfacet
  facet normal 0.619217 0.41628 0.665793
    outer loop
      vertex 12.691 4.99554 1.5
      vertex 11.6262 4.18035 3
      vertex 11.627 4.17916 3
    endloop
  endfacet
  facet normal -0.14634 0.731701 0.665731
    outer loop
      vertex 14.4271 4.40622 1.5
      vertex 14.7727 3.11058 3
      vertex 14.7741 3.11086 3
    endloop
  endfacet
  facet normal -0.145547 0.731883 0.665705
    outer loop
      vertex 14.7727 3.11058 3
      vertex 14.4271 4.40622 1.5
      vertex 14.2154 4.36412 1.5
    endloop
  endfacet
  facet normal -0.492124 0.560945 0.665698
    outer loop
      vertex 15.0045 4.69097 1.5
      vertex 15.8219 3.62797 3
      vertex 15.1667 4.83327 1.5
    endloop
  endfacet
  facet normal -0.484622 0.56711 0.665979
    outer loop
      vertex 15.8219 3.62797 3
      vertex 15.0045 4.69097 1.5
      vertex 15.8208 3.62703 3
    endloop
  endfacet
  facet normal 0.744611 0.0487488 0.665716
    outer loop
      vertex 11.0344 5.61101 3
      vertex 12.3641 5.78463 1.5
      vertex 12.35 6 1.5
    endloop
  endfacet
  facet normal 0.744261 0.0524127 0.665829
    outer loop
      vertex 12.3641 5.78463 1.5
      vertex 11.0344 5.61101 3
      vertex 11.0345 5.60959 3
    endloop
  endfacet
  facet normal 0.7066 0.239936 0.665693
    outer loop
      vertex 11.1109 5.22586 3
      vertex 12.4756 5.36857 1.5
      vertex 12.4062 5.57295 1.5
    endloop
  endfacet
  facet normal 0.713206 0.209766 0.668832
    outer loop
      vertex 12.4756 5.36857 1.5
      vertex 11.1109 5.22586 3
      vertex 11.1113 5.2245 3
    endloop
  endfacet
  facet normal 0.56105 0.491981 0.665716
    outer loop
      vertex 11.885 3.885 3
      vertex 12.8333 4.83327 1.5
      vertex 11.628 4.17808 3
    endloop
  endfacet
  facet normal 0.713206 -0.209766 0.668832
    outer loop
      vertex 11.1109 6.77414 3
      vertex 12.4756 6.63143 1.5
      vertex 11.1113 6.7755 3
    endloop
  endfacet
  facet normal 0.7066 -0.239936 0.665693
    outer loop
      vertex 12.4756 6.63143 1.5
      vertex 11.1109 6.77414 3
      vertex 12.4062 6.42705 1.5
    endloop
  endfacet
  facet normal 0 0 1
    outer loop
      vertex 15.65 6 1.5
      vertex 15.6359 6.21537 1.5
      vertex 15.605 6.37066 1.5
    endloop
  endfacet
  facet normal 0 0 1
    outer loop
      vertex 15.0045 7.30903 1.5
      vertex 15.2141 7.1127 1.5
      vertex 15.1667 7.16673 1.5
    endloop
  endfacet
  facet normal 0 0 1
    outer loop
      vertex 15.2141 7.1127 1.5
      vertex 15.0045 7.30903 1.5
      vertex 14.9558 7.34156 1.5
    endloop
  endfacet
  facet normal 0 0 1
    outer loop
      vertex 13.4006 4.46472 1.5
      vertex 13.175 4.57106 1.5
      vertex 13.3686 4.4756 1.5
    endloop
  endfacet
  facet normal -0 -0 1
    outer loop
      vertex 13.175 4.57106 1.5
      vertex 13.4006 4.46472 1.5
      vertex 13.0908 4.62735 1.5
    endloop
  endfacet
  facet normal 0 0 1
    outer loop
      vertex 14.1835 7.63797 1.5
      vertex 14 7.65 1.5
      vertex 13.8165 7.63797 1.5
    endloop
  endfacet
  facet normal 0 0 1
    outer loop
      vertex 13.5729 7.59378 1.5
      vertex 13.7956 7.6366 1.5
      vertex 13.7846 7.63588 1.5
    endloop
  endfacet
  facet normal 0 0 1
    outer loop
      vertex 13.7956 7.6366 1.5
      vertex 13.5729 7.59378 1.5
      vertex 13.4434 7.5498 1.5
    endloop
  endfacet
  facet normal 0 0 1
    outer loop
      vertex 14.2044 7.6366 1.5
      vertex 14.4271 7.59378 1.5
      vertex 14.2154 7.63588 1.5
    endloop
  endfacet
  facet normal 0 0 1
    outer loop
      vertex 14.4271 7.59378 1.5
      vertex 14.2044 7.6366 1.5
      vertex 14.5566 7.5498 1.5
    endloop
  endfacet
  facet normal 0 0 1
    outer loop
      vertex 12.4019 6.40527 1.5
      vertex 12.4756 6.63143 1.5
      vertex 12.4062 6.42705 1.5
    endloop
  endfacet
  facet normal -0 0 1
    outer loop
      vertex 12.4756 6.63143 1.5
      vertex 12.4019 6.40527 1.5
      vertex 12.5278 6.73733 1.5
    endloop
  endfacet
  facet normal 0 -0 1
    outer loop
      vertex 15.6359 5.78463 1.5
      vertex 15.65 6 1.5
      vertex 15.605 5.62934 1.5
    endloop
  endfacet
  facet normal 0 0 1
    outer loop
      vertex 15.5981 5.59473 1.5
      vertex 15.5244 5.36857 1.5
      vertex 15.5938 5.57295 1.5
    endloop
  endfacet
  facet normal 0 -0 1
    outer loop
      vertex 15.5244 5.36857 1.5
      vertex 15.5981 5.59473 1.5
      vertex 15.4722 5.26267 1.5
    endloop
  endfacet
  facet normal 0 0 1
    outer loop
      vertex 13.0442 4.65844 1.5
      vertex 12.8333 4.83327 1.5
      vertex 12.9955 4.69097 1.5
    endloop
  endfacet
  facet normal -0 -0 1
    outer loop
      vertex 12.8333 4.83327 1.5
      vertex 13.0442 4.65844 1.5
      vertex 12.7859 4.8873 1.5
    endloop
  endfacet
  facet normal 0 0 1
    outer loop
      vertex 15.4493 5.21618 1.5
      vertex 15.309 4.99554 1.5
      vertex 15.4289 5.175 1.5
    endloop
  endfacet
  facet normal 0 -0 1
    outer loop
      vertex 15.309 4.99554 1.5
      vertex 15.4493 5.21618 1.5
      vertex 15.2523 4.93086 1.5
    endloop
  endfacet
  facet normal 0 0 1
    outer loop
      vertex 12.5507 6.78382 1.5
      vertex 12.691 7.00446 1.5
      vertex 12.5711 6.825 1.5
    endloop
  endfacet
  facet normal -0 0 1
    outer loop
      vertex 12.691 7.00446 1.5
      vertex 12.5507 6.78382 1.5
      vertex 12.7477 7.06914 1.5
    endloop
  endfacet
  facet normal 0 0 1
    outer loop
      vertex 15.309 7.00446 1.5
      vertex 15.4493 6.78382 1.5
      vertex 15.4289 6.825 1.5
    endloop
  endfacet
  facet normal 0 0 1
    outer loop
      vertex 15.4493 6.78382 1.5
      vertex 15.309 7.00446 1.5
      vertex 15.2523 7.06914 1.5
    endloop
  endfacet
  facet normal 0 0 1
    outer loop
      vertex 13.175 7.42894 1.5
      vertex 13.4006 7.53528 1.5
      vertex 13.3686 7.5244 1.5
    endloop
  endfacet
  facet normal 0 0 1
    outer loop
      vertex 13.4006 7.53528 1.5
      vertex 13.175 7.42894 1.5
      vertex 13.0908 7.37265 1.5
    endloop
  endfacet
  facet normal 0 0 1
    outer loop
      vertex 13.7956 4.3634 1.5
      vertex 13.5729 4.40622 1.5
      vertex 13.7846 4.36412 1.5
    endloop
  endfacet
  facet normal -0 -0 1
    outer loop
      vertex 13.5729 4.40622 1.5
      vertex 13.7956 4.3634 1.5
      vertex 13.4434 4.4502 1.5
    endloop
  endfacet
  facet normal 0 0 1
    outer loop
      vertex 15.2141 4.8873 1.5
      vertex 15.0045 4.69097 1.5
      vertex 15.1667 4.83327 1.5
    endloop
  endfacet
  facet normal 0 -0 1
    outer loop
      vertex 15.0045 4.69097 1.5
      vertex 15.2141 4.8873 1.5
      vertex 14.9558 4.65844 1.5
    endloop
  endfacet
  facet normal 0 0 1
    outer loop
      vertex 14.5994 7.53528 1.5
      vertex 14.825 7.42894 1.5
      vertex 14.6314 7.5244 1.5
    endloop
  endfacet
  facet normal 0 0 1
    outer loop
      vertex 14.825 7.42894 1.5
      vertex 14.5994 7.53528 1.5
      vertex 14.9092 7.37265 1.5
    endloop
  endfacet
  facet normal 0 0 1
    outer loop
      vertex 12.5507 5.21618 1.5
      vertex 12.691 4.99554 1.5
      vertex 12.7477 4.93086 1.5
    endloop
  endfacet
  facet normal 0 0 1
    outer loop
      vertex 12.691 4.99554 1.5
      vertex 12.5507 5.21618 1.5
      vertex 12.5711 5.175 1.5
    endloop
  endfacet
  facet normal 0 0 1
    outer loop
      vertex 14.2044 4.3634 1.5
      vertex 14.4271 4.40622 1.5
      vertex 14.5566 4.4502 1.5
    endloop
  endfacet
  facet normal 0 0 1
    outer loop
      vertex 14.4271 4.40622 1.5
      vertex 14.2044 4.3634 1.5
      vertex 14.2154 4.36412 1.5
    endloop
  endfacet
  facet normal 0 0 1
    outer loop
      vertex 12.395 6.37066 1.5
      vertex 12.3641 6.21537 1.5
      vertex 12.35 6 1.5
    endloop
  endfacet
  facet normal 0 0 1
    outer loop
      vertex 12.4019 5.59473 1.5
      vertex 12.4756 5.36857 1.5
      vertex 12.5278 5.26267 1.5
    endloop
  endfacet
  facet normal 0 0 1
    outer loop
      vertex 12.4756 5.36857 1.5
      vertex 12.4019 5.59473 1.5
      vertex 12.4062 5.57295 1.5
    endloop
  endfacet
  facet normal 0 0 1
    outer loop
      vertex 12.8333 7.16673 1.5
      vertex 13.0442 7.34156 1.5
      vertex 12.9955 7.30903 1.5
    endloop
  endfacet
  facet normal 0 0 1
    outer loop
      vertex 13.0442 7.34156 1.5
      vertex 12.8333 7.16673 1.5
      vertex 12.7859 7.1127 1.5
    endloop
  endfacet
  facet normal -0 -0 1
    outer loop
      vertex 12.3641 5.78463 1.5
      vertex 12.395 5.62934 1.5
      vertex 12.35 6 1.5
    endloop
  endfacet
  facet normal 0 0 1
    outer loop
      vertex 14.5994 4.46472 1.5
      vertex 14.825 4.57106 1.5
      vertex 14.9092 4.62735 1.5
    endloop
  endfacet
  facet normal 0 0 1
    outer loop
      vertex 14.825 4.57106 1.5
      vertex 14.5994 4.46472 1.5
      vertex 14.6314 4.4756 1.5
    endloop
  endfacet
  facet normal 0 -0 1
    outer loop
      vertex 14 4.35 1.5
      vertex 14.1835 4.36203 1.5
      vertex 13.8165 4.36203 1.5
    endloop
  endfacet
  facet normal 0 0 1
    outer loop
      vertex 15.5244 6.63143 1.5
      vertex 15.5981 6.40527 1.5
      vertex 15.5938 6.42705 1.5
    endloop
  endfacet
  facet normal 0 0 1
    outer loop
      vertex 15.5981 6.40527 1.5
      vertex 15.5244 6.63143 1.5
      vertex 15.4722 6.73733 1.5
    endloop
  endfacet
  facet normal -0.934889 -0.354941 0
    outer loop
      vertex 15.461 64.8668 0
      vertex 15.4722 64.8373 1.5
      vertex 15.461 64.8668 1.50337
    endloop
  endfacet
  facet normal -0.934969 -0.35473 4.74314e-06
    outer loop
      vertex 15.6021 64.4949 0
      vertex 15.4722 64.8373 1.5
      vertex 15.461 64.8668 0
    endloop
  endfacet
  facet normal -0.935027 -0.354578 -3.49978e-05
    outer loop
      vertex 15.4722 64.8373 1.5
      vertex 15.6021 64.4949 0
      vertex 15.5981 64.5053 1.5
    endloop
  endfacet
  facet normal -0.933346 -0.358979 0
    outer loop
      vertex 15.5981 64.5053 1.5
      vertex 15.6021 64.4949 0
      vertex 15.6021 64.4949 1.50206
    endloop
  endfacet
  facet normal -0.992896 -0.118983 0
    outer loop
      vertex 15.6021 64.4949 0
      vertex 15.605 64.4707 1.5
      vertex 15.6021 64.4949 1.50206
    endloop
  endfacet
  facet normal -0.992724 -0.120414 -2.34124e-05
    outer loop
      vertex 15.65 64.1 0
      vertex 15.605 64.4707 1.5
      vertex 15.6021 64.4949 0
    endloop
  endfacet
  facet normal -0.992712 -0.120507 0
    outer loop
      vertex 15.605 64.4707 1.5
      vertex 15.65 64.1 0
      vertex 15.65 64.1 1.5
    endloop
  endfacet
  facet normal 0.464733 0.885451 3.20111e-06
    outer loop
      vertex 13.4006 62.5647 1.5
      vertex 13.4149 62.5572 0
      vertex 13.0908 62.7273 1.5
    endloop
  endfacet
  facet normal 0.46447 0.885589 -0
    outer loop
      vertex 13.4149 62.5572 0
      vertex 13.4006 62.5647 1.5
      vertex 13.4149 62.5572 1.50281
    endloop
  endfacet
  facet normal 0.464824 0.885403 2.82732e-05
    outer loop
      vertex 13.0627 62.7421 0
      vertex 13.0908 62.7273 1.5
      vertex 13.4149 62.5572 0
    endloop
  endfacet
  facet normal 0.466006 0.884782 0
    outer loop
      vertex 13.0908 62.7273 1.5
      vertex 13.0627 62.7421 0
      vertex 13.0627 62.7421 1.50375
    endloop
  endfacet
  facet normal 0.239291 0.970948 -2.88178e-05
    outer loop
      vertex 13.7956 62.4634 1.5
      vertex 13.8011 62.462 0
      vertex 13.4434 62.5502 1.5
    endloop
  endfacet
  facet normal 0.246679 0.969097 -0
    outer loop
      vertex 13.8011 62.462 0
      vertex 13.7956 62.4634 1.5
      vertex 13.8011 62.462 1.50112
    endloop
  endfacet
  facet normal 0.23934 0.970936 -1.64253e-05
    outer loop
      vertex 13.4149 62.5572 0
      vertex 13.4434 62.5502 1.5
      vertex 13.8011 62.462 0
    endloop
  endfacet
  facet normal 0.238525 0.971136 0
    outer loop
      vertex 13.4434 62.5502 1.5
      vertex 13.4149 62.5572 0
      vertex 13.4149 62.5572 1.50281
    endloop
  endfacet
  facet normal 0.66323 -0.748416 -1.05468e-05
    outer loop
      vertex 12.7859 65.2127 1.5
      vertex 12.765 65.1942 0
      vertex 13.0442 65.4416 1.5
    endloop
  endfacet
  facet normal 0.662806 -0.748791 0
    outer loop
      vertex 12.765 65.1942 0
      vertex 12.7859 65.2127 1.5
      vertex 12.765 65.1942 1.50394
    endloop
  endfacet
  facet normal 0.663067 -0.74856 4.34837e-05
    outer loop
      vertex 13.0627 65.4579 0
      vertex 13.0442 65.4416 1.5
      vertex 12.765 65.1942 0
    endloop
  endfacet
  facet normal 0.661085 -0.750311 0
    outer loop
      vertex 13.0442 65.4416 1.5
      vertex 13.0627 65.4579 0
      vertex 13.0627 65.4579 1.50375
    endloop
  endfacet
  facet normal 0.23934 -0.970936 -1.64253e-05
    outer loop
      vertex 13.8011 65.738 0
      vertex 13.4434 65.6498 1.5
      vertex 13.4149 65.6428 0
    endloop
  endfacet
  facet normal 0.238525 -0.971136 0
    outer loop
      vertex 13.4149 65.6428 0
      vertex 13.4434 65.6498 1.5
      vertex 13.4149 65.6428 1.50281
    endloop
  endfacet
  facet normal 0.239291 -0.970948 -2.88178e-05
    outer loop
      vertex 13.4434 65.6498 1.5
      vertex 13.8011 65.738 0
      vertex 13.7956 65.7366 1.5
    endloop
  endfacet
  facet normal 0.246679 -0.969097 0
    outer loop
      vertex 13.7956 65.7366 1.5
      vertex 13.8011 65.738 0
      vertex 13.8011 65.738 1.50112
    endloop
  endfacet
  facet normal -0.992712 0.120507 0
    outer loop
      vertex 15.65 64.1 0
      vertex 15.605 63.7293 1.5
      vertex 15.65 64.1 1.5
    endloop
  endfacet
  facet normal -0.992724 0.120414 -2.34124e-05
    outer loop
      vertex 15.6021 63.7051 0
      vertex 15.605 63.7293 1.5
      vertex 15.65 64.1 0
    endloop
  endfacet
  facet normal -0.992896 0.118983 0
    outer loop
      vertex 15.605 63.7293 1.5
      vertex 15.6021 63.7051 0
      vertex 15.6021 63.7051 1.50206
    endloop
  endfacet
  facet normal -0.66323 0.748416 -1.05468e-05
    outer loop
      vertex 15.2141 62.9873 1.5
      vertex 15.235 63.0058 0
      vertex 14.9558 62.7584 1.5
    endloop
  endfacet
  facet normal -0.662806 0.748791 0
    outer loop
      vertex 15.235 63.0058 0
      vertex 15.2141 62.9873 1.5
      vertex 15.235 63.0058 1.50394
    endloop
  endfacet
  facet normal -0.663067 0.74856 4.34837e-05
    outer loop
      vertex 14.9373 62.7421 0
      vertex 14.9558 62.7584 1.5
      vertex 15.235 63.0058 0
    endloop
  endfacet
  facet normal -0.661085 0.750311 0
    outer loop
      vertex 14.9558 62.7584 1.5
      vertex 14.9373 62.7421 0
      vertex 14.9373 62.7421 1.50375
    endloop
  endfacet
  facet normal -0.823371 -0.567503 0
    outer loop
      vertex 15.235 65.1942 0
      vertex 15.2523 65.1691 1.5
      vertex 15.235 65.1942 1.50394
    endloop
  endfacet
  facet normal -0.823022 -0.568009 -1.25006e-05
    outer loop
      vertex 15.235 65.1942 0
      vertex 15.4492 64.8838 1.5
      vertex 15.2523 65.1691 1.5
    endloop
  endfacet
  facet normal -0.82297 -0.568085 -3.57274e-05
    outer loop
      vertex 15.461 64.8668 0
      vertex 15.4492 64.8838 1.5
      vertex 15.235 65.1942 0
    endloop
  endfacet
  facet normal -0.821496 -0.570215 0
    outer loop
      vertex 15.4492 64.8838 1.5
      vertex 15.461 64.8668 0
      vertex 15.461 64.8668 1.50337
    endloop
  endfacet
  facet normal 0.464957 -0.885333 -3.39311e-05
    outer loop
      vertex 13.0908 65.4726 1.5
      vertex 13.0627 65.4579 0
      vertex 13.4006 65.6353 1.5
    endloop
  endfacet
  facet normal 0.463536 -0.886078 0
    outer loop
      vertex 13.0627 65.4579 0
      vertex 13.0908 65.4726 1.5
      vertex 13.0627 65.4579 1.50375
    endloop
  endfacet
  facet normal 0.464824 -0.885403 4.30719e-06
    outer loop
      vertex 13.4149 65.6428 0
      vertex 13.4006 65.6353 1.5
      vertex 13.0627 65.4579 0
    endloop
  endfacet
  facet normal 0.46447 -0.885589 0
    outer loop
      vertex 13.4006 65.6353 1.5
      vertex 13.4149 65.6428 0
      vertex 13.4149 65.6428 1.50281
    endloop
  endfacet
  facet normal 0.823371 -0.567503 0
    outer loop
      vertex 12.7477 65.1691 1.5
      vertex 12.765 65.1942 0
      vertex 12.765 65.1942 1.50394
    endloop
  endfacet
  facet normal 0.823022 -0.568009 -1.25006e-05
    outer loop
      vertex 12.5508 64.8838 1.5
      vertex 12.765 65.1942 0
      vertex 12.7477 65.1691 1.5
    endloop
  endfacet
  facet normal 0.821496 -0.570215 0
    outer loop
      vertex 12.539 64.8668 0
      vertex 12.5508 64.8838 1.5
      vertex 12.539 64.8668 1.50337
    endloop
  endfacet
  facet normal 0.82297 -0.568085 -3.57274e-05
    outer loop
      vertex 12.5508 64.8838 1.5
      vertex 12.539 64.8668 0
      vertex 12.765 65.1942 0
    endloop
  endfacet
  facet normal 0.934889 -0.354941 0
    outer loop
      vertex 12.5278 64.8373 1.5
      vertex 12.539 64.8668 0
      vertex 12.539 64.8668 1.50337
    endloop
  endfacet
  facet normal 0.935027 -0.354578 -3.49978e-05
    outer loop
      vertex 12.3979 64.4949 0
      vertex 12.5278 64.8373 1.5
      vertex 12.4019 64.5053 1.5
    endloop
  endfacet
  facet normal 0.933346 -0.358979 0
    outer loop
      vertex 12.3979 64.4949 0
      vertex 12.4019 64.5053 1.5
      vertex 12.3979 64.4949 1.50206
    endloop
  endfacet
  facet normal 0.934969 -0.35473 4.74314e-06
    outer loop
      vertex 12.5278 64.8373 1.5
      vertex 12.3979 64.4949 0
      vertex 12.539 64.8668 0
    endloop
  endfacet
  facet normal 0 -1 -0
    outer loop
      vertex 13.8165 65.738 1.5
      vertex 13.8011 65.738 0
      vertex 14.1835 65.738 1.5
    endloop
  endfacet
  facet normal 0 -1 0
    outer loop
      vertex 13.8011 65.738 0
      vertex 13.8165 65.738 1.5
      vertex 13.8011 65.738 1.50112
    endloop
  endfacet
  facet normal 0 -1 0
    outer loop
      vertex 14.1989 65.738 0
      vertex 14.1835 65.738 1.5
      vertex 13.8011 65.738 0
    endloop
  endfacet
  facet normal 0 -1 0
    outer loop
      vertex 14.1835 65.738 1.5
      vertex 14.1989 65.738 0
      vertex 14.1989 65.738 1.50112
    endloop
  endfacet
  facet normal 0.66323 0.748416 4.70549e-05
    outer loop
      vertex 13.0442 62.7584 1.5
      vertex 13.0627 62.7421 0
      vertex 12.7859 62.9873 1.5
    endloop
  endfacet
  facet normal 0.661085 0.750311 -0
    outer loop
      vertex 13.0627 62.7421 0
      vertex 13.0442 62.7584 1.5
      vertex 13.0627 62.7421 1.50375
    endloop
  endfacet
  facet normal 0.663067 0.74856 -6.50411e-06
    outer loop
      vertex 12.765 63.0058 0
      vertex 12.7859 62.9873 1.5
      vertex 13.0627 62.7421 0
    endloop
  endfacet
  facet normal 0.662806 0.748791 0
    outer loop
      vertex 12.7859 62.9873 1.5
      vertex 12.765 63.0058 0
      vertex 12.765 63.0058 1.50394
    endloop
  endfacet
  facet normal -0.464957 -0.885333 5.92508e-06
    outer loop
      vertex 14.5994 65.6353 1.5
      vertex 14.5851 65.6428 0
      vertex 14.9092 65.4726 1.5
    endloop
  endfacet
  facet normal -0.46447 -0.885589 0
    outer loop
      vertex 14.5851 65.6428 0
      vertex 14.5994 65.6353 1.5
      vertex 14.5851 65.6428 1.50281
    endloop
  endfacet
  facet normal -0.464824 -0.885403 -3.07536e-05
    outer loop
      vertex 14.9373 65.4579 0
      vertex 14.9092 65.4726 1.5
      vertex 14.5851 65.6428 0
    endloop
  endfacet
  facet normal -0.463536 -0.886078 0
    outer loop
      vertex 14.9092 65.4726 1.5
      vertex 14.9373 65.4579 0
      vertex 14.9373 65.4579 1.50375
    endloop
  endfacet
  facet normal 0.821496 0.570215 0
    outer loop
      vertex 12.5508 63.3162 1.5
      vertex 12.539 63.3332 0
      vertex 12.539 63.3332 1.50337
    endloop
  endfacet
  facet normal 0.823022 0.568009 -3.70019e-05
    outer loop
      vertex 12.7477 63.0309 1.5
      vertex 12.539 63.3332 0
      vertex 12.5508 63.3162 1.5
    endloop
  endfacet
  facet normal 0.823371 0.567503 -0
    outer loop
      vertex 12.765 63.0058 0
      vertex 12.7477 63.0309 1.5
      vertex 12.765 63.0058 1.50394
    endloop
  endfacet
  facet normal 0.82297 0.568085 -1.43781e-05
    outer loop
      vertex 12.7477 63.0309 1.5
      vertex 12.765 63.0058 0
      vertex 12.539 63.3332 0
    endloop
  endfacet
  facet normal -0.464733 0.885451 3.04487e-05
    outer loop
      vertex 14.9092 62.7273 1.5
      vertex 14.9373 62.7421 0
      vertex 14.5994 62.5647 1.5
    endloop
  endfacet
  facet normal -0.466006 0.884782 0
    outer loop
      vertex 14.9373 62.7421 0
      vertex 14.9092 62.7273 1.5
      vertex 14.9373 62.7421 1.50375
    endloop
  endfacet
  facet normal -0.464824 0.885403 4.30719e-06
    outer loop
      vertex 14.5851 62.5572 0
      vertex 14.5994 62.5647 1.5
      vertex 14.9373 62.7421 0
    endloop
  endfacet
  facet normal -0.46447 0.885589 0
    outer loop
      vertex 14.5994 62.5647 1.5
      vertex 14.5851 62.5572 0
      vertex 14.5851 62.5572 1.50281
    endloop
  endfacet
  facet normal 0.992896 -0.118983 0
    outer loop
      vertex 12.395 64.4707 1.5
      vertex 12.3979 64.4949 0
      vertex 12.3979 64.4949 1.50206
    endloop
  endfacet
  facet normal 0.992712 -0.120507 0
    outer loop
      vertex 12.35 64.1 0
      vertex 12.395 64.4707 1.5
      vertex 12.35 64.1 1.5
    endloop
  endfacet
  facet normal 0.992724 -0.120414 -2.34124e-05
    outer loop
      vertex 12.395 64.4707 1.5
      vertex 12.35 64.1 0
      vertex 12.3979 64.4949 0
    endloop
  endfacet
  facet normal -0.933346 0.358979 0
    outer loop
      vertex 15.6021 63.7051 0
      vertex 15.5981 63.6947 1.5
      vertex 15.6021 63.7051 1.50206
    endloop
  endfacet
  facet normal -0.935027 0.354578 -3.49978e-05
    outer loop
      vertex 15.6021 63.7051 0
      vertex 15.4722 63.3627 1.5
      vertex 15.5981 63.6947 1.5
    endloop
  endfacet
  facet normal -0.934969 0.35473 4.74314e-06
    outer loop
      vertex 15.461 63.3332 0
      vertex 15.4722 63.3627 1.5
      vertex 15.6021 63.7051 0
    endloop
  endfacet
  facet normal -0.934889 0.354941 0
    outer loop
      vertex 15.4722 63.3627 1.5
      vertex 15.461 63.3332 0
      vertex 15.461 63.3332 1.50337
    endloop
  endfacet
  facet normal -0.821496 0.570215 0
    outer loop
      vertex 15.461 63.3332 0
      vertex 15.4492 63.3162 1.5
      vertex 15.461 63.3332 1.50337
    endloop
  endfacet
  facet normal -0.823022 0.568009 -3.70019e-05
    outer loop
      vertex 15.461 63.3332 0
      vertex 15.2523 63.0309 1.5
      vertex 15.4492 63.3162 1.5
    endloop
  endfacet
  facet normal -0.82297 0.568085 -1.43781e-05
    outer loop
      vertex 15.235 63.0058 0
      vertex 15.2523 63.0309 1.5
      vertex 15.461 63.3332 0
    endloop
  endfacet
  facet normal -0.823371 0.567503 0
    outer loop
      vertex 15.2523 63.0309 1.5
      vertex 15.235 63.0058 0
      vertex 15.235 63.0058 1.50394
    endloop
  endfacet
  facet normal -0.66323 -0.748416 4.70549e-05
    outer loop
      vertex 14.9558 65.4416 1.5
      vertex 14.9373 65.4579 0
      vertex 15.2141 65.2127 1.5
    endloop
  endfacet
  facet normal -0.661085 -0.750311 0
    outer loop
      vertex 14.9373 65.4579 0
      vertex 14.9558 65.4416 1.5
      vertex 14.9373 65.4579 1.50375
    endloop
  endfacet
  facet normal -0.663067 -0.74856 -6.50411e-06
    outer loop
      vertex 15.235 65.1942 0
      vertex 15.2141 65.2127 1.5
      vertex 14.9373 65.4579 0
    endloop
  endfacet
  facet normal -0.662806 -0.748791 0
    outer loop
      vertex 15.2141 65.2127 1.5
      vertex 15.235 65.1942 0
      vertex 15.235 65.1942 1.50394
    endloop
  endfacet
  facet normal -0.239291 -0.970948 -2.88178e-05
    outer loop
      vertex 14.2044 65.7366 1.5
      vertex 14.1989 65.738 0
      vertex 14.5566 65.6498 1.5
    endloop
  endfacet
  facet normal -0.246679 -0.969097 0
    outer loop
      vertex 14.1989 65.738 0
      vertex 14.2044 65.7366 1.5
      vertex 14.1989 65.738 1.50112
    endloop
  endfacet
  facet normal -0.23934 -0.970936 -1.64253e-05
    outer loop
      vertex 14.5851 65.6428 0
      vertex 14.5566 65.6498 1.5
      vertex 14.1989 65.738 0
    endloop
  endfacet
  facet normal -0.238525 -0.971136 0
    outer loop
      vertex 14.5566 65.6498 1.5
      vertex 14.5851 65.6428 0
      vertex 14.5851 65.6428 1.50281
    endloop
  endfacet
  facet normal 0.992712 0.120507 0
    outer loop
      vertex 12.395 63.7293 1.5
      vertex 12.35 64.1 0
      vertex 12.35 64.1 1.5
    endloop
  endfacet
  facet normal 0.992896 0.118983 -0
    outer loop
      vertex 12.3979 63.7051 0
      vertex 12.395 63.7293 1.5
      vertex 12.3979 63.7051 1.50206
    endloop
  endfacet
  facet normal 0.992724 0.120414 -2.34124e-05
    outer loop
      vertex 12.395 63.7293 1.5
      vertex 12.3979 63.7051 0
      vertex 12.35 64.1 0
    endloop
  endfacet
  facet normal -0.23934 0.970936 -1.64253e-05
    outer loop
      vertex 14.1989 62.462 0
      vertex 14.5566 62.5502 1.5
      vertex 14.5851 62.5572 0
    endloop
  endfacet
  facet normal -0.238525 0.971136 0
    outer loop
      vertex 14.5851 62.5572 0
      vertex 14.5566 62.5502 1.5
      vertex 14.5851 62.5572 1.50281
    endloop
  endfacet
  facet normal -0.239291 0.970948 -2.88178e-05
    outer loop
      vertex 14.5566 62.5502 1.5
      vertex 14.1989 62.462 0
      vertex 14.2044 62.4634 1.5
    endloop
  endfacet
  facet normal -0.246679 0.969097 0
    outer loop
      vertex 14.2044 62.4634 1.5
      vertex 14.1989 62.462 0
      vertex 14.1989 62.462 1.50112
    endloop
  endfacet
  facet normal 0 1 0
    outer loop
      vertex 14.1835 62.462 1.5
      vertex 14.1989 62.462 0
      vertex 13.8165 62.462 1.5
    endloop
  endfacet
  facet normal 0 1 -0
    outer loop
      vertex 14.1989 62.462 0
      vertex 14.1835 62.462 1.5
      vertex 14.1989 62.462 1.50112
    endloop
  endfacet
  facet normal 0 1 0
    outer loop
      vertex 13.8011 62.462 0
      vertex 13.8165 62.462 1.5
      vertex 14.1989 62.462 0
    endloop
  endfacet
  facet normal 0 1 0
    outer loop
      vertex 13.8165 62.462 1.5
      vertex 13.8011 62.462 0
      vertex 13.8011 62.462 1.50112
    endloop
  endfacet
  facet normal 0.933346 0.358979 0
    outer loop
      vertex 12.4019 63.6947 1.5
      vertex 12.3979 63.7051 0
      vertex 12.3979 63.7051 1.50206
    endloop
  endfacet
  facet normal 0.935027 0.354578 -3.49978e-05
    outer loop
      vertex 12.5278 63.3627 1.5
      vertex 12.3979 63.7051 0
      vertex 12.4019 63.6947 1.5
    endloop
  endfacet
  facet normal 0.934889 0.354941 -0
    outer loop
      vertex 12.539 63.3332 0
      vertex 12.5278 63.3627 1.5
      vertex 12.539 63.3332 1.50337
    endloop
  endfacet
  facet normal 0.934969 0.35473 4.74314e-06
    outer loop
      vertex 12.5278 63.3627 1.5
      vertex 12.539 63.3332 0
      vertex 12.3979 63.7051 0
    endloop
  endfacet
  facet normal -0.744606 -0.0487416 0.665723
    outer loop
      vertex 15.65 64.1 1.5
      vertex 16.991 64.1014 3
      vertex 15.6359 64.3154 1.5
    endloop
  endfacet
  facet normal -0.744435 -0.0531739 0.665574
    outer loop
      vertex 16.991 64.1014 3
      vertex 15.65 64.1 1.5
      vertex 16.9911 64.1 3
    endloop
  endfacet
  facet normal 0.744612 0.048742 0.665715
    outer loop
      vertex 11.0344 63.711 3
      vertex 12.3641 63.8846 1.5
      vertex 12.35 64.1 1.5
    endloop
  endfacet
  facet normal 0.744189 0.0531564 0.665851
    outer loop
      vertex 12.3641 63.8846 1.5
      vertex 11.0344 63.711 3
      vertex 11.0345 63.7096 3
    endloop
  endfacet
  facet normal -0.145681 -0.731852 0.66571
    outer loop
      vertex 14.7727 66.9894 3
      vertex 14.3904 67.0655 3
      vertex 14.2154 65.7359 1.5
    endloop
  endfacet
  facet normal 0.0531739 0.744435 0.665574
    outer loop
      vertex 14 62.45 1.5
      vertex 13.9986 61.109 3
      vertex 14 61.1089 3
    endloop
  endfacet
  facet normal 0.0486937 0.744607 0.665724
    outer loop
      vertex 13.9986 61.109 3
      vertex 14 62.45 1.5
      vertex 13.8165 62.462 1.5
    endloop
  endfacet
  facet normal 0.0484183 0.744601 0.665752
    outer loop
      vertex 13.9986 61.109 3
      vertex 13.8165 62.462 1.5
      vertex 13.8011 62.462 1.50112
    endloop
  endfacet
  facet normal 0.0463751 0.728752 0.683205
    outer loop
      vertex 13.7846 62.4641 1.5
      vertex 13.8011 62.462 1.50112
      vertex 13.7956 62.4634 1.5
    endloop
  endfacet
  facet normal 0.0495896 0.744634 0.665628
    outer loop
      vertex 13.8011 62.462 1.50112
      vertex 13.7846 62.4641 1.5
      vertex 13.9986 61.109 3
    endloop
  endfacet
  facet normal 0.330114 0.669215 0.665715
    outer loop
      vertex 13.175 62.6711 1.5
      vertex 12.8554 61.3366 3
      vertex 13.3686 62.5756 1.5
    endloop
  endfacet
  facet normal 0.355148 0.65956 0.662458
    outer loop
      vertex 12.8554 61.3366 3
      vertex 13.175 62.6711 1.5
      vertex 12.8541 61.3373 3
    endloop
  endfacet
  facet normal 0.492075 -0.560977 0.665707
    outer loop
      vertex 12.9955 65.409 1.5
      vertex 12.1792 66.473 3
      vertex 11.8861 66.2159 3
    endloop
  endfacet
  facet normal -0.561063 0.491959 0.665721
    outer loop
      vertex 16.115 61.985 3
      vertex 16.372 62.2781 3
      vertex 15.1667 62.9333 1.5
    endloop
  endfacet
  facet normal -0.438546 0.603 0.666385
    outer loop
      vertex 15.0045 62.791 1.5
      vertex 15.8197 61.7262 3
      vertex 15.8208 61.727 3
    endloop
  endfacet
  facet normal -0.420137 0.627628 0.655414
    outer loop
      vertex 14.9373 62.7421 1.50375
      vertex 15.0045 62.791 1.5
      vertex 14.9558 62.7584 1.5
    endloop
  endfacet
  facet normal -0.414409 0.620547 0.665723
    outer loop
      vertex 15.0045 62.791 1.5
      vertex 14.9373 62.7421 1.50375
      vertex 15.8197 61.7262 3
    endloop
  endfacet
  facet normal -0.415324 0.619857 0.665795
    outer loop
      vertex 14.9092 62.7273 1.5
      vertex 15.8197 61.7262 3
      vertex 14.9373 62.7421 1.50375
    endloop
  endfacet
  facet normal -0.41427 0.620668 0.665696
    outer loop
      vertex 15.8197 61.7262 3
      vertex 14.9092 62.7273 1.5
      vertex 14.825 62.6711 1.5
    endloop
  endfacet
  facet normal 0.706598 -0.239872 0.665718
    outer loop
      vertex 12.4756 64.7314 1.5
      vertex 11.2366 65.2446 3
      vertex 11.1113 64.8755 3
    endloop
  endfacet
  facet normal -0.65956 -0.355148 0.662458
    outer loop
      vertex 15.4289 64.925 1.5
      vertex 16.7634 65.2446 3
      vertex 16.7627 65.2459 3
    endloop
  endfacet
  facet normal -0.663001 -0.326673 0.673583
    outer loop
      vertex 15.461 64.8668 1.50337
      vertex 15.4289 64.925 1.5
      vertex 15.4492 64.8838 1.5
    endloop
  endfacet
  facet normal -0.669077 -0.330482 0.66567
    outer loop
      vertex 15.4289 64.925 1.5
      vertex 15.461 64.8668 1.50337
      vertex 16.7634 65.2446 3
    endloop
  endfacet
  facet normal -0.67027 -0.330388 0.664517
    outer loop
      vertex 15.5244 64.7314 1.5
      vertex 15.461 64.8668 1.50337
      vertex 15.4722 64.8373 1.5
    endloop
  endfacet
  facet normal -0.669287 -0.329958 0.66572
    outer loop
      vertex 15.461 64.8668 1.50337
      vertex 15.5244 64.7314 1.5
      vertex 16.7634 65.2446 3
    endloop
  endfacet
  facet normal -0.240371 -0.706501 0.665642
    outer loop
      vertex 14.6314 65.6244 1.5
      vertex 14.7741 66.9891 3
      vertex 14.5851 65.6428 1.50281
    endloop
  endfacet
  facet normal -0.239923 -0.706612 0.665685
    outer loop
      vertex 14.4271 65.6938 1.5
      vertex 14.5851 65.6428 1.50281
      vertex 14.7741 66.9891 3
    endloop
  endfacet
  facet normal -0.238626 -0.702319 0.670676
    outer loop
      vertex 14.5851 65.6428 1.50281
      vertex 14.4271 65.6938 1.5
      vertex 14.5566 65.6498 1.5
    endloop
  endfacet
  facet normal -0.241378 -0.708634 0.663004
    outer loop
      vertex 14.6314 65.6244 1.5
      vertex 14.5851 65.6428 1.50281
      vertex 14.5994 65.6353 1.5
    endloop
  endfacet
  facet normal -0.204104 -0.714365 0.669346
    outer loop
      vertex 14.7741 66.9891 3
      vertex 14.6314 65.6244 1.5
      vertex 14.7755 66.9887 3
    endloop
  endfacet
  facet normal -0.355148 0.65956 0.662458
    outer loop
      vertex 14.825 62.6711 1.5
      vertex 15.1446 61.3366 3
      vertex 15.1459 61.3373 3
    endloop
  endfacet
  facet normal -0.330114 0.669215 0.665715
    outer loop
      vertex 15.1446 61.3366 3
      vertex 14.825 62.6711 1.5
      vertex 14.6314 62.5756 1.5
    endloop
  endfacet
  facet normal 0.239872 -0.706598 0.665718
    outer loop
      vertex 13.3686 65.6244 1.5
      vertex 13.2245 66.9887 3
      vertex 12.8554 66.8634 3
    endloop
  endfacet
  facet normal 0.0488106 -0.744601 0.665723
    outer loop
      vertex 14 65.75 1.5
      vertex 14 67.0911 3
      vertex 13.611 67.0656 3
    endloop
  endfacet
  facet normal -0.0495692 -0.744534 0.665742
    outer loop
      vertex 14.2154 65.7359 1.5
      vertex 14.389 67.0656 3
      vertex 14.1989 65.738 1.50112
    endloop
  endfacet
  facet normal -0.0486945 -0.74462 0.66571
    outer loop
      vertex 14.1835 65.738 1.5
      vertex 14.389 67.0656 3
      vertex 14 65.75 1.5
    endloop
  endfacet
  facet normal -0.0484144 -0.74465 0.665697
    outer loop
      vertex 14.389 67.0656 3
      vertex 14.1835 65.738 1.5
      vertex 14.1989 65.738 1.50112
    endloop
  endfacet
  facet normal -0.0463751 -0.728752 0.683205
    outer loop
      vertex 14.2154 65.7359 1.5
      vertex 14.1989 65.738 1.50112
      vertex 14.2044 65.7366 1.5
    endloop
  endfacet
  facet normal -0.0531564 -0.744189 0.665851
    outer loop
      vertex 14.389 67.0656 3
      vertex 14.2154 65.7359 1.5
      vertex 14.3904 67.0655 3
    endloop
  endfacet
  facet normal -0.0488111 0.744608 0.665715
    outer loop
      vertex 14.3904 61.1345 3
      vertex 14.2154 62.4641 1.5
      vertex 14.0014 61.109 3
    endloop
  endfacet
  facet normal 0.561063 -0.491959 0.665721
    outer loop
      vertex 12.8333 65.2667 1.5
      vertex 11.885 66.215 3
      vertex 11.628 65.9219 3
    endloop
  endfacet
  facet normal -0.552477 -0.502252 0.665216
    outer loop
      vertex 16.372 65.9219 3
      vertex 15.309 65.1045 1.5
      vertex 16.373 65.9208 3
    endloop
  endfacet
  facet normal -0.561004 -0.492053 0.665701
    outer loop
      vertex 15.235 65.1942 1.50394
      vertex 15.309 65.1045 1.5
      vertex 16.372 65.9219 3
    endloop
  endfacet
  facet normal -0.557981 -0.489745 0.669931
    outer loop
      vertex 15.309 65.1045 1.5
      vertex 15.235 65.1942 1.50394
      vertex 15.2523 65.1691 1.5
    endloop
  endfacet
  facet normal -0.560882 -0.492213 0.665686
    outer loop
      vertex 15.1667 65.2667 1.5
      vertex 15.235 65.1942 1.50394
      vertex 16.372 65.9219 3
    endloop
  endfacet
  facet normal -0.561653 -0.493006 0.664448
    outer loop
      vertex 15.235 65.1942 1.50394
      vertex 15.1667 65.2667 1.5
      vertex 15.2141 65.2127 1.5
    endloop
  endfacet
  facet normal 0.62051 0.41448 0.665713
    outer loop
      vertex 12.5711 63.275 1.5
      vertex 11.4105 62.6033 3
      vertex 12.691 63.0955 1.5
    endloop
  endfacet
  facet normal 0.620867 0.413911 0.665734
    outer loop
      vertex 11.4105 62.6033 3
      vertex 12.5711 63.275 1.5
      vertex 11.4097 62.6045 3
    endloop
  endfacet
  facet normal -0.239872 -0.706598 0.665718
    outer loop
      vertex 15.1446 66.8634 3
      vertex 14.7755 66.9887 3
      vertex 14.6314 65.6244 1.5
    endloop
  endfacet
  facet normal -0.620501 0.414497 0.665711
    outer loop
      vertex 16.373 62.2792 3
      vertex 16.5895 62.6033 3
      vertex 15.309 63.0955 1.5
    endloop
  endfacet
  facet normal -0.552477 0.502252 0.665216
    outer loop
      vertex 15.309 63.0955 1.5
      vertex 16.372 62.2781 3
      vertex 16.373 62.2792 3
    endloop
  endfacet
  facet normal -0.557981 0.489745 0.669931
    outer loop
      vertex 15.235 63.0058 1.50394
      vertex 15.309 63.0955 1.5
      vertex 15.2523 63.0309 1.5
    endloop
  endfacet
  facet normal -0.561004 0.492053 0.665701
    outer loop
      vertex 15.309 63.0955 1.5
      vertex 15.235 63.0058 1.50394
      vertex 16.372 62.2781 3
    endloop
  endfacet
  facet normal -0.561653 0.493006 0.664448
    outer loop
      vertex 15.1667 62.9333 1.5
      vertex 15.235 63.0058 1.50394
      vertex 15.2141 62.9873 1.5
    endloop
  endfacet
  facet normal -0.560882 0.492213 0.665686
    outer loop
      vertex 15.235 63.0058 1.50394
      vertex 15.1667 62.9333 1.5
      vertex 16.372 62.2781 3
    endloop
  endfacet
  facet normal -0.67027 0.330388 0.664517
    outer loop
      vertex 15.461 63.3332 1.50337
      vertex 15.5244 63.4686 1.5
      vertex 15.4722 63.3627 1.5
    endloop
  endfacet
  facet normal -0.663001 0.326673 0.673583
    outer loop
      vertex 15.4289 63.275 1.5
      vertex 15.461 63.3332 1.50337
      vertex 15.4492 63.3162 1.5
    endloop
  endfacet
  facet normal -0.669287 0.329958 0.66572
    outer loop
      vertex 15.461 63.3332 1.50337
      vertex 16.7634 62.9554 3
      vertex 15.5244 63.4686 1.5
    endloop
  endfacet
  facet normal -0.669077 0.330482 0.66567
    outer loop
      vertex 15.4289 63.275 1.5
      vertex 16.7634 62.9554 3
      vertex 15.461 63.3332 1.50337
    endloop
  endfacet
  facet normal -0.65956 0.355148 0.662458
    outer loop
      vertex 16.7634 62.9554 3
      vertex 15.4289 63.275 1.5
      vertex 16.7627 62.9541 3
    endloop
  endfacet
  facet normal -0.219671 0.713932 0.664865
    outer loop
      vertex 14.6314 62.5756 1.5
      vertex 15.1433 61.3362 3
      vertex 15.1446 61.3366 3
    endloop
  endfacet
  facet normal -0.240339 0.706435 0.665723
    outer loop
      vertex 15.1433 61.3362 3
      vertex 14.6314 62.5756 1.5
      vertex 14.5851 62.5572 1.50281
    endloop
  endfacet
  facet normal -0.241378 0.708634 0.663004
    outer loop
      vertex 14.5851 62.5572 1.50281
      vertex 14.6314 62.5756 1.5
      vertex 14.5994 62.5647 1.5
    endloop
  endfacet
  facet normal -0.239247 0.706861 0.665664
    outer loop
      vertex 14.5566 62.5502 1.5
      vertex 15.1433 61.3362 3
      vertex 14.5851 62.5572 1.50281
    endloop
  endfacet
  facet normal -0.240058 0.706535 0.665717
    outer loop
      vertex 15.1433 61.3362 3
      vertex 14.5566 62.5502 1.5
      vertex 14.4271 62.5062 1.5
    endloop
  endfacet
  facet normal 0.731852 -0.145681 0.66571
    outer loop
      vertex 12.3641 64.3154 1.5
      vertex 11.1106 64.8727 3
      vertex 11.0345 64.4904 3
    endloop
  endfacet
  facet normal -0.620867 0.413911 0.665734
    outer loop
      vertex 15.4289 63.275 1.5
      vertex 16.5895 62.6033 3
      vertex 16.5903 62.6045 3
    endloop
  endfacet
  facet normal -0.62051 0.41448 0.665713
    outer loop
      vertex 16.5895 62.6033 3
      vertex 15.4289 63.275 1.5
      vertex 15.309 63.0955 1.5
    endloop
  endfacet
  facet normal -0.491959 0.561063 0.665721
    outer loop
      vertex 15.8219 61.728 3
      vertex 16.115 61.985 3
      vertex 15.1667 62.9333 1.5
    endloop
  endfacet
  facet normal 0.204104 -0.714365 0.669346
    outer loop
      vertex 13.3686 65.6244 1.5
      vertex 13.2259 66.9891 3
      vertex 13.2245 66.9887 3
    endloop
  endfacet
  facet normal 0.240371 -0.706501 0.665642
    outer loop
      vertex 13.2259 66.9891 3
      vertex 13.3686 65.6244 1.5
      vertex 13.4149 65.6428 1.50281
    endloop
  endfacet
  facet normal 0.241378 -0.708634 0.663004
    outer loop
      vertex 13.4149 65.6428 1.50281
      vertex 13.3686 65.6244 1.5
      vertex 13.4006 65.6353 1.5
    endloop
  endfacet
  facet normal 0.239236 -0.706782 0.665751
    outer loop
      vertex 13.4434 65.6498 1.5
      vertex 13.2259 66.9891 3
      vertex 13.4149 65.6428 1.50281
    endloop
  endfacet
  facet normal 0.240069 -0.706567 0.66568
    outer loop
      vertex 13.2259 66.9891 3
      vertex 13.4434 65.6498 1.5
      vertex 13.5729 65.6938 1.5
    endloop
  endfacet
  facet normal -0.731852 -0.145681 0.66571
    outer loop
      vertex 16.9655 64.4904 3
      vertex 16.8894 64.8727 3
      vertex 15.6359 64.3154 1.5
    endloop
  endfacet
  facet normal -0.706598 0.239872 0.665718
    outer loop
      vertex 16.7634 62.9554 3
      vertex 16.8887 63.3245 3
      vertex 15.5244 63.4686 1.5
    endloop
  endfacet
  facet normal 0.744189 -0.0531564 0.665851
    outer loop
      vertex 11.0344 64.489 3
      vertex 12.3641 64.3154 1.5
      vertex 11.0345 64.4904 3
    endloop
  endfacet
  facet normal 0.744612 -0.048742 0.665715
    outer loop
      vertex 12.3641 64.3154 1.5
      vertex 11.0344 64.489 3
      vertex 12.35 64.1 1.5
    endloop
  endfacet
  facet normal 0.145681 -0.731852 0.66571
    outer loop
      vertex 13.7846 65.7359 1.5
      vertex 13.6096 67.0655 3
      vertex 13.2273 66.9894 3
    endloop
  endfacet
  facet normal -0.0484183 0.744601 0.665752
    outer loop
      vertex 14.1835 62.462 1.5
      vertex 14.0014 61.109 3
      vertex 14.1989 62.462 1.50112
    endloop
  endfacet
  facet normal -0.0495896 0.744634 0.665628
    outer loop
      vertex 14.2154 62.4641 1.5
      vertex 14.1989 62.462 1.50112
      vertex 14.0014 61.109 3
    endloop
  endfacet
  facet normal -0.0463751 0.728752 0.683205
    outer loop
      vertex 14.1989 62.462 1.50112
      vertex 14.2154 62.4641 1.5
      vertex 14.2044 62.4634 1.5
    endloop
  endfacet
  facet normal -0.0486937 0.744607 0.665724
    outer loop
      vertex 14 62.45 1.5
      vertex 14.0014 61.109 3
      vertex 14.1835 62.462 1.5
    endloop
  endfacet
  facet normal -0.0531739 0.744435 0.665574
    outer loop
      vertex 14.0014 61.109 3
      vertex 14 62.45 1.5
      vertex 14 61.1089 3
    endloop
  endfacet
  facet normal 0.0488111 0.744608 0.665715
    outer loop
      vertex 13.9986 61.109 3
      vertex 13.7846 62.4641 1.5
      vertex 13.6096 61.1345 3
    endloop
  endfacet
  facet normal 0.744601 -0.0488106 0.665723
    outer loop
      vertex 12.35 64.1 1.5
      vertex 11.0344 64.489 3
      vertex 11.0089 64.1 3
    endloop
  endfacet
  facet normal -0.561063 -0.491959 0.665721
    outer loop
      vertex 16.372 65.9219 3
      vertex 16.115 66.215 3
      vertex 15.1667 65.2667 1.5
    endloop
  endfacet
  facet normal -0.239822 0.706643 0.665689
    outer loop
      vertex 14.7741 61.2109 3
      vertex 15.1433 61.3362 3
      vertex 14.4271 62.5062 1.5
    endloop
  endfacet
  facet normal -0.0488106 -0.744601 0.665723
    outer loop
      vertex 14.389 67.0656 3
      vertex 14 67.0911 3
      vertex 14 65.75 1.5
    endloop
  endfacet
  facet normal -0.669259 0.330035 0.66571
    outer loop
      vertex 16.5903 62.6045 3
      vertex 16.7627 62.9541 3
      vertex 15.4289 63.275 1.5
    endloop
  endfacet
  facet normal 0.330035 0.669259 0.66571
    outer loop
      vertex 12.8541 61.3373 3
      vertex 13.175 62.6711 1.5
      vertex 12.5045 61.5097 3
    endloop
  endfacet
  facet normal -0.330109 -0.669205 0.665728
    outer loop
      vertex 14.825 65.5289 1.5
      vertex 15.4942 66.691 3
      vertex 14.6314 65.6244 1.5
    endloop
  endfacet
  facet normal -0.353511 -0.65652 0.666341
    outer loop
      vertex 15.4942 66.691 3
      vertex 14.825 65.5289 1.5
      vertex 15.4955 66.6903 3
    endloop
  endfacet
  facet normal -0.706581 0.240023 0.665682
    outer loop
      vertex 15.5244 63.4686 1.5
      vertex 16.8891 63.3259 3
      vertex 15.5938 63.6729 1.5
    endloop
  endfacet
  facet normal -0.714365 0.204104 0.669346
    outer loop
      vertex 16.8891 63.3259 3
      vertex 15.5244 63.4686 1.5
      vertex 16.8887 63.3245 3
    endloop
  endfacet
  facet normal 0.744601 0.0488106 0.665723
    outer loop
      vertex 11.0344 63.711 3
      vertex 12.35 64.1 1.5
      vertex 11.0089 64.1 3
    endloop
  endfacet
  facet normal -0.731852 0.145681 0.66571
    outer loop
      vertex 16.8894 63.3273 3
      vertex 16.9655 63.7096 3
      vertex 15.6359 63.8846 1.5
    endloop
  endfacet
  facet normal 0.492124 0.560945 0.665698
    outer loop
      vertex 12.1781 61.728 3
      vertex 12.9955 62.791 1.5
      vertex 12.8333 62.9333 1.5
    endloop
  endfacet
  facet normal 0.502252 0.552477 0.665216
    outer loop
      vertex 12.9955 62.791 1.5
      vertex 12.1781 61.728 3
      vertex 12.1792 61.727 3
    endloop
  endfacet
  facet normal -0.744608 -0.0488111 0.665715
    outer loop
      vertex 16.991 64.1014 3
      vertex 16.9655 64.4904 3
      vertex 15.6359 64.3154 1.5
    endloop
  endfacet
  facet normal -0.744435 0.0531739 0.665574
    outer loop
      vertex 15.65 64.1 1.5
      vertex 16.991 64.0986 3
      vertex 16.9911 64.1 3
    endloop
  endfacet
  facet normal -0.744606 0.0487416 0.665723
    outer loop
      vertex 16.991 64.0986 3
      vertex 15.65 64.1 1.5
      vertex 15.6359 63.8846 1.5
    endloop
  endfacet
  facet normal -0.744608 0.0488111 0.665715
    outer loop
      vertex 16.9655 63.7096 3
      vertex 16.991 64.0986 3
      vertex 15.6359 63.8846 1.5
    endloop
  endfacet
  facet normal -0.473114 -0.57825 0.664673
    outer loop
      vertex 16.1139 66.2159 3
      vertex 15.1667 65.2667 1.5
      vertex 16.115 66.215 3
    endloop
  endfacet
  facet normal -0.492115 -0.560935 0.665714
    outer loop
      vertex 15.1667 65.2667 1.5
      vertex 16.1139 66.2159 3
      vertex 15.0045 65.409 1.5
    endloop
  endfacet
  facet normal -0.145681 0.731852 0.66571
    outer loop
      vertex 14.3904 61.1345 3
      vertex 14.7727 61.2106 3
      vertex 14.2154 62.4641 1.5
    endloop
  endfacet
  facet normal -0.156297 0.729387 0.666007
    outer loop
      vertex 14.4271 62.5062 1.5
      vertex 14.7727 61.2106 3
      vertex 14.7741 61.2109 3
    endloop
  endfacet
  facet normal -0.145549 0.731892 0.665694
    outer loop
      vertex 14.7727 61.2106 3
      vertex 14.4271 62.5062 1.5
      vertex 14.2154 62.4641 1.5
    endloop
  endfacet
  facet normal 0.62051 -0.41448 0.665713
    outer loop
      vertex 11.4105 65.5967 3
      vertex 12.5711 64.925 1.5
      vertex 12.691 65.1045 1.5
    endloop
  endfacet
  facet normal 0.620867 -0.413911 0.665734
    outer loop
      vertex 12.5711 64.925 1.5
      vertex 11.4105 65.5967 3
      vertex 11.4097 65.5955 3
    endloop
  endfacet
  facet normal 0.145549 0.731892 0.665694
    outer loop
      vertex 13.5729 62.5062 1.5
      vertex 13.2273 61.2106 3
      vertex 13.7846 62.4641 1.5
    endloop
  endfacet
  facet normal 0.156297 0.729387 0.666007
    outer loop
      vertex 13.2273 61.2106 3
      vertex 13.5729 62.5062 1.5
      vertex 13.2259 61.2109 3
    endloop
  endfacet
  facet normal 0.731852 0.145681 0.66571
    outer loop
      vertex 11.1106 63.3273 3
      vertex 12.3641 63.8846 1.5
      vertex 11.0345 63.7096 3
    endloop
  endfacet
  facet normal -0.330032 -0.669253 0.665718
    outer loop
      vertex 15.4942 66.691 3
      vertex 15.1446 66.8634 3
      vertex 14.6314 65.6244 1.5
    endloop
  endfacet
  facet normal 0.561653 -0.493006 0.664448
    outer loop
      vertex 12.8333 65.2667 1.5
      vertex 12.765 65.1942 1.50394
      vertex 12.7859 65.2127 1.5
    endloop
  endfacet
  facet normal 0.557981 -0.489745 0.669931
    outer loop
      vertex 12.765 65.1942 1.50394
      vertex 12.691 65.1045 1.5
      vertex 12.7477 65.1691 1.5
    endloop
  endfacet
  facet normal 0.560882 -0.492213 0.665686
    outer loop
      vertex 11.628 65.9219 3
      vertex 12.765 65.1942 1.50394
      vertex 12.8333 65.2667 1.5
    endloop
  endfacet
  facet normal 0.561004 -0.492053 0.665701
    outer loop
      vertex 11.628 65.9219 3
      vertex 12.691 65.1045 1.5
      vertex 12.765 65.1942 1.50394
    endloop
  endfacet
  facet normal 0.552477 -0.502252 0.665216
    outer loop
      vertex 12.691 65.1045 1.5
      vertex 11.628 65.9219 3
      vertex 11.627 65.9208 3
    endloop
  endfacet
  facet normal 0.145681 0.731852 0.66571
    outer loop
      vertex 13.6096 61.1345 3
      vertex 13.7846 62.4641 1.5
      vertex 13.2273 61.2106 3
    endloop
  endfacet
  facet normal 0.355148 -0.65956 0.662458
    outer loop
      vertex 13.175 65.5289 1.5
      vertex 12.8554 66.8634 3
      vertex 12.8541 66.8627 3
    endloop
  endfacet
  facet normal 0.330114 -0.669215 0.665715
    outer loop
      vertex 12.8554 66.8634 3
      vertex 13.175 65.5289 1.5
      vertex 13.3686 65.6244 1.5
    endloop
  endfacet
  facet normal -0.145549 -0.731892 0.665694
    outer loop
      vertex 14.4271 65.6938 1.5
      vertex 14.7727 66.9894 3
      vertex 14.2154 65.7359 1.5
    endloop
  endfacet
  facet normal -0.156297 -0.729387 0.666007
    outer loop
      vertex 14.7727 66.9894 3
      vertex 14.4271 65.6938 1.5
      vertex 14.7741 66.9891 3
    endloop
  endfacet
  facet normal -0.330035 0.669259 0.66571
    outer loop
      vertex 15.1459 61.3373 3
      vertex 15.4955 61.5097 3
      vertex 14.825 62.6711 1.5
    endloop
  endfacet
  facet normal 0.414406 0.620556 0.665716
    outer loop
      vertex 12.5045 61.5097 3
      vertex 13.175 62.6711 1.5
      vertex 12.1803 61.7262 3
    endloop
  endfacet
  facet normal 0.620501 -0.414497 0.665711
    outer loop
      vertex 12.691 65.1045 1.5
      vertex 11.627 65.9208 3
      vertex 11.4105 65.5967 3
    endloop
  endfacet
  facet normal 0.731871 0.14562 0.665703
    outer loop
      vertex 11.1106 63.3273 3
      vertex 12.395 63.7293 1.5
      vertex 12.3641 63.8846 1.5
    endloop
  endfacet
  facet normal 0.719127 0.141846 0.680247
    outer loop
      vertex 12.3979 63.7051 1.50206
      vertex 12.4062 63.6729 1.5
      vertex 12.4019 63.6947 1.5
    endloop
  endfacet
  facet normal 0.732173 0.144401 0.665635
    outer loop
      vertex 12.395 63.7293 1.5
      vertex 11.1106 63.3273 3
      vertex 12.3979 63.7051 1.50206
    endloop
  endfacet
  facet normal 0.731781 0.146038 0.66571
    outer loop
      vertex 11.1106 63.3273 3
      vertex 12.4062 63.6729 1.5
      vertex 12.3979 63.7051 1.50206
    endloop
  endfacet
  facet normal 0.729387 0.156297 0.666007
    outer loop
      vertex 12.4062 63.6729 1.5
      vertex 11.1106 63.3273 3
      vertex 11.1109 63.3259 3
    endloop
  endfacet
  facet normal 0.240339 0.706435 0.665723
    outer loop
      vertex 13.3686 62.5756 1.5
      vertex 12.8567 61.3362 3
      vertex 13.4149 62.5572 1.50281
    endloop
  endfacet
  facet normal 0.239919 0.706599 0.6657
    outer loop
      vertex 13.5729 62.5062 1.5
      vertex 13.4149 62.5572 1.50281
      vertex 12.8567 61.3362 3
    endloop
  endfacet
  facet normal 0.238626 0.702319 0.670676
    outer loop
      vertex 13.4149 62.5572 1.50281
      vertex 13.5729 62.5062 1.5
      vertex 13.4434 62.5502 1.5
    endloop
  endfacet
  facet normal 0.241378 0.708634 0.663004
    outer loop
      vertex 13.3686 62.5756 1.5
      vertex 13.4149 62.5572 1.50281
      vertex 13.4006 62.5647 1.5
    endloop
  endfacet
  facet normal 0.219671 0.713932 0.664865
    outer loop
      vertex 12.8567 61.3362 3
      vertex 13.3686 62.5756 1.5
      vertex 12.8554 61.3366 3
    endloop
  endfacet
  facet normal -0.669259 -0.330035 0.66571
    outer loop
      vertex 16.7627 65.2459 3
      vertex 16.5903 65.5955 3
      vertex 15.4289 64.925 1.5
    endloop
  endfacet
  facet normal -0.620867 -0.413911 0.665734
    outer loop
      vertex 16.5895 65.5967 3
      vertex 15.4289 64.925 1.5
      vertex 16.5903 65.5955 3
    endloop
  endfacet
  facet normal -0.62051 -0.41448 0.665713
    outer loop
      vertex 15.4289 64.925 1.5
      vertex 16.5895 65.5967 3
      vertex 15.309 65.1045 1.5
    endloop
  endfacet
  facet normal -0.414406 0.620556 0.665716
    outer loop
      vertex 15.4955 61.5097 3
      vertex 15.8197 61.7262 3
      vertex 14.825 62.6711 1.5
    endloop
  endfacet
  facet normal 0.492115 -0.560935 0.665714
    outer loop
      vertex 11.8861 66.2159 3
      vertex 12.8333 65.2667 1.5
      vertex 12.9955 65.409 1.5
    endloop
  endfacet
  facet normal 0.473114 -0.57825 0.664673
    outer loop
      vertex 12.8333 65.2667 1.5
      vertex 11.8861 66.2159 3
      vertex 11.885 66.215 3
    endloop
  endfacet
  facet normal 0.669259 -0.330035 0.66571
    outer loop
      vertex 12.5711 64.925 1.5
      vertex 11.4097 65.5955 3
      vertex 11.2373 65.2459 3
    endloop
  endfacet
  facet normal 0.561063 0.491959 0.665721
    outer loop
      vertex 11.885 61.985 3
      vertex 12.8333 62.9333 1.5
      vertex 11.628 62.2781 3
    endloop
  endfacet
  facet normal 0.706581 0.240023 0.665682
    outer loop
      vertex 11.1109 63.3259 3
      vertex 12.4756 63.4686 1.5
      vertex 12.4062 63.6729 1.5
    endloop
  endfacet
  facet normal 0.714365 0.204104 0.669346
    outer loop
      vertex 12.4756 63.4686 1.5
      vertex 11.1109 63.3259 3
      vertex 11.1113 63.3245 3
    endloop
  endfacet
  facet normal 0.729387 -0.156297 0.666007
    outer loop
      vertex 11.1106 64.8727 3
      vertex 12.4062 64.5271 1.5
      vertex 11.1109 64.8741 3
    endloop
  endfacet
  facet normal 0.731781 -0.146038 0.66571
    outer loop
      vertex 12.3979 64.4949 1.50206
      vertex 12.4062 64.5271 1.5
      vertex 11.1106 64.8727 3
    endloop
  endfacet
  facet normal 0.719127 -0.141846 0.680247
    outer loop
      vertex 12.4062 64.5271 1.5
      vertex 12.3979 64.4949 1.50206
      vertex 12.4019 64.5053 1.5
    endloop
  endfacet
  facet normal 0.732173 -0.144401 0.665635
    outer loop
      vertex 11.1106 64.8727 3
      vertex 12.395 64.4707 1.5
      vertex 12.3979 64.4949 1.50206
    endloop
  endfacet
  facet normal 0.731871 -0.14562 0.665703
    outer loop
      vertex 12.395 64.4707 1.5
      vertex 11.1106 64.8727 3
      vertex 12.3641 64.3154 1.5
    endloop
  endfacet
  facet normal 0.714365 -0.204104 0.669346
    outer loop
      vertex 11.1109 64.8741 3
      vertex 12.4756 64.7314 1.5
      vertex 11.1113 64.8755 3
    endloop
  endfacet
  facet normal 0.706581 -0.240023 0.665682
    outer loop
      vertex 12.4756 64.7314 1.5
      vertex 11.1109 64.8741 3
      vertex 12.4062 64.5271 1.5
    endloop
  endfacet
  facet normal 0.156297 -0.729387 0.666007
    outer loop
      vertex 13.5729 65.6938 1.5
      vertex 13.2273 66.9894 3
      vertex 13.2259 66.9891 3
    endloop
  endfacet
  facet normal 0.145549 -0.731892 0.665694
    outer loop
      vertex 13.2273 66.9894 3
      vertex 13.5729 65.6938 1.5
      vertex 13.7846 65.7359 1.5
    endloop
  endfacet
  facet normal 0.669259 0.330035 0.66571
    outer loop
      vertex 11.4097 62.6045 3
      vertex 12.5711 63.275 1.5
      vertex 11.2373 62.9541 3
    endloop
  endfacet
  facet normal -0.492124 0.560945 0.665698
    outer loop
      vertex 15.0045 62.791 1.5
      vertex 15.8219 61.728 3
      vertex 15.1667 62.9333 1.5
    endloop
  endfacet
  facet normal -0.502252 0.552477 0.665216
    outer loop
      vertex 15.8219 61.728 3
      vertex 15.0045 62.791 1.5
      vertex 15.8208 61.727 3
    endloop
  endfacet
  facet normal 0.0531564 -0.744189 0.665851
    outer loop
      vertex 13.7846 65.7359 1.5
      vertex 13.611 67.0656 3
      vertex 13.6096 67.0655 3
    endloop
  endfacet
  facet normal 0.0495692 -0.744534 0.665742
    outer loop
      vertex 13.611 67.0656 3
      vertex 13.7846 65.7359 1.5
      vertex 13.8011 65.738 1.50112
    endloop
  endfacet
  facet normal 0.0463751 -0.728752 0.683205
    outer loop
      vertex 13.8011 65.738 1.50112
      vertex 13.7846 65.7359 1.5
      vertex 13.7956 65.7366 1.5
    endloop
  endfacet
  facet normal 0.0484144 -0.74465 0.665697
    outer loop
      vertex 13.8165 65.738 1.5
      vertex 13.611 67.0656 3
      vertex 13.8011 65.738 1.50112
    endloop
  endfacet
  facet normal 0.0486945 -0.74462 0.66571
    outer loop
      vertex 13.611 67.0656 3
      vertex 13.8165 65.738 1.5
      vertex 14 65.75 1.5
    endloop
  endfacet
  facet normal -0.732173 0.144401 0.665635
    outer loop
      vertex 16.8894 63.3273 3
      vertex 15.605 63.7293 1.5
      vertex 15.6021 63.7051 1.50206
    endloop
  endfacet
  facet normal -0.719127 0.141846 0.680247
    outer loop
      vertex 15.5938 63.6729 1.5
      vertex 15.6021 63.7051 1.50206
      vertex 15.5981 63.6947 1.5
    endloop
  endfacet
  facet normal -0.731871 0.14562 0.665703
    outer loop
      vertex 15.605 63.7293 1.5
      vertex 16.8894 63.3273 3
      vertex 15.6359 63.8846 1.5
    endloop
  endfacet
  facet normal -0.731781 0.146038 0.66571
    outer loop
      vertex 15.5938 63.6729 1.5
      vertex 16.8894 63.3273 3
      vertex 15.6021 63.7051 1.50206
    endloop
  endfacet
  facet normal -0.729387 0.156297 0.666007
    outer loop
      vertex 16.8894 63.3273 3
      vertex 15.5938 63.6729 1.5
      vertex 16.8891 63.3259 3
    endloop
  endfacet
  facet normal 0.706598 0.239872 0.665718
    outer loop
      vertex 11.2366 62.9554 3
      vertex 12.4756 63.4686 1.5
      vertex 11.1113 63.3245 3
    endloop
  endfacet
  facet normal 0.620501 0.414497 0.665711
    outer loop
      vertex 11.627 62.2792 3
      vertex 12.691 63.0955 1.5
      vertex 11.4105 62.6033 3
    endloop
  endfacet
  facet normal 0.239822 0.706643 0.665689
    outer loop
      vertex 13.2259 61.2109 3
      vertex 13.5729 62.5062 1.5
      vertex 12.8567 61.3362 3
    endloop
  endfacet
  facet normal -0.413911 -0.620867 0.665734
    outer loop
      vertex 14.825 65.5289 1.5
      vertex 15.4967 66.6895 3
      vertex 15.4955 66.6903 3
    endloop
  endfacet
  facet normal -0.414409 -0.620547 0.665722
    outer loop
      vertex 15.4967 66.6895 3
      vertex 14.9373 65.4579 1.50375
      vertex 15.0045 65.409 1.5
    endloop
  endfacet
  facet normal -0.420137 -0.627628 0.655414
    outer loop
      vertex 15.0045 65.409 1.5
      vertex 14.9373 65.4579 1.50375
      vertex 14.9558 65.4416 1.5
    endloop
  endfacet
  facet normal -0.413692 -0.620954 0.665789
    outer loop
      vertex 15.4967 66.6895 3
      vertex 14.9092 65.4726 1.5
      vertex 14.9373 65.4579 1.50375
    endloop
  endfacet
  facet normal -0.414777 -0.620323 0.665702
    outer loop
      vertex 15.4967 66.6895 3
      vertex 14.825 65.5289 1.5
      vertex 14.9092 65.4726 1.5
    endloop
  endfacet
  facet normal 0.414406 -0.620556 0.665716
    outer loop
      vertex 13.175 65.5289 1.5
      vertex 12.5045 66.6903 3
      vertex 12.1803 66.4738 3
    endloop
  endfacet
  facet normal -0.620501 -0.414497 0.665711
    outer loop
      vertex 16.5895 65.5967 3
      vertex 16.373 65.9208 3
      vertex 15.309 65.1045 1.5
    endloop
  endfacet
  facet normal 0.491959 0.561063 0.665721
    outer loop
      vertex 12.1781 61.728 3
      vertex 12.8333 62.9333 1.5
      vertex 11.885 61.985 3
    endloop
  endfacet
  facet normal -0.706598 -0.239872 0.665718
    outer loop
      vertex 16.8887 64.8755 3
      vertex 16.7634 65.2446 3
      vertex 15.5244 64.7314 1.5
    endloop
  endfacet
  facet normal 0.417312 0.625226 0.659502
    outer loop
      vertex 13.0627 62.7421 1.50375
      vertex 13.175 62.6711 1.5
      vertex 13.0908 62.7273 1.5
    endloop
  endfacet
  facet normal 0.420137 0.627628 0.655414
    outer loop
      vertex 12.9955 62.791 1.5
      vertex 13.0627 62.7421 1.50375
      vertex 13.0442 62.7584 1.5
    endloop
  endfacet
  facet normal 0.414513 0.620469 0.665731
    outer loop
      vertex 13.0627 62.7421 1.50375
      vertex 12.1803 61.7262 3
      vertex 13.175 62.6711 1.5
    endloop
  endfacet
  facet normal 0.414409 0.620547 0.665723
    outer loop
      vertex 12.9955 62.791 1.5
      vertex 12.1803 61.7262 3
      vertex 13.0627 62.7421 1.50375
    endloop
  endfacet
  facet normal 0.438546 0.603 0.666385
    outer loop
      vertex 12.1803 61.7262 3
      vertex 12.9955 62.791 1.5
      vertex 12.1792 61.727 3
    endloop
  endfacet
  facet normal 0.67027 0.330388 0.664517
    outer loop
      vertex 12.4756 63.4686 1.5
      vertex 12.539 63.3332 1.50337
      vertex 12.5278 63.3627 1.5
    endloop
  endfacet
  facet normal 0.663001 0.326673 0.673583
    outer loop
      vertex 12.539 63.3332 1.50337
      vertex 12.5711 63.275 1.5
      vertex 12.5508 63.3162 1.5
    endloop
  endfacet
  facet normal 0.669287 0.329958 0.66572
    outer loop
      vertex 11.2366 62.9554 3
      vertex 12.539 63.3332 1.50337
      vertex 12.4756 63.4686 1.5
    endloop
  endfacet
  facet normal 0.669077 0.330482 0.66567
    outer loop
      vertex 11.2366 62.9554 3
      vertex 12.5711 63.275 1.5
      vertex 12.539 63.3332 1.50337
    endloop
  endfacet
  facet normal 0.65956 0.355148 0.662458
    outer loop
      vertex 12.5711 63.275 1.5
      vertex 11.2366 62.9554 3
      vertex 11.2373 62.9541 3
    endloop
  endfacet
  facet normal 0 0 1
    outer loop
      vertex 13.4006 62.5647 1.5
      vertex 13.175 62.6711 1.5
      vertex 13.3686 62.5756 1.5
    endloop
  endfacet
  facet normal -0 -0 1
    outer loop
      vertex 13.175 62.6711 1.5
      vertex 13.4006 62.5647 1.5
      vertex 13.0908 62.7273 1.5
    endloop
  endfacet
  facet normal 0 -0 1
    outer loop
      vertex 14 62.45 1.5
      vertex 14.1835 62.462 1.5
      vertex 13.8165 62.462 1.5
    endloop
  endfacet
  facet normal 0 0 1
    outer loop
      vertex 14.5994 62.5647 1.5
      vertex 14.825 62.6711 1.5
      vertex 14.9092 62.7273 1.5
    endloop
  endfacet
  facet normal 0 0 1
    outer loop
      vertex 14.825 62.6711 1.5
      vertex 14.5994 62.5647 1.5
      vertex 14.6314 62.5756 1.5
    endloop
  endfacet
  facet normal 0 0 1
    outer loop
      vertex 14.1835 65.738 1.5
      vertex 14 65.75 1.5
      vertex 13.8165 65.738 1.5
    endloop
  endfacet
  facet normal 0 0 1
    outer loop
      vertex 15.0045 65.409 1.5
      vertex 15.2141 65.2127 1.5
      vertex 15.1667 65.2667 1.5
    endloop
  endfacet
  facet normal 0 0 1
    outer loop
      vertex 15.2141 65.2127 1.5
      vertex 15.0045 65.409 1.5
      vertex 14.9558 65.4416 1.5
    endloop
  endfacet
  facet normal 0 0 1
    outer loop
      vertex 15.2141 62.9873 1.5
      vertex 15.0045 62.791 1.5
      vertex 15.1667 62.9333 1.5
    endloop
  endfacet
  facet normal 0 -0 1
    outer loop
      vertex 15.0045 62.791 1.5
      vertex 15.2141 62.9873 1.5
      vertex 14.9558 62.7584 1.5
    endloop
  endfacet
  facet normal 0 0 1
    outer loop
      vertex 15.4492 63.3162 1.5
      vertex 15.309 63.0955 1.5
      vertex 15.4289 63.275 1.5
    endloop
  endfacet
  facet normal 0 -0 1
    outer loop
      vertex 15.309 63.0955 1.5
      vertex 15.4492 63.3162 1.5
      vertex 15.2523 63.0309 1.5
    endloop
  endfacet
  facet normal 0 0 1
    outer loop
      vertex 15.5981 63.6947 1.5
      vertex 15.5244 63.4686 1.5
      vertex 15.5938 63.6729 1.5
    endloop
  endfacet
  facet normal 0 -0 1
    outer loop
      vertex 15.5244 63.4686 1.5
      vertex 15.5981 63.6947 1.5
      vertex 15.4722 63.3627 1.5
    endloop
  endfacet
  facet normal 0 0 1
    outer loop
      vertex 13.175 65.5289 1.5
      vertex 13.4006 65.6353 1.5
      vertex 13.3686 65.6244 1.5
    endloop
  endfacet
  facet normal 0 0 1
    outer loop
      vertex 13.4006 65.6353 1.5
      vertex 13.175 65.5289 1.5
      vertex 13.0908 65.4726 1.5
    endloop
  endfacet
  facet normal -0 -0 1
    outer loop
      vertex 12.3641 63.8846 1.5
      vertex 12.395 63.7293 1.5
      vertex 12.35 64.1 1.5
    endloop
  endfacet
  facet normal 0 0 1
    outer loop
      vertex 12.395 64.4707 1.5
      vertex 12.3641 64.3154 1.5
      vertex 12.35 64.1 1.5
    endloop
  endfacet
  facet normal 0 -0 1
    outer loop
      vertex 15.6359 63.8846 1.5
      vertex 15.65 64.1 1.5
      vertex 15.605 63.7293 1.5
    endloop
  endfacet
  facet normal 0 0 1
    outer loop
      vertex 12.5508 63.3162 1.5
      vertex 12.691 63.0955 1.5
      vertex 12.7477 63.0309 1.5
    endloop
  endfacet
  facet normal 0 0 1
    outer loop
      vertex 12.691 63.0955 1.5
      vertex 12.5508 63.3162 1.5
      vertex 12.5711 63.275 1.5
    endloop
  endfacet
  facet normal 0 0 1
    outer loop
      vertex 14.2044 62.4634 1.5
      vertex 14.4271 62.5062 1.5
      vertex 14.5566 62.5502 1.5
    endloop
  endfacet
  facet normal 0 0 1
    outer loop
      vertex 14.4271 62.5062 1.5
      vertex 14.2044 62.4634 1.5
      vertex 14.2154 62.4641 1.5
    endloop
  endfacet
  facet normal 0 0 1
    outer loop
      vertex 15.65 64.1 1.5
      vertex 15.6359 64.3154 1.5
      vertex 15.605 64.4707 1.5
    endloop
  endfacet
  facet normal 0 0 1
    outer loop
      vertex 14.5994 65.6353 1.5
      vertex 14.825 65.5289 1.5
      vertex 14.6314 65.6244 1.5
    endloop
  endfacet
  facet normal 0 0 1
    outer loop
      vertex 14.825 65.5289 1.5
      vertex 14.5994 65.6353 1.5
      vertex 14.9092 65.4726 1.5
    endloop
  endfacet
  facet normal 0 0 1
    outer loop
      vertex 13.0442 62.7584 1.5
      vertex 12.8333 62.9333 1.5
      vertex 12.9955 62.791 1.5
    endloop
  endfacet
  facet normal -0 -0 1
    outer loop
      vertex 12.8333 62.9333 1.5
      vertex 13.0442 62.7584 1.5
      vertex 12.7859 62.9873 1.5
    endloop
  endfacet
  facet normal 0 0 1
    outer loop
      vertex 12.5508 64.8838 1.5
      vertex 12.691 65.1045 1.5
      vertex 12.5711 64.925 1.5
    endloop
  endfacet
  facet normal -0 0 1
    outer loop
      vertex 12.691 65.1045 1.5
      vertex 12.5508 64.8838 1.5
      vertex 12.7477 65.1691 1.5
    endloop
  endfacet
  facet normal 0 0 1
    outer loop
      vertex 13.7956 62.4634 1.5
      vertex 13.5729 62.5062 1.5
      vertex 13.7846 62.4641 1.5
    endloop
  endfacet
  facet normal -0 -0 1
    outer loop
      vertex 13.5729 62.5062 1.5
      vertex 13.7956 62.4634 1.5
      vertex 13.4434 62.5502 1.5
    endloop
  endfacet
  facet normal 0 0 1
    outer loop
      vertex 14.2044 65.7366 1.5
      vertex 14.4271 65.6938 1.5
      vertex 14.2154 65.7359 1.5
    endloop
  endfacet
  facet normal 0 0 1
    outer loop
      vertex 14.4271 65.6938 1.5
      vertex 14.2044 65.7366 1.5
      vertex 14.5566 65.6498 1.5
    endloop
  endfacet
  facet normal 0 0 1
    outer loop
      vertex 12.4019 63.6947 1.5
      vertex 12.4756 63.4686 1.5
      vertex 12.5278 63.3627 1.5
    endloop
  endfacet
  facet normal 0 0 1
    outer loop
      vertex 12.4756 63.4686 1.5
      vertex 12.4019 63.6947 1.5
      vertex 12.4062 63.6729 1.5
    endloop
  endfacet
  facet normal 0 0 1
    outer loop
      vertex 15.309 65.1045 1.5
      vertex 15.4492 64.8838 1.5
      vertex 15.4289 64.925 1.5
    endloop
  endfacet
  facet normal 0 0 1
    outer loop
      vertex 15.4492 64.8838 1.5
      vertex 15.309 65.1045 1.5
      vertex 15.2523 65.1691 1.5
    endloop
  endfacet
  facet normal 0 0 1
    outer loop
      vertex 12.8333 65.2667 1.5
      vertex 13.0442 65.4416 1.5
      vertex 12.9955 65.409 1.5
    endloop
  endfacet
  facet normal 0 0 1
    outer loop
      vertex 13.0442 65.4416 1.5
      vertex 12.8333 65.2667 1.5
      vertex 12.7859 65.2127 1.5
    endloop
  endfacet
  facet normal 0 0 1
    outer loop
      vertex 13.5729 65.6938 1.5
      vertex 13.7956 65.7366 1.5
      vertex 13.7846 65.7359 1.5
    endloop
  endfacet
  facet normal 0 0 1
    outer loop
      vertex 13.7956 65.7366 1.5
      vertex 13.5729 65.6938 1.5
      vertex 13.4434 65.6498 1.5
    endloop
  endfacet
  facet normal 0 0 1
    outer loop
      vertex 12.4019 64.5053 1.5
      vertex 12.4756 64.7314 1.5
      vertex 12.4062 64.5271 1.5
    endloop
  endfacet
  facet normal -0 0 1
    outer loop
      vertex 12.4756 64.7314 1.5
      vertex 12.4019 64.5053 1.5
      vertex 12.5278 64.8373 1.5
    endloop
  endfacet
  facet normal 0 0 1
    outer loop
      vertex 15.5244 64.7314 1.5
      vertex 15.5981 64.5053 1.5
      vertex 15.5938 64.5271 1.5
    endloop
  endfacet
  facet normal 0 0 1
    outer loop
      vertex 15.5981 64.5053 1.5
      vertex 15.5244 64.7314 1.5
      vertex 15.4722 64.8373 1.5
    endloop
  endfacet
  facet normal -0.414497 -0.620501 0.665711
    outer loop
      vertex 15.8208 66.473 3
      vertex 15.4967 66.6895 3
      vertex 15.0045 65.409 1.5
    endloop
  endfacet
  facet normal -0.492075 -0.560977 0.665707
    outer loop
      vertex 16.1139 66.2159 3
      vertex 15.8208 66.473 3
      vertex 15.0045 65.409 1.5
    endloop
  endfacet
  facet normal 0.411833 -0.61592 0.671592
    outer loop
      vertex 13.175 65.5289 1.5
      vertex 13.0627 65.4579 1.50375
      vertex 13.0908 65.4726 1.5
    endloop
  endfacet
  facet normal 0.420137 -0.627628 0.655414
    outer loop
      vertex 13.0627 65.4579 1.50375
      vertex 12.9955 65.409 1.5
      vertex 13.0442 65.4416 1.5
    endloop
  endfacet
  facet normal 0.414513 -0.620469 0.665731
    outer loop
      vertex 12.1803 66.4738 3
      vertex 13.0627 65.4579 1.50375
      vertex 13.175 65.5289 1.5
    endloop
  endfacet
  facet normal 0.414409 -0.620547 0.665723
    outer loop
      vertex 12.1803 66.4738 3
      vertex 12.9955 65.409 1.5
      vertex 13.0627 65.4579 1.50375
    endloop
  endfacet
  facet normal 0.438546 -0.603 0.666385
    outer loop
      vertex 12.9955 65.409 1.5
      vertex 12.1803 66.4738 3
      vertex 12.1792 66.473 3
    endloop
  endfacet
  facet normal 0.561653 0.493006 0.664448
    outer loop
      vertex 12.765 63.0058 1.50394
      vertex 12.8333 62.9333 1.5
      vertex 12.7859 62.9873 1.5
    endloop
  endfacet
  facet normal 0.557981 0.489745 0.669931
    outer loop
      vertex 12.691 63.0955 1.5
      vertex 12.765 63.0058 1.50394
      vertex 12.7477 63.0309 1.5
    endloop
  endfacet
  facet normal 0.560882 0.492213 0.665686
    outer loop
      vertex 12.765 63.0058 1.50394
      vertex 11.628 62.2781 3
      vertex 12.8333 62.9333 1.5
    endloop
  endfacet
  facet normal 0.561004 0.492053 0.665701
    outer loop
      vertex 12.691 63.0955 1.5
      vertex 11.628 62.2781 3
      vertex 12.765 63.0058 1.50394
    endloop
  endfacet
  facet normal 0.552477 0.502252 0.665216
    outer loop
      vertex 11.628 62.2781 3
      vertex 12.691 63.0955 1.5
      vertex 11.627 62.2792 3
    endloop
  endfacet
  facet normal 0.330035 -0.669259 0.66571
    outer loop
      vertex 13.175 65.5289 1.5
      vertex 12.8541 66.8627 3
      vertex 12.5045 66.6903 3
    endloop
  endfacet
  facet normal 0.65956 -0.355148 0.662458
    outer loop
      vertex 11.2366 65.2446 3
      vertex 12.5711 64.925 1.5
      vertex 11.2373 65.2459 3
    endloop
  endfacet
  facet normal 0.669077 -0.330482 0.66567
    outer loop
      vertex 12.539 64.8668 1.50337
      vertex 12.5711 64.925 1.5
      vertex 11.2366 65.2446 3
    endloop
  endfacet
  facet normal 0.663001 -0.326673 0.673583
    outer loop
      vertex 12.5711 64.925 1.5
      vertex 12.539 64.8668 1.50337
      vertex 12.5508 64.8838 1.5
    endloop
  endfacet
  facet normal 0.669287 -0.329958 0.66572
    outer loop
      vertex 12.4756 64.7314 1.5
      vertex 12.539 64.8668 1.50337
      vertex 11.2366 65.2446 3
    endloop
  endfacet
  facet normal 0.67027 -0.330388 0.664517
    outer loop
      vertex 12.539 64.8668 1.50337
      vertex 12.4756 64.7314 1.5
      vertex 12.5278 64.8373 1.5
    endloop
  endfacet
  facet normal -0.714365 -0.204104 0.669346
    outer loop
      vertex 15.5244 64.7314 1.5
      vertex 16.8891 64.8741 3
      vertex 16.8887 64.8755 3
    endloop
  endfacet
  facet normal -0.706581 -0.240023 0.665682
    outer loop
      vertex 16.8891 64.8741 3
      vertex 15.5244 64.7314 1.5
      vertex 15.5938 64.5271 1.5
    endloop
  endfacet
  facet normal -0.729387 -0.156297 0.666007
    outer loop
      vertex 15.5938 64.5271 1.5
      vertex 16.8894 64.8727 3
      vertex 16.8891 64.8741 3
    endloop
  endfacet
  facet normal -0.719127 -0.141846 0.680247
    outer loop
      vertex 15.6021 64.4949 1.50206
      vertex 15.5938 64.5271 1.5
      vertex 15.5981 64.5053 1.5
    endloop
  endfacet
  facet normal -0.731781 -0.146038 0.66571
    outer loop
      vertex 15.5938 64.5271 1.5
      vertex 15.6021 64.4949 1.50206
      vertex 16.8894 64.8727 3
    endloop
  endfacet
  facet normal -0.732173 -0.144401 0.665635
    outer loop
      vertex 15.605 64.4707 1.5
      vertex 16.8894 64.8727 3
      vertex 15.6021 64.4949 1.50206
    endloop
  endfacet
  facet normal -0.731871 -0.14562 0.665703
    outer loop
      vertex 16.8894 64.8727 3
      vertex 15.605 64.4707 1.5
      vertex 15.6359 64.3154 1.5
    endloop
  endfacet
  facet normal -0.239316 0.970942 -3.00182e-06
    outer loop
      vertex 66.1989 4.36203 0
      vertex 66.5566 4.4502 1.5
      vertex 66.5851 4.45722 0
    endloop
  endfacet
  facet normal -0.239167 0.970978 0
    outer loop
      vertex 66.5851 4.45722 0
      vertex 66.5566 4.4502 1.5
      vertex 66.5851 4.45722 1.50281
    endloop
  endfacet
  facet normal -0.239291 0.970948 -9.39888e-06
    outer loop
      vertex 66.5566 4.4502 1.5
      vertex 66.1989 4.36203 0
      vertex 66.2044 4.3634 1.5
    endloop
  endfacet
  facet normal -0.241705 0.97035 0
    outer loop
      vertex 66.2044 4.3634 1.5
      vertex 66.1989 4.36203 0
      vertex 66.1989 4.36203 1.50112
    endloop
  endfacet
  facet normal -0.934729 -0.355362 0
    outer loop
      vertex 67.461 6.76679 0
      vertex 67.4722 6.73733 1.5
      vertex 67.461 6.76679 1.50337
    endloop
  endfacet
  facet normal -0.934975 -0.354713 1.45774e-05
    outer loop
      vertex 67.6021 6.39487 0
      vertex 67.4722 6.73733 1.5
      vertex 67.461 6.76679 0
    endloop
  endfacet
  facet normal -0.935048 -0.354522 -3.54428e-05
    outer loop
      vertex 67.4722 6.73733 1.5
      vertex 67.6021 6.39487 0
      vertex 67.5981 6.40527 1.5
    endloop
  endfacet
  facet normal -0.933346 -0.358979 0
    outer loop
      vertex 67.5981 6.40527 1.5
      vertex 67.6021 6.39487 0
      vertex 67.6021 6.39487 1.50206
    endloop
  endfacet
  facet normal -0.992902 -0.118935 0
    outer loop
      vertex 67.6021 6.39487 0
      vertex 67.605 6.37066 1.5
      vertex 67.6021 6.39487 1.50206
    endloop
  endfacet
  facet normal -0.992723 -0.120423 -2.43628e-05
    outer loop
      vertex 67.65 6 0
      vertex 67.605 6.37066 1.5
      vertex 67.6021 6.39487 0
    endloop
  endfacet
  facet normal -0.992711 -0.12052 0
    outer loop
      vertex 67.605 6.37066 1.5
      vertex 67.65 6 0
      vertex 67.65 6 1.5
    endloop
  endfacet
  facet normal -0.822417 -0.568885 0
    outer loop
      vertex 67.235 7.09415 0
      vertex 67.2523 7.06914 1.5
      vertex 67.235 7.09415 1.50394
    endloop
  endfacet
  facet normal -0.823041 -0.567982 2.22443e-05
    outer loop
      vertex 67.235 7.09415 0
      vertex 67.4492 6.78382 1.5
      vertex 67.2523 7.06914 1.5
    endloop
  endfacet
  facet normal -0.822937 -0.568132 -2.35767e-05
    outer loop
      vertex 67.461 6.76679 0
      vertex 67.4492 6.78382 1.5
      vertex 67.235 7.09415 0
    endloop
  endfacet
  facet normal -0.821966 -0.569536 0
    outer loop
      vertex 67.4492 6.78382 1.5
      vertex 67.461 6.76679 0
      vertex 67.461 6.76679 1.50337
    endloop
  endfacet
  facet normal -0.4648 0.885416 -1.24781e-05
    outer loop
      vertex 66.9092 4.62735 1.5
      vertex 66.9373 4.64208 0
      vertex 66.5994 4.46472 1.5
    endloop
  endfacet
  facet normal -0.464278 0.88569 0
    outer loop
      vertex 66.9373 4.64208 0
      vertex 66.9092 4.62735 1.5
      vertex 66.9373 4.64208 1.50375
    endloop
  endfacet
  facet normal -0.464745 0.885444 3.3487e-06
    outer loop
      vertex 66.5851 4.45722 0
      vertex 66.5994 4.46472 1.5
      vertex 66.9373 4.64208 0
    endloop
  endfacet
  facet normal -0.46447 0.885589 0
    outer loop
      vertex 66.5994 4.46472 1.5
      vertex 66.5851 4.45722 0
      vertex 66.5851 4.45722 1.50281
    endloop
  endfacet
  facet normal -0.992711 0.12052 0
    outer loop
      vertex 67.65 6 0
      vertex 67.605 5.62934 1.5
      vertex 67.65 6 1.5
    endloop
  endfacet
  facet normal -0.992723 0.120423 -2.43628e-05
    outer loop
      vertex 67.6021 5.60513 0
      vertex 67.605 5.62934 1.5
      vertex 67.65 6 0
    endloop
  endfacet
  facet normal -0.992902 0.118935 0
    outer loop
      vertex 67.605 5.62934 1.5
      vertex 67.6021 5.60513 0
      vertex 67.6021 5.60513 1.50206
    endloop
  endfacet
  facet normal 0 -1 -0
    outer loop
      vertex 65.8165 7.63797 1.5
      vertex 65.8011 7.63797 0
      vertex 66.1835 7.63797 1.5
    endloop
  endfacet
  facet normal 0 -1 0
    outer loop
      vertex 65.8011 7.63797 0
      vertex 65.8165 7.63797 1.5
      vertex 65.8011 7.63797 1.50112
    endloop
  endfacet
  facet normal 0 -1 0
    outer loop
      vertex 66.1989 7.63797 0
      vertex 66.1835 7.63797 1.5
      vertex 65.8011 7.63797 0
    endloop
  endfacet
  facet normal 0 -1 0
    outer loop
      vertex 66.1835 7.63797 1.5
      vertex 66.1989 7.63797 0
      vertex 66.1989 7.63797 1.50112
    endloop
  endfacet
  facet normal -0.821966 0.569536 0
    outer loop
      vertex 67.461 5.23321 0
      vertex 67.4492 5.21618 1.5
      vertex 67.461 5.23321 1.50337
    endloop
  endfacet
  facet normal -0.823041 0.567982 -2.60943e-05
    outer loop
      vertex 67.461 5.23321 0
      vertex 67.2523 4.93086 1.5
      vertex 67.4492 5.21618 1.5
    endloop
  endfacet
  facet normal -0.822937 0.568132 1.85489e-05
    outer loop
      vertex 67.235 4.90585 0
      vertex 67.2523 4.93086 1.5
      vertex 67.461 5.23321 0
    endloop
  endfacet
  facet normal -0.822417 0.568885 0
    outer loop
      vertex 67.2523 4.93086 1.5
      vertex 67.235 4.90585 0
      vertex 67.235 4.90585 1.50394
    endloop
  endfacet
  facet normal 0.4648 0.885416 4.01838e-06
    outer loop
      vertex 65.4006 4.46472 1.5
      vertex 65.4149 4.45722 0
      vertex 65.0908 4.62735 1.5
    endloop
  endfacet
  facet normal 0.46447 0.885589 -0
    outer loop
      vertex 65.4149 4.45722 0
      vertex 65.4006 4.46472 1.5
      vertex 65.4149 4.45722 1.50281
    endloop
  endfacet
  facet normal 0.464745 0.885444 -1.11623e-05
    outer loop
      vertex 65.0627 4.64208 0
      vertex 65.0908 4.62735 1.5
      vertex 65.4149 4.45722 0
    endloop
  endfacet
  facet normal 0.464278 0.88569 0
    outer loop
      vertex 65.0908 4.62735 1.5
      vertex 65.0627 4.64208 0
      vertex 65.0627 4.64208 1.50375
    endloop
  endfacet
  facet normal -0.663165 -0.748473 1.569e-05
    outer loop
      vertex 66.9558 7.34156 1.5
      vertex 66.9373 7.35792 0
      vertex 67.2141 7.1127 1.5
    endloop
  endfacet
  facet normal -0.662452 -0.749105 0
    outer loop
      vertex 66.9373 7.35792 0
      vertex 66.9558 7.34156 1.5
      vertex 66.9373 7.35792 1.50375
    endloop
  endfacet
  facet normal -0.663166 -0.748472 1.59936e-05
    outer loop
      vertex 67.235 7.09415 0
      vertex 67.2141 7.1127 1.5
      vertex 66.9373 7.35792 0
    endloop
  endfacet
  facet normal -0.663808 -0.747903 0
    outer loop
      vertex 67.2141 7.1127 1.5
      vertex 67.235 7.09415 0
      vertex 67.235 7.09415 1.50394
    endloop
  endfacet
  facet normal 0.239291 0.970948 -9.39888e-06
    outer loop
      vertex 65.7956 4.3634 1.5
      vertex 65.8011 4.36203 0
      vertex 65.4434 4.4502 1.5
    endloop
  endfacet
  facet normal 0.241705 0.97035 -0
    outer loop
      vertex 65.8011 4.36203 0
      vertex 65.7956 4.3634 1.5
      vertex 65.8011 4.36203 1.50112
    endloop
  endfacet
  facet normal 0.239316 0.970942 -3.00182e-06
    outer loop
      vertex 65.4149 4.45722 0
      vertex 65.4434 4.4502 1.5
      vertex 65.8011 4.36203 0
    endloop
  endfacet
  facet normal 0.239167 0.970978 0
    outer loop
      vertex 65.4434 4.4502 1.5
      vertex 65.4149 4.45722 0
      vertex 65.4149 4.45722 1.50281
    endloop
  endfacet
  facet normal -0.933346 0.358979 0
    outer loop
      vertex 67.6021 5.60513 0
      vertex 67.5981 5.59473 1.5
      vertex 67.6021 5.60513 1.50206
    endloop
  endfacet
  facet normal -0.935048 0.354522 -3.54428e-05
    outer loop
      vertex 67.6021 5.60513 0
      vertex 67.4722 5.26267 1.5
      vertex 67.5981 5.59473 1.5
    endloop
  endfacet
  facet normal -0.934975 0.354713 1.45774e-05
    outer loop
      vertex 67.461 5.23321 0
      vertex 67.4722 5.26267 1.5
      vertex 67.6021 5.60513 0
    endloop
  endfacet
  facet normal -0.934729 0.355362 0
    outer loop
      vertex 67.4722 5.26267 1.5
      vertex 67.461 5.23321 0
      vertex 67.461 5.23321 1.50337
    endloop
  endfacet
  facet normal 0.239316 -0.970942 -3.00182e-06
    outer loop
      vertex 65.8011 7.63797 0
      vertex 65.4434 7.5498 1.5
      vertex 65.4149 7.54278 0
    endloop
  endfacet
  facet normal 0.239167 -0.970978 0
    outer loop
      vertex 65.4149 7.54278 0
      vertex 65.4434 7.5498 1.5
      vertex 65.4149 7.54278 1.50281
    endloop
  endfacet
  facet normal 0.239291 -0.970948 -9.39888e-06
    outer loop
      vertex 65.4434 7.5498 1.5
      vertex 65.8011 7.63797 0
      vertex 65.7956 7.6366 1.5
    endloop
  endfacet
  facet normal 0.241705 -0.97035 0
    outer loop
      vertex 65.7956 7.6366 1.5
      vertex 65.8011 7.63797 0
      vertex 65.8011 7.63797 1.50112
    endloop
  endfacet
  facet normal 0.663165 -0.748473 1.60165e-05
    outer loop
      vertex 64.7859 7.1127 1.5
      vertex 64.765 7.09415 0
      vertex 65.0442 7.34156 1.5
    endloop
  endfacet
  facet normal 0.663808 -0.747903 0
    outer loop
      vertex 64.765 7.09415 0
      vertex 64.7859 7.1127 1.5
      vertex 64.765 7.09415 1.50394
    endloop
  endfacet
  facet normal 0.663166 -0.748472 1.57103e-05
    outer loop
      vertex 65.0627 7.35792 0
      vertex 65.0442 7.34156 1.5
      vertex 64.765 7.09415 0
    endloop
  endfacet
  facet normal 0.662452 -0.749105 0
    outer loop
      vertex 65.0442 7.34156 1.5
      vertex 65.0627 7.35792 0
      vertex 65.0627 7.35792 1.50375
    endloop
  endfacet
  facet normal 0 1 0
    outer loop
      vertex 66.1835 4.36203 1.5
      vertex 66.1989 4.36203 0
      vertex 65.8165 4.36203 1.5
    endloop
  endfacet
  facet normal 0 1 -0
    outer loop
      vertex 66.1989 4.36203 0
      vertex 66.1835 4.36203 1.5
      vertex 66.1989 4.36203 1.50112
    endloop
  endfacet
  facet normal 0 1 0
    outer loop
      vertex 65.8011 4.36203 0
      vertex 65.8165 4.36203 1.5
      vertex 66.1989 4.36203 0
    endloop
  endfacet
  facet normal 0 1 0
    outer loop
      vertex 65.8165 4.36203 1.5
      vertex 65.8011 4.36203 0
      vertex 65.8011 4.36203 1.50112
    endloop
  endfacet
  facet normal 0.933346 0.358979 0
    outer loop
      vertex 64.4019 5.59473 1.5
      vertex 64.3979 5.60513 0
      vertex 64.3979 5.60513 1.50206
    endloop
  endfacet
  facet normal 0.935048 0.354522 -3.54428e-05
    outer loop
      vertex 64.5278 5.26267 1.5
      vertex 64.3979 5.60513 0
      vertex 64.4019 5.59473 1.5
    endloop
  endfacet
  facet normal 0.934729 0.355362 -0
    outer loop
      vertex 64.539 5.23321 0
      vertex 64.5278 5.26267 1.5
      vertex 64.539 5.23321 1.50337
    endloop
  endfacet
  facet normal 0.934975 0.354713 1.45774e-05
    outer loop
      vertex 64.5278 5.26267 1.5
      vertex 64.539 5.23321 0
      vertex 64.3979 5.60513 0
    endloop
  endfacet
  facet normal 0.663165 0.748473 1.569e-05
    outer loop
      vertex 65.0442 4.65844 1.5
      vertex 65.0627 4.64208 0
      vertex 64.7859 4.8873 1.5
    endloop
  endfacet
  facet normal 0.662452 0.749105 -0
    outer loop
      vertex 65.0627 4.64208 0
      vertex 65.0442 4.65844 1.5
      vertex 65.0627 4.64208 1.50375
    endloop
  endfacet
  facet normal 0.663166 0.748472 1.59936e-05
    outer loop
      vertex 64.765 4.90585 0
      vertex 64.7859 4.8873 1.5
      vertex 65.0627 4.64208 0
    endloop
  endfacet
  facet normal 0.663808 0.747903 0
    outer loop
      vertex 64.7859 4.8873 1.5
      vertex 64.765 4.90585 0
      vertex 64.765 4.90585 1.50394
    endloop
  endfacet
  facet normal -0.239291 -0.970948 -9.39888e-06
    outer loop
      vertex 66.2044 7.6366 1.5
      vertex 66.1989 7.63797 0
      vertex 66.5566 7.5498 1.5
    endloop
  endfacet
  facet normal -0.241705 -0.97035 0
    outer loop
      vertex 66.1989 7.63797 0
      vertex 66.2044 7.6366 1.5
      vertex 66.1989 7.63797 1.50112
    endloop
  endfacet
  facet normal -0.239316 -0.970942 -3.00182e-06
    outer loop
      vertex 66.5851 7.54278 0
      vertex 66.5566 7.5498 1.5
      vertex 66.1989 7.63797 0
    endloop
  endfacet
  facet normal -0.239167 -0.970978 0
    outer loop
      vertex 66.5566 7.5498 1.5
      vertex 66.5851 7.54278 0
      vertex 66.5851 7.54278 1.50281
    endloop
  endfacet
  facet normal 0.934729 -0.355362 0
    outer loop
      vertex 64.5278 6.73733 1.5
      vertex 64.539 6.76679 0
      vertex 64.539 6.76679 1.50337
    endloop
  endfacet
  facet normal 0.935048 -0.354522 -3.54428e-05
    outer loop
      vertex 64.3979 6.39487 0
      vertex 64.5278 6.73733 1.5
      vertex 64.4019 6.40527 1.5
    endloop
  endfacet
  facet normal 0.933346 -0.358979 0
    outer loop
      vertex 64.3979 6.39487 0
      vertex 64.4019 6.40527 1.5
      vertex 64.3979 6.39487 1.50206
    endloop
  endfacet
  facet normal 0.934975 -0.354713 1.45774e-05
    outer loop
      vertex 64.5278 6.73733 1.5
      vertex 64.3979 6.39487 0
      vertex 64.539 6.76679 0
    endloop
  endfacet
  facet normal 0.821966 0.569536 0
    outer loop
      vertex 64.5508 5.21618 1.5
      vertex 64.539 5.23321 0
      vertex 64.539 5.23321 1.50337
    endloop
  endfacet
  facet normal 0.823041 0.567982 -2.60943e-05
    outer loop
      vertex 64.7477 4.93086 1.5
      vertex 64.539 5.23321 0
      vertex 64.5508 5.21618 1.5
    endloop
  endfacet
  facet normal 0.822417 0.568885 -0
    outer loop
      vertex 64.765 4.90585 0
      vertex 64.7477 4.93086 1.5
      vertex 64.765 4.90585 1.50394
    endloop
  endfacet
  facet normal 0.822937 0.568132 1.85489e-05
    outer loop
      vertex 64.7477 4.93086 1.5
      vertex 64.765 4.90585 0
      vertex 64.539 5.23321 0
    endloop
  endfacet
  facet normal 0.822417 -0.568885 0
    outer loop
      vertex 64.7477 7.06914 1.5
      vertex 64.765 7.09415 0
      vertex 64.765 7.09415 1.50394
    endloop
  endfacet
  facet normal 0.823041 -0.567982 2.22443e-05
    outer loop
      vertex 64.5508 6.78382 1.5
      vertex 64.765 7.09415 0
      vertex 64.7477 7.06914 1.5
    endloop
  endfacet
  facet normal 0.821966 -0.569536 0
    outer loop
      vertex 64.539 6.76679 0
      vertex 64.5508 6.78382 1.5
      vertex 64.539 6.76679 1.50337
    endloop
  endfacet
  facet normal 0.822937 -0.568132 -2.35767e-05
    outer loop
      vertex 64.5508 6.78382 1.5
      vertex 64.539 6.76679 0
      vertex 64.765 7.09415 0
    endloop
  endfacet
  facet normal 0.992902 -0.118935 0
    outer loop
      vertex 64.395 6.37066 1.5
      vertex 64.3979 6.39487 0
      vertex 64.3979 6.39487 1.50206
    endloop
  endfacet
  facet normal 0.992711 -0.12052 0
    outer loop
      vertex 64.35 6 0
      vertex 64.395 6.37066 1.5
      vertex 64.35 6 1.5
    endloop
  endfacet
  facet normal 0.992723 -0.120423 -2.43628e-05
    outer loop
      vertex 64.395 6.37066 1.5
      vertex 64.35 6 0
      vertex 64.3979 6.39487 0
    endloop
  endfacet
  facet normal -0.4648 -0.885416 4.01838e-06
    outer loop
      vertex 66.5994 7.53528 1.5
      vertex 66.5851 7.54278 0
      vertex 66.9092 7.37265 1.5
    endloop
  endfacet
  facet normal -0.46447 -0.885589 0
    outer loop
      vertex 66.5851 7.54278 0
      vertex 66.5994 7.53528 1.5
      vertex 66.5851 7.54278 1.50281
    endloop
  endfacet
  facet normal -0.464745 -0.885444 -1.11623e-05
    outer loop
      vertex 66.9373 7.35792 0
      vertex 66.9092 7.37265 1.5
      vertex 66.5851 7.54278 0
    endloop
  endfacet
  facet normal -0.464278 -0.88569 0
    outer loop
      vertex 66.9092 7.37265 1.5
      vertex 66.9373 7.35792 0
      vertex 66.9373 7.35792 1.50375
    endloop
  endfacet
  facet normal 0.992711 0.12052 0
    outer loop
      vertex 64.395 5.62934 1.5
      vertex 64.35 6 0
      vertex 64.35 6 1.5
    endloop
  endfacet
  facet normal 0.992902 0.118935 -0
    outer loop
      vertex 64.3979 5.60513 0
      vertex 64.395 5.62934 1.5
      vertex 64.3979 5.60513 1.50206
    endloop
  endfacet
  facet normal 0.992723 0.120423 -2.43628e-05
    outer loop
      vertex 64.395 5.62934 1.5
      vertex 64.3979 5.60513 0
      vertex 64.35 6 0
    endloop
  endfacet
  facet normal 0.4648 -0.885416 -1.24781e-05
    outer loop
      vertex 65.0908 7.37265 1.5
      vertex 65.0627 7.35792 0
      vertex 65.4006 7.53528 1.5
    endloop
  endfacet
  facet normal 0.464278 -0.88569 0
    outer loop
      vertex 65.0627 7.35792 0
      vertex 65.0908 7.37265 1.5
      vertex 65.0627 7.35792 1.50375
    endloop
  endfacet
  facet normal 0.464745 -0.885444 3.3487e-06
    outer loop
      vertex 65.4149 7.54278 0
      vertex 65.4006 7.53528 1.5
      vertex 65.0627 7.35792 0
    endloop
  endfacet
  facet normal 0.46447 -0.885589 0
    outer loop
      vertex 65.4006 7.53528 1.5
      vertex 65.4149 7.54278 0
      vertex 65.4149 7.54278 1.50281
    endloop
  endfacet
  facet normal -0.663165 0.748473 1.60165e-05
    outer loop
      vertex 67.2141 4.8873 1.5
      vertex 67.235 4.90585 0
      vertex 66.9558 4.65844 1.5
    endloop
  endfacet
  facet normal -0.663808 0.747903 0
    outer loop
      vertex 67.235 4.90585 0
      vertex 67.2141 4.8873 1.5
      vertex 67.235 4.90585 1.50394
    endloop
  endfacet
  facet normal -0.663166 0.748472 1.57103e-05
    outer loop
      vertex 66.9373 4.64208 0
      vertex 66.9558 4.65844 1.5
      vertex 67.235 4.90585 0
    endloop
  endfacet
  facet normal -0.662452 0.749105 0
    outer loop
      vertex 66.9558 4.65844 1.5
      vertex 66.9373 4.64208 0
      vertex 66.9373 4.64208 1.50375
    endloop
  endfacet
  facet normal -0.744605 -0.0487483 0.665723
    outer loop
      vertex 67.65 6 1.5
      vertex 68.991 6.00143 3
      vertex 67.6359 6.21537 1.5
    endloop
  endfacet
  facet normal -0.744479 -0.0520614 0.665613
    outer loop
      vertex 68.991 6.00143 3
      vertex 67.65 6 1.5
      vertex 68.9911 6 3
    endloop
  endfacet
  facet normal 0.731852 -0.14567 0.665712
    outer loop
      vertex 64.3641 6.21537 1.5
      vertex 63.1106 6.77274 3
      vertex 63.0345 6.39041 3
    endloop
  endfacet
  facet normal 0.414502 0.620499 0.66571
    outer loop
      vertex 64.5045 3.40967 3
      vertex 65.175 4.57106 1.5
      vertex 64.1803 3.62624 3
    endloop
  endfacet
  facet normal 0.330066 -0.669244 0.665709
    outer loop
      vertex 65.175 7.42894 1.5
      vertex 64.8541 8.76275 3
      vertex 64.5045 8.59033 3
    endloop
  endfacet
  facet normal -0.548049 -0.507453 0.664932
    outer loop
      vertex 68.372 7.82192 3
      vertex 67.309 7.00446 1.5
      vertex 68.373 7.82084 3
    endloop
  endfacet
  facet normal -0.560969 -0.49208 0.665711
    outer loop
      vertex 67.235 7.09415 1.50394
      vertex 67.309 7.00446 1.5
      vertex 68.372 7.82192 3
    endloop
  endfacet
  facet normal -0.563792 -0.494233 0.661719
    outer loop
      vertex 67.309 7.00446 1.5
      vertex 67.235 7.09415 1.50394
      vertex 67.2523 7.06914 1.5
    endloop
  endfacet
  facet normal -0.561116 -0.491888 0.665729
    outer loop
      vertex 67.1667 7.16673 1.5
      vertex 67.235 7.09415 1.50394
      vertex 68.372 7.82192 3
    endloop
  endfacet
  facet normal -0.563585 -0.494428 0.66175
    outer loop
      vertex 67.235 7.09415 1.50394
      vertex 67.1667 7.16673 1.5
      vertex 67.2141 7.1127 1.5
    endloop
  endfacet
  facet normal 0.669264 0.330018 0.665713
    outer loop
      vertex 63.4097 4.50447 3
      vertex 64.5711 5.175 1.5
      vertex 63.2373 4.85409 3
    endloop
  endfacet
  facet normal 0.413288 0.618207 0.66859
    outer loop
      vertex 65.0627 4.64208 1.50375
      vertex 65.175 4.57106 1.5
      vertex 65.0908 4.62735 1.5
    endloop
  endfacet
  facet normal 0.41542 0.621917 0.663811
    outer loop
      vertex 64.9955 4.69097 1.5
      vertex 65.0627 4.64208 1.50375
      vertex 65.0442 4.65844 1.5
    endloop
  endfacet
  facet normal 0.414594 0.620423 0.665723
    outer loop
      vertex 65.0627 4.64208 1.50375
      vertex 64.1803 3.62624 3
      vertex 65.175 4.57106 1.5
    endloop
  endfacet
  facet normal 0.414357 0.620601 0.665704
    outer loop
      vertex 64.9955 4.69097 1.5
      vertex 64.1803 3.62624 3
      vertex 65.0627 4.64208 1.50375
    endloop
  endfacet
  facet normal 0.434977 0.605664 0.666308
    outer loop
      vertex 64.1803 3.62624 3
      vertex 64.9955 4.69097 1.5
      vertex 64.1792 3.62703 3
    endloop
  endfacet
  facet normal -0.56105 0.491981 0.665716
    outer loop
      vertex 68.115 3.885 3
      vertex 68.372 4.17808 3
      vertex 67.1667 4.83327 1.5
    endloop
  endfacet
  facet normal -0.04787 -0.744645 0.665742
    outer loop
      vertex 66 7.65 1.5
      vertex 66.0014 8.99097 3
      vertex 66 8.99106 3
    endloop
  endfacet
  facet normal -0.0488156 -0.74461 0.665712
    outer loop
      vertex 66.0014 8.99097 3
      vertex 66 7.65 1.5
      vertex 66.1835 7.63797 1.5
    endloop
  endfacet
  facet normal -0.0484183 -0.744601 0.665752
    outer loop
      vertex 66.0014 8.99097 3
      vertex 66.1835 7.63797 1.5
      vertex 66.1989 7.63797 1.50112
    endloop
  endfacet
  facet normal -0.0485515 -0.741759 0.668907
    outer loop
      vertex 66.2154 7.63588 1.5
      vertex 66.1989 7.63797 1.50112
      vertex 66.2044 7.6366 1.5
    endloop
  endfacet
  facet normal -0.0491334 -0.744621 0.665676
    outer loop
      vertex 66.1989 7.63797 1.50112
      vertex 66.2154 7.63588 1.5
      vertex 66.0014 8.99097 3
    endloop
  endfacet
  facet normal -0.240085 -0.706557 0.665685
    outer loop
      vertex 66.6314 7.5244 1.5
      vertex 66.7741 8.88914 3
      vertex 66.5851 7.54278 1.50281
    endloop
  endfacet
  facet normal -0.239778 -0.706633 0.665714
    outer loop
      vertex 66.427 7.59378 1.5
      vertex 66.5851 7.54278 1.50281
      vertex 66.7741 8.88914 3
    endloop
  endfacet
  facet normal -0.239626 -0.706128 0.666305
    outer loop
      vertex 66.5851 7.54278 1.50281
      vertex 66.427 7.59378 1.5
      vertex 66.5566 7.5498 1.5
    endloop
  endfacet
  facet normal -0.240601 -0.707651 0.664335
    outer loop
      vertex 66.6314 7.5244 1.5
      vertex 66.5851 7.54278 1.50281
      vertex 66.5994 7.53528 1.5
    endloop
  endfacet
  facet normal -0.232708 -0.708241 0.666515
    outer loop
      vertex 66.7741 8.88914 3
      vertex 66.6314 7.5244 1.5
      vertex 66.7755 8.88868 3
    endloop
  endfacet
  facet normal 0.239873 -0.706602 0.665713
    outer loop
      vertex 65.3686 7.5244 1.5
      vertex 65.2245 8.88868 3
      vertex 64.8554 8.76338 3
    endloop
  endfacet
  facet normal 0.0484183 -0.744601 0.665752
    outer loop
      vertex 65.8165 7.63797 1.5
      vertex 65.9986 8.99097 3
      vertex 65.8011 7.63797 1.50112
    endloop
  endfacet
  facet normal 0.0491334 -0.744621 0.665676
    outer loop
      vertex 65.7846 7.63588 1.5
      vertex 65.8011 7.63797 1.50112
      vertex 65.9986 8.99097 3
    endloop
  endfacet
  facet normal 0.0485515 -0.741759 0.668907
    outer loop
      vertex 65.8011 7.63797 1.50112
      vertex 65.7846 7.63588 1.5
      vertex 65.7956 7.6366 1.5
    endloop
  endfacet
  facet normal 0.0488156 -0.74461 0.665712
    outer loop
      vertex 66 7.65 1.5
      vertex 65.9986 8.99097 3
      vertex 65.8165 7.63797 1.5
    endloop
  endfacet
  facet normal 0.04787 -0.744645 0.665742
    outer loop
      vertex 65.9986 8.99097 3
      vertex 66 7.65 1.5
      vertex 66 8.99106 3
    endloop
  endfacet
  facet normal 0.146339 -0.731696 0.665736
    outer loop
      vertex 65.573 7.59378 1.5
      vertex 65.2273 8.88942 3
      vertex 65.2259 8.88914 3
    endloop
  endfacet
  facet normal 0.145612 -0.731863 0.665713
    outer loop
      vertex 65.2273 8.88942 3
      vertex 65.573 7.59378 1.5
      vertex 65.7846 7.63588 1.5
    endloop
  endfacet
  facet normal 0.0488112 0.744611 0.665712
    outer loop
      vertex 66 3.00894 3
      vertex 66 4.35 1.5
      vertex 65.611 3.03444 3
    endloop
  endfacet
  facet normal -0.672018 0.33125 0.662318
    outer loop
      vertex 67.461 5.23321 1.50337
      vertex 67.5244 5.36857 1.5
      vertex 67.4722 5.26267 1.5
    endloop
  endfacet
  facet normal -0.664625 0.327632 0.671514
    outer loop
      vertex 67.4289 5.175 1.5
      vertex 67.461 5.23321 1.50337
      vertex 67.4492 5.21618 1.5
    endloop
  endfacet
  facet normal -0.66925 0.330038 0.665717
    outer loop
      vertex 67.461 5.23321 1.50337
      vertex 68.7634 4.85537 3
      vertex 67.5244 5.36857 1.5
    endloop
  endfacet
  facet normal -0.669092 0.330433 0.66568
    outer loop
      vertex 67.4289 5.175 1.5
      vertex 68.7634 4.85537 3
      vertex 67.461 5.23321 1.50337
    endloop
  endfacet
  facet normal -0.657737 0.3597 0.661814
    outer loop
      vertex 68.7634 4.85537 3
      vertex 67.4289 5.175 1.5
      vertex 68.7627 4.85409 3
    endloop
  endfacet
  facet normal 0.744296 -0.0520487 0.665818
    outer loop
      vertex 63.0344 6.38898 3
      vertex 64.3641 6.21537 1.5
      vertex 63.0345 6.39041 3
    endloop
  endfacet
  facet normal 0.744612 -0.0487488 0.665716
    outer loop
      vertex 64.3641 6.21537 1.5
      vertex 63.0344 6.38898 3
      vertex 64.35 6 1.5
    endloop
  endfacet
  facet normal -0.414502 -0.620499 0.66571
    outer loop
      vertex 67.8197 8.37376 3
      vertex 67.4955 8.59033 3
      vertex 66.825 7.42894 1.5
    endloop
  endfacet
  facet normal 0.0491252 0.744581 0.665722
    outer loop
      vertex 65.7846 4.36412 1.5
      vertex 65.611 3.03444 3
      vertex 65.8011 4.36203 1.50112
    endloop
  endfacet
  facet normal 0.0488156 0.74461 0.665712
    outer loop
      vertex 65.8165 4.36203 1.5
      vertex 65.611 3.03444 3
      vertex 66 4.35 1.5
    endloop
  endfacet
  facet normal 0.0484142 0.744652 0.665695
    outer loop
      vertex 65.611 3.03444 3
      vertex 65.8165 4.36203 1.5
      vertex 65.8011 4.36203 1.50112
    endloop
  endfacet
  facet normal 0.0485515 0.741759 0.668907
    outer loop
      vertex 65.7846 4.36412 1.5
      vertex 65.8011 4.36203 1.50112
      vertex 65.7956 4.3634 1.5
    endloop
  endfacet
  facet normal 0.0478735 0.744699 0.665681
    outer loop
      vertex 65.611 3.03444 3
      vertex 65.7846 4.36412 1.5
      vertex 65.6096 3.03453 3
    endloop
  endfacet
  facet normal 0.744601 0.0488119 0.665723
    outer loop
      vertex 63.0344 5.61101 3
      vertex 64.35 6 1.5
      vertex 63.0089 6 3
    endloop
  endfacet
  facet normal -0.620508 -0.414476 0.665718
    outer loop
      vertex 68.5903 7.49553 3
      vertex 68.3738 7.81965 3
      vertex 67.4289 6.825 1.5
    endloop
  endfacet
  facet normal 0.669264 -0.330018 0.665713
    outer loop
      vertex 64.5711 6.825 1.5
      vertex 63.4097 7.49553 3
      vertex 63.2373 7.14591 3
    endloop
  endfacet
  facet normal -0.0478735 0.744699 0.665681
    outer loop
      vertex 66.2154 4.36412 1.5
      vertex 66.389 3.03444 3
      vertex 66.3904 3.03453 3
    endloop
  endfacet
  facet normal -0.0491252 0.744581 0.665722
    outer loop
      vertex 66.389 3.03444 3
      vertex 66.2154 4.36412 1.5
      vertex 66.1989 4.36203 1.50112
    endloop
  endfacet
  facet normal -0.0485515 0.741759 0.668907
    outer loop
      vertex 66.1989 4.36203 1.50112
      vertex 66.2154 4.36412 1.5
      vertex 66.2044 4.3634 1.5
    endloop
  endfacet
  facet normal -0.0484142 0.744652 0.665695
    outer loop
      vertex 66.1835 4.36203 1.5
      vertex 66.389 3.03444 3
      vertex 66.1989 4.36203 1.50112
    endloop
  endfacet
  facet normal -0.0488156 0.74461 0.665712
    outer loop
      vertex 66.389 3.03444 3
      vertex 66.1835 4.36203 1.5
      vertex 66 4.35 1.5
    endloop
  endfacet
  facet normal 0.492124 0.560945 0.665698
    outer loop
      vertex 64.1781 3.62797 3
      vertex 64.9955 4.69097 1.5
      vertex 64.8333 4.83327 1.5
    endloop
  endfacet
  facet normal 0.484622 0.56711 0.665979
    outer loop
      vertex 64.9955 4.69097 1.5
      vertex 64.1781 3.62797 3
      vertex 64.1792 3.62703 3
    endloop
  endfacet
  facet normal -0.620457 0.414537 0.665726
    outer loop
      vertex 67.309 4.99554 1.5
      vertex 68.3738 4.18035 3
      vertex 67.4289 5.175 1.5
    endloop
  endfacet
  facet normal -0.619217 0.41628 0.665793
    outer loop
      vertex 68.3738 4.18035 3
      vertex 67.309 4.99554 1.5
      vertex 68.373 4.17916 3
    endloop
  endfacet
  facet normal -0.330066 0.669244 0.665709
    outer loop
      vertex 67.1459 3.23725 3
      vertex 67.4955 3.40967 3
      vertex 66.825 4.57106 1.5
    endloop
  endfacet
  facet normal -0.145612 -0.731863 0.665713
    outer loop
      vertex 66.427 7.59378 1.5
      vertex 66.7727 8.88942 3
      vertex 66.2154 7.63588 1.5
    endloop
  endfacet
  facet normal -0.146339 -0.731696 0.665736
    outer loop
      vertex 66.7727 8.88942 3
      vertex 66.427 7.59378 1.5
      vertex 66.7741 8.88914 3
    endloop
  endfacet
  facet normal 0.330066 0.669244 0.665709
    outer loop
      vertex 64.8541 3.23725 3
      vertex 65.175 4.57106 1.5
      vertex 64.5045 3.40967 3
    endloop
  endfacet
  facet normal -0.491995 0.561038 0.665716
    outer loop
      vertex 67.8219 3.62797 3
      vertex 68.115 3.885 3
      vertex 67.1667 4.83327 1.5
    endloop
  endfacet
  facet normal -0.731852 -0.14567 0.665712
    outer loop
      vertex 68.9655 6.39041 3
      vertex 68.8894 6.77274 3
      vertex 67.6359 6.21537 1.5
    endloop
  endfacet
  facet normal -0.0488112 -0.74461 0.665712
    outer loop
      vertex 66.2154 7.63588 1.5
      vertex 66.3904 8.96547 3
      vertex 66.0014 8.99097 3
    endloop
  endfacet
  facet normal 0.729383 -0.156296 0.666012
    outer loop
      vertex 63.1106 6.77274 3
      vertex 64.4062 6.42705 1.5
      vertex 63.1109 6.77414 3
    endloop
  endfacet
  facet normal 0.731757 -0.146122 0.665718
    outer loop
      vertex 64.3979 6.39487 1.50206
      vertex 64.4062 6.42705 1.5
      vertex 63.1106 6.77274 3
    endloop
  endfacet
  facet normal 0.719436 -0.142037 0.679881
    outer loop
      vertex 64.4062 6.42705 1.5
      vertex 64.3979 6.39487 1.50206
      vertex 64.4019 6.40527 1.5
    endloop
  endfacet
  facet normal 0.732184 -0.144343 0.665636
    outer loop
      vertex 63.1106 6.77274 3
      vertex 64.395 6.37066 1.5
      vertex 64.3979 6.39487 1.50206
    endloop
  endfacet
  facet normal 0.731865 -0.145628 0.665707
    outer loop
      vertex 64.395 6.37066 1.5
      vertex 63.1106 6.77274 3
      vertex 64.3641 6.21537 1.5
    endloop
  endfacet
  facet normal 0.145589 0.73187 0.66571
    outer loop
      vertex 65.6096 3.03453 3
      vertex 65.7846 4.36412 1.5
      vertex 65.2273 3.11058 3
    endloop
  endfacet
  facet normal 0.563585 -0.494428 0.66175
    outer loop
      vertex 64.8333 7.16673 1.5
      vertex 64.765 7.09415 1.50394
      vertex 64.7859 7.1127 1.5
    endloop
  endfacet
  facet normal 0.563792 -0.494233 0.661719
    outer loop
      vertex 64.765 7.09415 1.50394
      vertex 64.691 7.00446 1.5
      vertex 64.7477 7.06914 1.5
    endloop
  endfacet
  facet normal 0.561116 -0.491888 0.665729
    outer loop
      vertex 63.628 7.82192 3
      vertex 64.765 7.09415 1.50394
      vertex 64.8333 7.16673 1.5
    endloop
  endfacet
  facet normal 0.560969 -0.49208 0.665711
    outer loop
      vertex 63.628 7.82192 3
      vertex 64.691 7.00446 1.5
      vertex 64.765 7.09415 1.50394
    endloop
  endfacet
  facet normal 0.548049 -0.507453 0.664932
    outer loop
      vertex 64.691 7.00446 1.5
      vertex 63.628 7.82192 3
      vertex 63.627 7.82084 3
    endloop
  endfacet
  facet normal -0.732184 0.144343 0.665636
    outer loop
      vertex 68.8894 5.22726 3
      vertex 67.605 5.62934 1.5
      vertex 67.6021 5.60513 1.50206
    endloop
  endfacet
  facet normal -0.719436 0.142037 0.679881
    outer loop
      vertex 67.5938 5.57295 1.5
      vertex 67.6021 5.60513 1.50206
      vertex 67.5981 5.59473 1.5
    endloop
  endfacet
  facet normal -0.731865 0.145628 0.665707
    outer loop
      vertex 67.605 5.62934 1.5
      vertex 68.8894 5.22726 3
      vertex 67.6359 5.78463 1.5
    endloop
  endfacet
  facet normal -0.731757 0.146122 0.665718
    outer loop
      vertex 67.5938 5.57295 1.5
      vertex 68.8894 5.22726 3
      vertex 67.6021 5.60513 1.50206
    endloop
  endfacet
  facet normal -0.729383 0.156296 0.666012
    outer loop
      vertex 68.8894 5.22726 3
      vertex 67.5938 5.57295 1.5
      vertex 68.8891 5.22586 3
    endloop
  endfacet
  facet normal -0.7066 0.239936 0.665693
    outer loop
      vertex 67.5244 5.36857 1.5
      vertex 68.8891 5.22586 3
      vertex 67.5938 5.57295 1.5
    endloop
  endfacet
  facet normal -0.713206 0.209766 0.668832
    outer loop
      vertex 68.8891 5.22586 3
      vertex 67.5244 5.36857 1.5
      vertex 68.8887 5.2245 3
    endloop
  endfacet
  facet normal 0.491995 0.561038 0.665716
    outer loop
      vertex 64.1781 3.62797 3
      vertex 64.8333 4.83327 1.5
      vertex 63.885 3.885 3
    endloop
  endfacet
  facet normal 0.491984 -0.561048 0.665715
    outer loop
      vertex 64.8333 7.16673 1.5
      vertex 64.1781 8.37202 3
      vertex 63.885 8.115 3
    endloop
  endfacet
  facet normal 0.414502 -0.620499 0.66571
    outer loop
      vertex 65.175 7.42894 1.5
      vertex 64.5045 8.59033 3
      vertex 64.1803 8.37376 3
    endloop
  endfacet
  facet normal -0.744479 0.0520614 0.665613
    outer loop
      vertex 67.65 6 1.5
      vertex 68.991 5.99857 3
      vertex 68.9911 6 3
    endloop
  endfacet
  facet normal -0.744605 0.0487483 0.665723
    outer loop
      vertex 68.991 5.99857 3
      vertex 67.65 6 1.5
      vertex 67.6359 5.78463 1.5
    endloop
  endfacet
  facet normal 0.330003 0.669271 0.665714
    outer loop
      vertex 65.175 4.57106 1.5
      vertex 64.8554 3.23662 3
      vertex 65.3686 4.4756 1.5
    endloop
  endfacet
  facet normal 0.325204 0.671055 0.666279
    outer loop
      vertex 64.8554 3.23662 3
      vertex 65.175 4.57106 1.5
      vertex 64.8541 3.23725 3
    endloop
  endfacet
  facet normal -0.706604 -0.239855 0.665718
    outer loop
      vertex 68.8887 6.7755 3
      vertex 68.7634 7.14463 3
      vertex 67.5244 6.63143 1.5
    endloop
  endfacet
  facet normal -0.669264 0.330018 0.665713
    outer loop
      vertex 68.5903 4.50447 3
      vertex 68.7627 4.85409 3
      vertex 67.4289 5.175 1.5
    endloop
  endfacet
  facet normal -0.744607 -0.0488135 0.665716
    outer loop
      vertex 68.991 6.00143 3
      vertex 68.9655 6.39041 3
      vertex 67.6359 6.21537 1.5
    endloop
  endfacet
  facet normal 0.232708 -0.708241 0.666515
    outer loop
      vertex 65.3686 7.5244 1.5
      vertex 65.2259 8.88914 3
      vertex 65.2245 8.88868 3
    endloop
  endfacet
  facet normal 0.240085 -0.706557 0.665685
    outer loop
      vertex 65.2259 8.88914 3
      vertex 65.3686 7.5244 1.5
      vertex 65.4149 7.54278 1.50281
    endloop
  endfacet
  facet normal 0.240601 -0.707651 0.664335
    outer loop
      vertex 65.4149 7.54278 1.50281
      vertex 65.3686 7.5244 1.5
      vertex 65.4006 7.53528 1.5
    endloop
  endfacet
  facet normal 0.239698 -0.706653 0.665722
    outer loop
      vertex 65.4434 7.5498 1.5
      vertex 65.2259 8.88914 3
      vertex 65.4149 7.54278 1.50281
    endloop
  endfacet
  facet normal 0.239796 -0.706628 0.665714
    outer loop
      vertex 65.2259 8.88914 3
      vertex 65.4434 7.5498 1.5
      vertex 65.573 7.59378 1.5
    endloop
  endfacet
  facet normal -0.731852 0.14567 0.665712
    outer loop
      vertex 68.8894 5.22726 3
      vertex 68.9655 5.60959 3
      vertex 67.6359 5.78463 1.5
    endloop
  endfacet
  facet normal 0.145612 0.731863 0.665713
    outer loop
      vertex 65.573 4.40622 1.5
      vertex 65.2273 3.11058 3
      vertex 65.7846 4.36412 1.5
    endloop
  endfacet
  facet normal 0.146339 0.731696 0.665736
    outer loop
      vertex 65.2273 3.11058 3
      vertex 65.573 4.40622 1.5
      vertex 65.2259 3.11086 3
    endloop
  endfacet
  facet normal 0.563585 0.494428 0.66175
    outer loop
      vertex 64.765 4.90585 1.50394
      vertex 64.8333 4.83327 1.5
      vertex 64.7859 4.8873 1.5
    endloop
  endfacet
  facet normal 0.563792 0.494233 0.661719
    outer loop
      vertex 64.691 4.99554 1.5
      vertex 64.765 4.90585 1.50394
      vertex 64.7477 4.93086 1.5
    endloop
  endfacet
  facet normal 0.561116 0.491888 0.665729
    outer loop
      vertex 64.765 4.90585 1.50394
      vertex 63.628 4.17808 3
      vertex 64.8333 4.83327 1.5
    endloop
  endfacet
  facet normal 0.560969 0.49208 0.665711
    outer loop
      vertex 64.691 4.99554 1.5
      vertex 63.628 4.17808 3
      vertex 64.765 4.90585 1.50394
    endloop
  endfacet
  facet normal 0.548049 0.507453 0.664932
    outer loop
      vertex 63.628 4.17808 3
      vertex 64.691 4.99554 1.5
      vertex 63.627 4.17916 3
    endloop
  endfacet
  facet normal 0.0488112 -0.74461 0.665712
    outer loop
      vertex 65.7846 7.63588 1.5
      vertex 65.9986 8.99097 3
      vertex 65.6096 8.96547 3
    endloop
  endfacet
  facet normal 0.672018 0.33125 0.662318
    outer loop
      vertex 64.4756 5.36857 1.5
      vertex 64.539 5.23321 1.50337
      vertex 64.5278 5.26267 1.5
    endloop
  endfacet
  facet normal 0.664625 0.327632 0.671514
    outer loop
      vertex 64.539 5.23321 1.50337
      vertex 64.5711 5.175 1.5
      vertex 64.5508 5.21618 1.5
    endloop
  endfacet
  facet normal 0.66925 0.330038 0.665717
    outer loop
      vertex 63.2366 4.85537 3
      vertex 64.539 5.23321 1.50337
      vertex 64.4756 5.36857 1.5
    endloop
  endfacet
  facet normal 0.669092 0.330433 0.66568
    outer loop
      vertex 63.2366 4.85537 3
      vertex 64.5711 5.175 1.5
      vertex 64.539 5.23321 1.50337
    endloop
  endfacet
  facet normal 0.657737 0.3597 0.661814
    outer loop
      vertex 64.5711 5.175 1.5
      vertex 63.2366 4.85537 3
      vertex 63.2373 4.85409 3
    endloop
  endfacet
  facet normal -0.619217 -0.41628 0.665793
    outer loop
      vertex 67.309 7.00446 1.5
      vertex 68.3738 7.81965 3
      vertex 68.373 7.82084 3
    endloop
  endfacet
  facet normal -0.620457 -0.414537 0.665726
    outer loop
      vertex 68.3738 7.81965 3
      vertex 67.309 7.00446 1.5
      vertex 67.4289 6.825 1.5
    endloop
  endfacet
  facet normal -0.669264 -0.330018 0.665713
    outer loop
      vertex 68.7627 7.14591 3
      vertex 68.5903 7.49553 3
      vertex 67.4289 6.825 1.5
    endloop
  endfacet
  facet normal 0.657737 -0.3597 0.661814
    outer loop
      vertex 63.2366 7.14463 3
      vertex 64.5711 6.825 1.5
      vertex 63.2373 7.14591 3
    endloop
  endfacet
  facet normal 0.669092 -0.330433 0.66568
    outer loop
      vertex 64.539 6.76679 1.50337
      vertex 64.5711 6.825 1.5
      vertex 63.2366 7.14463 3
    endloop
  endfacet
  facet normal 0.664625 -0.327632 0.671514
    outer loop
      vertex 64.5711 6.825 1.5
      vertex 64.539 6.76679 1.50337
      vertex 64.5508 6.78382 1.5
    endloop
  endfacet
  facet normal 0.66925 -0.330038 0.665717
    outer loop
      vertex 64.4756 6.63143 1.5
      vertex 64.539 6.76679 1.50337
      vertex 63.2366 7.14463 3
    endloop
  endfacet
  facet normal 0.672018 -0.33125 0.662318
    outer loop
      vertex 64.539 6.76679 1.50337
      vertex 64.4756 6.63143 1.5
      vertex 64.5278 6.73733 1.5
    endloop
  endfacet
  facet normal -0.239873 -0.706602 0.665713
    outer loop
      vertex 67.1446 8.76338 3
      vertex 66.7755 8.88868 3
      vertex 66.6314 7.5244 1.5
    endloop
  endfacet
  facet normal 0.325204 -0.671055 0.666279
    outer loop
      vertex 65.175 7.42894 1.5
      vertex 64.8554 8.76338 3
      vertex 64.8541 8.76275 3
    endloop
  endfacet
  facet normal 0.330003 -0.669271 0.665714
    outer loop
      vertex 64.8554 8.76338 3
      vertex 65.175 7.42894 1.5
      vertex 65.3686 7.5244 1.5
    endloop
  endfacet
  facet normal 0.56105 -0.491981 0.665716
    outer loop
      vertex 64.8333 7.16673 1.5
      vertex 63.885 8.115 3
      vertex 63.628 7.82192 3
    endloop
  endfacet
  facet normal 0.620508 -0.414476 0.665718
    outer loop
      vertex 64.5711 6.825 1.5
      vertex 63.6262 7.81965 3
      vertex 63.4097 7.49553 3
    endloop
  endfacet
  facet normal -0.0488112 0.744611 0.665712
    outer loop
      vertex 66.389 3.03444 3
      vertex 66 4.35 1.5
      vertex 66 3.00894 3
    endloop
  endfacet
  facet normal 0.706604 0.239855 0.665718
    outer loop
      vertex 63.2366 4.85537 3
      vertex 64.4756 5.36857 1.5
      vertex 63.1113 5.2245 3
    endloop
  endfacet
  facet normal 0.145589 -0.73187 0.66571
    outer loop
      vertex 65.7846 7.63588 1.5
      vertex 65.6096 8.96547 3
      vertex 65.2273 8.88942 3
    endloop
  endfacet
  facet normal 0.744601 -0.0488131 0.665723
    outer loop
      vertex 64.35 6 1.5
      vertex 63.0344 6.38898 3
      vertex 63.0089 6 3
    endloop
  endfacet
  facet normal -0.414502 0.620499 0.66571
    outer loop
      vertex 67.4955 3.40967 3
      vertex 67.8197 3.62624 3
      vertex 66.825 4.57106 1.5
    endloop
  endfacet
  facet normal -0.548049 0.507453 0.664932
    outer loop
      vertex 67.309 4.99554 1.5
      vertex 68.372 4.17808 3
      vertex 68.373 4.17916 3
    endloop
  endfacet
  facet normal -0.563792 0.494233 0.661719
    outer loop
      vertex 67.235 4.90585 1.50394
      vertex 67.309 4.99554 1.5
      vertex 67.2523 4.93086 1.5
    endloop
  endfacet
  facet normal -0.560969 0.49208 0.665711
    outer loop
      vertex 67.309 4.99554 1.5
      vertex 67.235 4.90585 1.50394
      vertex 68.372 4.17808 3
    endloop
  endfacet
  facet normal -0.563585 0.494428 0.66175
    outer loop
      vertex 67.1667 4.83327 1.5
      vertex 67.235 4.90585 1.50394
      vertex 67.2141 4.8873 1.5
    endloop
  endfacet
  facet normal -0.561116 0.491888 0.665729
    outer loop
      vertex 67.235 4.90585 1.50394
      vertex 67.1667 4.83327 1.5
      vertex 68.372 4.17808 3
    endloop
  endfacet
  facet normal 0.239873 0.706602 0.665713
    outer loop
      vertex 65.2245 3.11132 3
      vertex 65.3686 4.4756 1.5
      vertex 64.8554 3.23662 3
    endloop
  endfacet
  facet normal 0.620508 0.414476 0.665718
    outer loop
      vertex 63.6262 4.18035 3
      vertex 64.5711 5.175 1.5
      vertex 63.4097 4.50447 3
    endloop
  endfacet
  facet normal -0.491984 -0.561048 0.665715
    outer loop
      vertex 68.115 8.115 3
      vertex 67.8219 8.37202 3
      vertex 67.1667 7.16673 1.5
    endloop
  endfacet
  facet normal 0.487644 -0.56464 0.665871
    outer loop
      vertex 64.1781 8.37202 3
      vertex 64.9955 7.30903 1.5
      vertex 64.1792 8.37297 3
    endloop
  endfacet
  facet normal 0.492125 -0.560947 0.665696
    outer loop
      vertex 64.9955 7.30903 1.5
      vertex 64.1781 8.37202 3
      vertex 64.8333 7.16673 1.5
    endloop
  endfacet
  facet normal -0.145589 0.73187 0.66571
    outer loop
      vertex 66.3904 3.03453 3
      vertex 66.7727 3.11058 3
      vertex 66.2154 4.36412 1.5
    endloop
  endfacet
  facet normal -0.620508 0.414476 0.665718
    outer loop
      vertex 68.3738 4.18035 3
      vertex 68.5903 4.50447 3
      vertex 67.4289 5.175 1.5
    endloop
  endfacet
  facet normal -0.706604 0.239855 0.665718
    outer loop
      vertex 68.7634 4.85537 3
      vertex 68.8887 5.2245 3
      vertex 67.5244 5.36857 1.5
    endloop
  endfacet
  facet normal 0.413288 -0.618207 0.66859
    outer loop
      vertex 65.175 7.42894 1.5
      vertex 65.0627 7.35792 1.50375
      vertex 65.0908 7.37265 1.5
    endloop
  endfacet
  facet normal 0.41542 -0.621917 0.663811
    outer loop
      vertex 65.0627 7.35792 1.50375
      vertex 64.9955 7.30903 1.5
      vertex 65.0442 7.34156 1.5
    endloop
  endfacet
  facet normal 0.414594 -0.620423 0.665723
    outer loop
      vertex 64.1803 8.37376 3
      vertex 65.0627 7.35792 1.50375
      vertex 65.175 7.42894 1.5
    endloop
  endfacet
  facet normal 0.414357 -0.620601 0.665704
    outer loop
      vertex 64.1803 8.37376 3
      vertex 64.9955 7.30903 1.5
      vertex 65.0627 7.35792 1.50375
    endloop
  endfacet
  facet normal 0.434977 -0.605664 0.666308
    outer loop
      vertex 64.9955 7.30903 1.5
      vertex 64.1803 8.37376 3
      vertex 64.1792 8.37297 3
    endloop
  endfacet
  facet normal -0.657737 -0.3597 0.661814
    outer loop
      vertex 67.4289 6.825 1.5
      vertex 68.7634 7.14463 3
      vertex 68.7627 7.14591 3
    endloop
  endfacet
  facet normal -0.664625 -0.327632 0.671514
    outer loop
      vertex 67.461 6.76679 1.50337
      vertex 67.4289 6.825 1.5
      vertex 67.4492 6.78382 1.5
    endloop
  endfacet
  facet normal -0.669092 -0.330433 0.66568
    outer loop
      vertex 67.4289 6.825 1.5
      vertex 67.461 6.76679 1.50337
      vertex 68.7634 7.14463 3
    endloop
  endfacet
  facet normal -0.672018 -0.33125 0.662318
    outer loop
      vertex 67.5244 6.63143 1.5
      vertex 67.461 6.76679 1.50337
      vertex 67.4722 6.73733 1.5
    endloop
  endfacet
  facet normal -0.66925 -0.330038 0.665717
    outer loop
      vertex 67.461 6.76679 1.50337
      vertex 67.5244 6.63143 1.5
      vertex 68.7634 7.14463 3
    endloop
  endfacet
  facet normal -0.744607 0.0488135 0.665716
    outer loop
      vertex 68.9655 5.60959 3
      vertex 68.991 5.99857 3
      vertex 67.6359 5.78463 1.5
    endloop
  endfacet
  facet normal -0.713206 -0.209766 0.668832
    outer loop
      vertex 67.5244 6.63143 1.5
      vertex 68.8891 6.77414 3
      vertex 68.8887 6.7755 3
    endloop
  endfacet
  facet normal -0.7066 -0.239936 0.665693
    outer loop
      vertex 68.8891 6.77414 3
      vertex 67.5244 6.63143 1.5
      vertex 67.5938 6.42705 1.5
    endloop
  endfacet
  facet normal -0.729383 -0.156296 0.666012
    outer loop
      vertex 67.5938 6.42705 1.5
      vertex 68.8894 6.77274 3
      vertex 68.8891 6.77414 3
    endloop
  endfacet
  facet normal -0.719436 -0.142037 0.679881
    outer loop
      vertex 67.6021 6.39487 1.50206
      vertex 67.5938 6.42705 1.5
      vertex 67.5981 6.40527 1.5
    endloop
  endfacet
  facet normal -0.731757 -0.146122 0.665718
    outer loop
      vertex 67.5938 6.42705 1.5
      vertex 67.6021 6.39487 1.50206
      vertex 68.8894 6.77274 3
    endloop
  endfacet
  facet normal -0.732184 -0.144343 0.665636
    outer loop
      vertex 67.605 6.37066 1.5
      vertex 68.8894 6.77274 3
      vertex 67.6021 6.39487 1.50206
    endloop
  endfacet
  facet normal -0.731865 -0.145628 0.665707
    outer loop
      vertex 68.8894 6.77274 3
      vertex 67.605 6.37066 1.5
      vertex 67.6359 6.21537 1.5
    endloop
  endfacet
  facet normal 0.240085 0.706557 0.665685
    outer loop
      vertex 65.3686 4.4756 1.5
      vertex 65.2259 3.11086 3
      vertex 65.4149 4.45722 1.50281
    endloop
  endfacet
  facet normal 0.239778 0.706633 0.665714
    outer loop
      vertex 65.573 4.40622 1.5
      vertex 65.4149 4.45722 1.50281
      vertex 65.2259 3.11086 3
    endloop
  endfacet
  facet normal 0.239626 0.706128 0.666305
    outer loop
      vertex 65.4149 4.45722 1.50281
      vertex 65.573 4.40622 1.5
      vertex 65.4434 4.4502 1.5
    endloop
  endfacet
  facet normal 0.240601 0.707651 0.664335
    outer loop
      vertex 65.3686 4.4756 1.5
      vertex 65.4149 4.45722 1.50281
      vertex 65.4006 4.46472 1.5
    endloop
  endfacet
  facet normal 0.232708 0.708241 0.666515
    outer loop
      vertex 65.2259 3.11086 3
      vertex 65.3686 4.4756 1.5
      vertex 65.2245 3.11132 3
    endloop
  endfacet
  facet normal -0.434977 0.605664 0.666308
    outer loop
      vertex 67.0045 4.69097 1.5
      vertex 67.8197 3.62624 3
      vertex 67.8208 3.62703 3
    endloop
  endfacet
  facet normal -0.41542 0.621917 0.663811
    outer loop
      vertex 66.9373 4.64208 1.50375
      vertex 67.0045 4.69097 1.5
      vertex 66.9558 4.65844 1.5
    endloop
  endfacet
  facet normal -0.414357 0.620601 0.665704
    outer loop
      vertex 67.0045 4.69097 1.5
      vertex 66.9373 4.64208 1.50375
      vertex 67.8197 3.62624 3
    endloop
  endfacet
  facet normal -0.414213 0.620709 0.665693
    outer loop
      vertex 66.9092 4.62735 1.5
      vertex 67.8197 3.62624 3
      vertex 66.9373 4.64208 1.50375
    endloop
  endfacet
  facet normal -0.414707 0.62033 0.665739
    outer loop
      vertex 67.8197 3.62624 3
      vertex 66.9092 4.62735 1.5
      vertex 66.825 4.57106 1.5
    endloop
  endfacet
  facet normal 0.731852 0.14567 0.665712
    outer loop
      vertex 63.1106 5.22726 3
      vertex 64.3641 5.78463 1.5
      vertex 63.0345 5.60959 3
    endloop
  endfacet
  facet normal -0.145589 -0.73187 0.66571
    outer loop
      vertex 66.7727 8.88942 3
      vertex 66.3904 8.96547 3
      vertex 66.2154 7.63588 1.5
    endloop
  endfacet
  facet normal -0.325204 0.671055 0.666279
    outer loop
      vertex 66.825 4.57106 1.5
      vertex 67.1446 3.23662 3
      vertex 67.1459 3.23725 3
    endloop
  endfacet
  facet normal -0.330003 0.669271 0.665714
    outer loop
      vertex 67.1446 3.23662 3
      vertex 66.825 4.57106 1.5
      vertex 66.6314 4.4756 1.5
    endloop
  endfacet
  facet normal 0.706604 -0.239855 0.665718
    outer loop
      vertex 64.4756 6.63143 1.5
      vertex 63.2366 7.14463 3
      vertex 63.1113 6.7755 3
    endloop
  endfacet
  facet normal -0.434977 -0.605664 0.666308
    outer loop
      vertex 67.8197 8.37376 3
      vertex 67.0045 7.30903 1.5
      vertex 67.8208 8.37297 3
    endloop
  endfacet
  facet normal -0.414357 -0.620601 0.665704
    outer loop
      vertex 66.9373 7.35792 1.50375
      vertex 67.0045 7.30903 1.5
      vertex 67.8197 8.37376 3
    endloop
  endfacet
  facet normal -0.41542 -0.621917 0.663811
    outer loop
      vertex 67.0045 7.30903 1.5
      vertex 66.9373 7.35792 1.50375
      vertex 66.9558 7.34156 1.5
    endloop
  endfacet
  facet normal -0.414213 -0.620709 0.665693
    outer loop
      vertex 67.8197 8.37376 3
      vertex 66.9092 7.37265 1.5
      vertex 66.9373 7.35792 1.50375
    endloop
  endfacet
  facet normal -0.414707 -0.62033 0.665739
    outer loop
      vertex 66.9092 7.37265 1.5
      vertex 67.8197 8.37376 3
      vertex 66.825 7.42894 1.5
    endloop
  endfacet
  facet normal -0.487644 -0.56464 0.665871
    outer loop
      vertex 67.0045 7.30903 1.5
      vertex 67.8219 8.37202 3
      vertex 67.8208 8.37297 3
    endloop
  endfacet
  facet normal -0.492125 -0.560947 0.665696
    outer loop
      vertex 67.8219 8.37202 3
      vertex 67.0045 7.30903 1.5
      vertex 67.1667 7.16673 1.5
    endloop
  endfacet
  facet normal -0.232708 0.708241 0.666515
    outer loop
      vertex 66.6314 4.4756 1.5
      vertex 66.7741 3.11086 3
      vertex 66.7755 3.11132 3
    endloop
  endfacet
  facet normal -0.240085 0.706557 0.665685
    outer loop
      vertex 66.7741 3.11086 3
      vertex 66.6314 4.4756 1.5
      vertex 66.5851 4.45722 1.50281
    endloop
  endfacet
  facet normal -0.240601 0.707651 0.664335
    outer loop
      vertex 66.5851 4.45722 1.50281
      vertex 66.6314 4.4756 1.5
      vertex 66.5994 4.46472 1.5
    endloop
  endfacet
  facet normal -0.239698 0.706653 0.665722
    outer loop
      vertex 66.5566 4.4502 1.5
      vertex 66.7741 3.11086 3
      vertex 66.5851 4.45722 1.50281
    endloop
  endfacet
  facet normal -0.239796 0.706628 0.665714
    outer loop
      vertex 66.7741 3.11086 3
      vertex 66.5566 4.4502 1.5
      vertex 66.427 4.40622 1.5
    endloop
  endfacet
  facet normal -0.239873 0.706602 0.665713
    outer loop
      vertex 66.7755 3.11132 3
      vertex 67.1446 3.23662 3
      vertex 66.6314 4.4756 1.5
    endloop
  endfacet
  facet normal 0.731865 0.145628 0.665707
    outer loop
      vertex 63.1106 5.22726 3
      vertex 64.395 5.62934 1.5
      vertex 64.3641 5.78463 1.5
    endloop
  endfacet
  facet normal 0.719436 0.142037 0.679881
    outer loop
      vertex 64.3979 5.60513 1.50206
      vertex 64.4062 5.57295 1.5
      vertex 64.4019 5.59473 1.5
    endloop
  endfacet
  facet normal 0.732184 0.144343 0.665636
    outer loop
      vertex 64.395 5.62934 1.5
      vertex 63.1106 5.22726 3
      vertex 64.3979 5.60513 1.50206
    endloop
  endfacet
  facet normal 0.731757 0.146122 0.665718
    outer loop
      vertex 63.1106 5.22726 3
      vertex 64.4062 5.57295 1.5
      vertex 64.3979 5.60513 1.50206
    endloop
  endfacet
  facet normal 0.729383 0.156296 0.666012
    outer loop
      vertex 64.4062 5.57295 1.5
      vertex 63.1106 5.22726 3
      vertex 63.1109 5.22586 3
    endloop
  endfacet
  facet normal -0.56105 -0.491981 0.665716
    outer loop
      vertex 68.372 7.82192 3
      vertex 68.115 8.115 3
      vertex 67.1667 7.16673 1.5
    endloop
  endfacet
  facet normal 0.619217 -0.41628 0.665793
    outer loop
      vertex 63.6262 7.81965 3
      vertex 64.691 7.00446 1.5
      vertex 63.627 7.82084 3
    endloop
  endfacet
  facet normal 0.620457 -0.414537 0.665726
    outer loop
      vertex 64.691 7.00446 1.5
      vertex 63.6262 7.81965 3
      vertex 64.5711 6.825 1.5
    endloop
  endfacet
  facet normal -0.330003 -0.669271 0.665714
    outer loop
      vertex 66.825 7.42894 1.5
      vertex 67.1446 8.76338 3
      vertex 66.6314 7.5244 1.5
    endloop
  endfacet
  facet normal -0.325204 -0.671055 0.666279
    outer loop
      vertex 67.1446 8.76338 3
      vertex 66.825 7.42894 1.5
      vertex 67.1459 8.76275 3
    endloop
  endfacet
  facet normal -0.330066 -0.669244 0.665709
    outer loop
      vertex 67.4955 8.59033 3
      vertex 67.1459 8.76275 3
      vertex 66.825 7.42894 1.5
    endloop
  endfacet
  facet normal 0.620457 0.414537 0.665726
    outer loop
      vertex 63.6262 4.18035 3
      vertex 64.691 4.99554 1.5
      vertex 64.5711 5.175 1.5
    endloop
  endfacet
  facet normal 0.619217 0.41628 0.665793
    outer loop
      vertex 64.691 4.99554 1.5
      vertex 63.6262 4.18035 3
      vertex 63.627 4.17916 3
    endloop
  endfacet
  facet normal -0.146339 0.731696 0.665736
    outer loop
      vertex 66.427 4.40622 1.5
      vertex 66.7727 3.11058 3
      vertex 66.7741 3.11086 3
    endloop
  endfacet
  facet normal -0.145612 0.731863 0.665713
    outer loop
      vertex 66.7727 3.11058 3
      vertex 66.427 4.40622 1.5
      vertex 66.2154 4.36412 1.5
    endloop
  endfacet
  facet normal -0.492124 0.560945 0.665698
    outer loop
      vertex 67.0045 4.69097 1.5
      vertex 67.8219 3.62797 3
      vertex 67.1667 4.83327 1.5
    endloop
  endfacet
  facet normal -0.484622 0.56711 0.665979
    outer loop
      vertex 67.8219 3.62797 3
      vertex 67.0045 4.69097 1.5
      vertex 67.8208 3.62703 3
    endloop
  endfacet
  facet normal 0.744611 0.0487488 0.665716
    outer loop
      vertex 63.0344 5.61101 3
      vertex 64.3641 5.78463 1.5
      vertex 64.35 6 1.5
    endloop
  endfacet
  facet normal 0.744261 0.0524127 0.665829
    outer loop
      vertex 64.3641 5.78463 1.5
      vertex 63.0344 5.61101 3
      vertex 63.0345 5.60959 3
    endloop
  endfacet
  facet normal 0.7066 0.239936 0.665693
    outer loop
      vertex 63.1109 5.22586 3
      vertex 64.4756 5.36857 1.5
      vertex 64.4062 5.57295 1.5
    endloop
  endfacet
  facet normal 0.713206 0.209766 0.668832
    outer loop
      vertex 64.4756 5.36857 1.5
      vertex 63.1109 5.22586 3
      vertex 63.1113 5.2245 3
    endloop
  endfacet
  facet normal 0.56105 0.491981 0.665716
    outer loop
      vertex 63.885 3.885 3
      vertex 64.8333 4.83327 1.5
      vertex 63.628 4.17808 3
    endloop
  endfacet
  facet normal 0.713206 -0.209766 0.668832
    outer loop
      vertex 63.1109 6.77414 3
      vertex 64.4756 6.63143 1.5
      vertex 63.1113 6.7755 3
    endloop
  endfacet
  facet normal 0.7066 -0.239936 0.665693
    outer loop
      vertex 64.4756 6.63143 1.5
      vertex 63.1109 6.77414 3
      vertex 64.4062 6.42705 1.5
    endloop
  endfacet
  facet normal 0 0 1
    outer loop
      vertex 67.65 6 1.5
      vertex 67.6359 6.21537 1.5
      vertex 67.605 6.37066 1.5
    endloop
  endfacet
  facet normal 0 0 1
    outer loop
      vertex 65.4006 4.46472 1.5
      vertex 65.175 4.57106 1.5
      vertex 65.3686 4.4756 1.5
    endloop
  endfacet
  facet normal -0 -0 1
    outer loop
      vertex 65.175 4.57106 1.5
      vertex 65.4006 4.46472 1.5
      vertex 65.0908 4.62735 1.5
    endloop
  endfacet
  facet normal 0 0 1
    outer loop
      vertex 65.573 7.59378 1.5
      vertex 65.7956 7.6366 1.5
      vertex 65.7846 7.63588 1.5
    endloop
  endfacet
  facet normal 0 0 1
    outer loop
      vertex 65.7956 7.6366 1.5
      vertex 65.573 7.59378 1.5
      vertex 65.4434 7.5498 1.5
    endloop
  endfacet
  facet normal -0 -0 1
    outer loop
      vertex 64.3641 5.78463 1.5
      vertex 64.395 5.62934 1.5
      vertex 64.35 6 1.5
    endloop
  endfacet
  facet normal 0 0 1
    outer loop
      vertex 64.395 6.37066 1.5
      vertex 64.3641 6.21537 1.5
      vertex 64.35 6 1.5
    endloop
  endfacet
  facet normal 0 -0 1
    outer loop
      vertex 66 4.35 1.5
      vertex 66.1835 4.36203 1.5
      vertex 65.8165 4.36203 1.5
    endloop
  endfacet
  facet normal 0 0 1
    outer loop
      vertex 66.2044 4.3634 1.5
      vertex 66.427 4.40622 1.5
      vertex 66.5566 4.4502 1.5
    endloop
  endfacet
  facet normal 0 0 1
    outer loop
      vertex 66.427 4.40622 1.5
      vertex 66.2044 4.3634 1.5
      vertex 66.2154 4.36412 1.5
    endloop
  endfacet
  facet normal 0 0 1
    outer loop
      vertex 67.4492 5.21618 1.5
      vertex 67.309 4.99554 1.5
      vertex 67.4289 5.175 1.5
    endloop
  endfacet
  facet normal 0 -0 1
    outer loop
      vertex 67.309 4.99554 1.5
      vertex 67.4492 5.21618 1.5
      vertex 67.2523 4.93086 1.5
    endloop
  endfacet
  facet normal 0 0 1
    outer loop
      vertex 66.2044 7.6366 1.5
      vertex 66.427 7.59378 1.5
      vertex 66.2154 7.63588 1.5
    endloop
  endfacet
  facet normal 0 0 1
    outer loop
      vertex 66.427 7.59378 1.5
      vertex 66.2044 7.6366 1.5
      vertex 66.5566 7.5498 1.5
    endloop
  endfacet
  facet normal 0 0 1
    outer loop
      vertex 66.1835 7.63797 1.5
      vertex 66 7.65 1.5
      vertex 65.8165 7.63797 1.5
    endloop
  endfacet
  facet normal 0 0 1
    outer loop
      vertex 67.2141 4.8873 1.5
      vertex 67.0045 4.69097 1.5
      vertex 67.1667 4.83327 1.5
    endloop
  endfacet
  facet normal 0 -0 1
    outer loop
      vertex 67.0045 4.69097 1.5
      vertex 67.2141 4.8873 1.5
      vertex 66.9558 4.65844 1.5
    endloop
  endfacet
  facet normal 0 0 1
    outer loop
      vertex 64.5508 6.78382 1.5
      vertex 64.691 7.00446 1.5
      vertex 64.5711 6.825 1.5
    endloop
  endfacet
  facet normal -0 0 1
    outer loop
      vertex 64.691 7.00446 1.5
      vertex 64.5508 6.78382 1.5
      vertex 64.7477 7.06914 1.5
    endloop
  endfacet
  facet normal 0 0 1
    outer loop
      vertex 66.5994 7.53528 1.5
      vertex 66.825 7.42894 1.5
      vertex 66.6314 7.5244 1.5
    endloop
  endfacet
  facet normal 0 0 1
    outer loop
      vertex 66.825 7.42894 1.5
      vertex 66.5994 7.53528 1.5
      vertex 66.9092 7.37265 1.5
    endloop
  endfacet
  facet normal 0 0 1
    outer loop
      vertex 67.309 7.00446 1.5
      vertex 67.4492 6.78382 1.5
      vertex 67.4289 6.825 1.5
    endloop
  endfacet
  facet normal 0 0 1
    outer loop
      vertex 67.4492 6.78382 1.5
      vertex 67.309 7.00446 1.5
      vertex 67.2523 7.06914 1.5
    endloop
  endfacet
  facet normal 0 -0 1
    outer loop
      vertex 67.6359 5.78463 1.5
      vertex 67.65 6 1.5
      vertex 67.605 5.62934 1.5
    endloop
  endfacet
  facet normal 0 0 1
    outer loop
      vertex 67.5981 5.59473 1.5
      vertex 67.5244 5.36857 1.5
      vertex 67.5938 5.57295 1.5
    endloop
  endfacet
  facet normal 0 -0 1
    outer loop
      vertex 67.5244 5.36857 1.5
      vertex 67.5981 5.59473 1.5
      vertex 67.4722 5.26267 1.5
    endloop
  endfacet
  facet normal 0 0 1
    outer loop
      vertex 67.0045 7.30903 1.5
      vertex 67.2141 7.1127 1.5
      vertex 67.1667 7.16673 1.5
    endloop
  endfacet
  facet normal 0 0 1
    outer loop
      vertex 67.2141 7.1127 1.5
      vertex 67.0045 7.30903 1.5
      vertex 66.9558 7.34156 1.5
    endloop
  endfacet
  facet normal 0 0 1
    outer loop
      vertex 65.7956 4.3634 1.5
      vertex 65.573 4.40622 1.5
      vertex 65.7846 4.36412 1.5
    endloop
  endfacet
  facet normal -0 -0 1
    outer loop
      vertex 65.573 4.40622 1.5
      vertex 65.7956 4.3634 1.5
      vertex 65.4434 4.4502 1.5
    endloop
  endfacet
  facet normal 0 0 1
    outer loop
      vertex 65.175 7.42894 1.5
      vertex 65.4006 7.53528 1.5
      vertex 65.3686 7.5244 1.5
    endloop
  endfacet
  facet normal 0 0 1
    outer loop
      vertex 65.4006 7.53528 1.5
      vertex 65.175 7.42894 1.5
      vertex 65.0908 7.37265 1.5
    endloop
  endfacet
  facet normal 0 0 1
    outer loop
      vertex 65.0442 4.65844 1.5
      vertex 64.8333 4.83327 1.5
      vertex 64.9955 4.69097 1.5
    endloop
  endfacet
  facet normal -0 -0 1
    outer loop
      vertex 64.8333 4.83327 1.5
      vertex 65.0442 4.65844 1.5
      vertex 64.7859 4.8873 1.5
    endloop
  endfacet
  facet normal 0 0 1
    outer loop
      vertex 64.5508 5.21618 1.5
      vertex 64.691 4.99554 1.5
      vertex 64.7477 4.93086 1.5
    endloop
  endfacet
  facet normal 0 0 1
    outer loop
      vertex 64.691 4.99554 1.5
      vertex 64.5508 5.21618 1.5
      vertex 64.5711 5.175 1.5
    endloop
  endfacet
  facet normal 0 0 1
    outer loop
      vertex 64.4019 6.40527 1.5
      vertex 64.4756 6.63143 1.5
      vertex 64.4062 6.42705 1.5
    endloop
  endfacet
  facet normal -0 0 1
    outer loop
      vertex 64.4756 6.63143 1.5
      vertex 64.4019 6.40527 1.5
      vertex 64.5278 6.73733 1.5
    endloop
  endfacet
  facet normal 0 0 1
    outer loop
      vertex 64.4019 5.59473 1.5
      vertex 64.4756 5.36857 1.5
      vertex 64.5278 5.26267 1.5
    endloop
  endfacet
  facet normal 0 0 1
    outer loop
      vertex 64.4756 5.36857 1.5
      vertex 64.4019 5.59473 1.5
      vertex 64.4062 5.57295 1.5
    endloop
  endfacet
  facet normal 0 0 1
    outer loop
      vertex 64.8333 7.16673 1.5
      vertex 65.0442 7.34156 1.5
      vertex 64.9955 7.30903 1.5
    endloop
  endfacet
  facet normal 0 0 1
    outer loop
      vertex 65.0442 7.34156 1.5
      vertex 64.8333 7.16673 1.5
      vertex 64.7859 7.1127 1.5
    endloop
  endfacet
  facet normal 0 0 1
    outer loop
      vertex 67.5244 6.63143 1.5
      vertex 67.5981 6.40527 1.5
      vertex 67.5938 6.42705 1.5
    endloop
  endfacet
  facet normal 0 0 1
    outer loop
      vertex 67.5981 6.40527 1.5
      vertex 67.5244 6.63143 1.5
      vertex 67.4722 6.73733 1.5
    endloop
  endfacet
  facet normal 0 0 1
    outer loop
      vertex 66.5994 4.46472 1.5
      vertex 66.825 4.57106 1.5
      vertex 66.9092 4.62735 1.5
    endloop
  endfacet
  facet normal 0 0 1
    outer loop
      vertex 66.825 4.57106 1.5
      vertex 66.5994 4.46472 1.5
      vertex 66.6314 4.4756 1.5
    endloop
  endfacet
  facet normal -0.934889 -0.354941 0
    outer loop
      vertex 67.461 64.8668 0
      vertex 67.4722 64.8373 1.5
      vertex 67.461 64.8668 1.50337
    endloop
  endfacet
  facet normal -0.934969 -0.35473 4.74314e-06
    outer loop
      vertex 67.6021 64.4949 0
      vertex 67.4722 64.8373 1.5
      vertex 67.461 64.8668 0
    endloop
  endfacet
  facet normal -0.935027 -0.354578 -3.49978e-05
    outer loop
      vertex 67.4722 64.8373 1.5
      vertex 67.6021 64.4949 0
      vertex 67.5981 64.5053 1.5
    endloop
  endfacet
  facet normal -0.933346 -0.358979 0
    outer loop
      vertex 67.5981 64.5053 1.5
      vertex 67.6021 64.4949 0
      vertex 67.6021 64.4949 1.50206
    endloop
  endfacet
  facet normal -0.992896 -0.118983 0
    outer loop
      vertex 67.6021 64.4949 0
      vertex 67.605 64.4707 1.5
      vertex 67.6021 64.4949 1.50206
    endloop
  endfacet
  facet normal -0.992724 -0.120414 -2.34124e-05
    outer loop
      vertex 67.65 64.1 0
      vertex 67.605 64.4707 1.5
      vertex 67.6021 64.4949 0
    endloop
  endfacet
  facet normal -0.992712 -0.120507 0
    outer loop
      vertex 67.605 64.4707 1.5
      vertex 67.65 64.1 0
      vertex 67.65 64.1 1.5
    endloop
  endfacet
  facet normal 0.464733 0.885451 3.20111e-06
    outer loop
      vertex 65.4006 62.5647 1.5
      vertex 65.4149 62.5572 0
      vertex 65.0908 62.7273 1.5
    endloop
  endfacet
  facet normal 0.46447 0.885589 -0
    outer loop
      vertex 65.4149 62.5572 0
      vertex 65.4006 62.5647 1.5
      vertex 65.4149 62.5572 1.50281
    endloop
  endfacet
  facet normal 0.464824 0.885403 2.82732e-05
    outer loop
      vertex 65.0627 62.7421 0
      vertex 65.0908 62.7273 1.5
      vertex 65.4149 62.5572 0
    endloop
  endfacet
  facet normal 0.466006 0.884782 0
    outer loop
      vertex 65.0908 62.7273 1.5
      vertex 65.0627 62.7421 0
      vertex 65.0627 62.7421 1.50375
    endloop
  endfacet
  facet normal 0.239291 0.970948 -2.88178e-05
    outer loop
      vertex 65.7956 62.4634 1.5
      vertex 65.8011 62.462 0
      vertex 65.4434 62.5502 1.5
    endloop
  endfacet
  facet normal 0.246679 0.969097 -0
    outer loop
      vertex 65.8011 62.462 0
      vertex 65.7956 62.4634 1.5
      vertex 65.8011 62.462 1.50112
    endloop
  endfacet
  facet normal 0.23934 0.970936 -1.64253e-05
    outer loop
      vertex 65.4149 62.5572 0
      vertex 65.4434 62.5502 1.5
      vertex 65.8011 62.462 0
    endloop
  endfacet
  facet normal 0.238525 0.971136 0
    outer loop
      vertex 65.4434 62.5502 1.5
      vertex 65.4149 62.5572 0
      vertex 65.4149 62.5572 1.50281
    endloop
  endfacet
  facet normal 0.66323 -0.748416 -1.05468e-05
    outer loop
      vertex 64.7859 65.2127 1.5
      vertex 64.765 65.1942 0
      vertex 65.0442 65.4416 1.5
    endloop
  endfacet
  facet normal 0.662806 -0.748791 0
    outer loop
      vertex 64.765 65.1942 0
      vertex 64.7859 65.2127 1.5
      vertex 64.765 65.1942 1.50394
    endloop
  endfacet
  facet normal 0.663067 -0.74856 4.34837e-05
    outer loop
      vertex 65.0627 65.4579 0
      vertex 65.0442 65.4416 1.5
      vertex 64.765 65.1942 0
    endloop
  endfacet
  facet normal 0.661085 -0.750311 0
    outer loop
      vertex 65.0442 65.4416 1.5
      vertex 65.0627 65.4579 0
      vertex 65.0627 65.4579 1.50375
    endloop
  endfacet
  facet normal 0.23934 -0.970936 -1.64253e-05
    outer loop
      vertex 65.8011 65.738 0
      vertex 65.4434 65.6498 1.5
      vertex 65.4149 65.6428 0
    endloop
  endfacet
  facet normal 0.238525 -0.971136 0
    outer loop
      vertex 65.4149 65.6428 0
      vertex 65.4434 65.6498 1.5
      vertex 65.4149 65.6428 1.50281
    endloop
  endfacet
  facet normal 0.239291 -0.970948 -2.88178e-05
    outer loop
      vertex 65.4434 65.6498 1.5
      vertex 65.8011 65.738 0
      vertex 65.7956 65.7366 1.5
    endloop
  endfacet
  facet normal 0.246679 -0.969097 0
    outer loop
      vertex 65.7956 65.7366 1.5
      vertex 65.8011 65.738 0
      vertex 65.8011 65.738 1.50112
    endloop
  endfacet
  facet normal -0.992712 0.120507 0
    outer loop
      vertex 67.65 64.1 0
      vertex 67.605 63.7293 1.5
      vertex 67.65 64.1 1.5
    endloop
  endfacet
  facet normal -0.992724 0.120414 -2.34124e-05
    outer loop
      vertex 67.6021 63.7051 0
      vertex 67.605 63.7293 1.5
      vertex 67.65 64.1 0
    endloop
  endfacet
  facet normal -0.992896 0.118983 0
    outer loop
      vertex 67.605 63.7293 1.5
      vertex 67.6021 63.7051 0
      vertex 67.6021 63.7051 1.50206
    endloop
  endfacet
  facet normal -0.66323 0.748416 -1.05468e-05
    outer loop
      vertex 67.2141 62.9873 1.5
      vertex 67.235 63.0058 0
      vertex 66.9558 62.7584 1.5
    endloop
  endfacet
  facet normal -0.662806 0.748791 0
    outer loop
      vertex 67.235 63.0058 0
      vertex 67.2141 62.9873 1.5
      vertex 67.235 63.0058 1.50394
    endloop
  endfacet
  facet normal -0.663067 0.74856 4.34837e-05
    outer loop
      vertex 66.9373 62.7421 0
      vertex 66.9558 62.7584 1.5
      vertex 67.235 63.0058 0
    endloop
  endfacet
  facet normal -0.661085 0.750311 0
    outer loop
      vertex 66.9558 62.7584 1.5
      vertex 66.9373 62.7421 0
      vertex 66.9373 62.7421 1.50375
    endloop
  endfacet
  facet normal -0.823371 -0.567503 0
    outer loop
      vertex 67.235 65.1942 0
      vertex 67.2523 65.1691 1.5
      vertex 67.235 65.1942 1.50394
    endloop
  endfacet
  facet normal -0.823022 -0.568009 -1.25006e-05
    outer loop
      vertex 67.235 65.1942 0
      vertex 67.4492 64.8838 1.5
      vertex 67.2523 65.1691 1.5
    endloop
  endfacet
  facet normal -0.82297 -0.568085 -3.57274e-05
    outer loop
      vertex 67.461 64.8668 0
      vertex 67.4492 64.8838 1.5
      vertex 67.235 65.1942 0
    endloop
  endfacet
  facet normal -0.821496 -0.570215 0
    outer loop
      vertex 67.4492 64.8838 1.5
      vertex 67.461 64.8668 0
      vertex 67.461 64.8668 1.50337
    endloop
  endfacet
  facet normal 0.464957 -0.885333 -3.39311e-05
    outer loop
      vertex 65.0908 65.4726 1.5
      vertex 65.0627 65.4579 0
      vertex 65.4006 65.6353 1.5
    endloop
  endfacet
  facet normal 0.463536 -0.886078 0
    outer loop
      vertex 65.0627 65.4579 0
      vertex 65.0908 65.4726 1.5
      vertex 65.0627 65.4579 1.50375
    endloop
  endfacet
  facet normal 0.464824 -0.885403 4.30719e-06
    outer loop
      vertex 65.4149 65.6428 0
      vertex 65.4006 65.6353 1.5
      vertex 65.0627 65.4579 0
    endloop
  endfacet
  facet normal 0.46447 -0.885589 0
    outer loop
      vertex 65.4006 65.6353 1.5
      vertex 65.4149 65.6428 0
      vertex 65.4149 65.6428 1.50281
    endloop
  endfacet
  facet normal 0.823371 -0.567503 0
    outer loop
      vertex 64.7477 65.1691 1.5
      vertex 64.765 65.1942 0
      vertex 64.765 65.1942 1.50394
    endloop
  endfacet
  facet normal 0.823022 -0.568009 -1.25006e-05
    outer loop
      vertex 64.5508 64.8838 1.5
      vertex 64.765 65.1942 0
      vertex 64.7477 65.1691 1.5
    endloop
  endfacet
  facet normal 0.821496 -0.570215 0
    outer loop
      vertex 64.539 64.8668 0
      vertex 64.5508 64.8838 1.5
      vertex 64.539 64.8668 1.50337
    endloop
  endfacet
  facet normal 0.82297 -0.568085 -3.57274e-05
    outer loop
      vertex 64.5508 64.8838 1.5
      vertex 64.539 64.8668 0
      vertex 64.765 65.1942 0
    endloop
  endfacet
  facet normal 0.934889 -0.354941 0
    outer loop
      vertex 64.5278 64.8373 1.5
      vertex 64.539 64.8668 0
      vertex 64.539 64.8668 1.50337
    endloop
  endfacet
  facet normal 0.935027 -0.354578 -3.49978e-05
    outer loop
      vertex 64.3979 64.4949 0
      vertex 64.5278 64.8373 1.5
      vertex 64.4019 64.5053 1.5
    endloop
  endfacet
  facet normal 0.933346 -0.358979 0
    outer loop
      vertex 64.3979 64.4949 0
      vertex 64.4019 64.5053 1.5
      vertex 64.3979 64.4949 1.50206
    endloop
  endfacet
  facet normal 0.934969 -0.35473 4.74314e-06
    outer loop
      vertex 64.5278 64.8373 1.5
      vertex 64.3979 64.4949 0
      vertex 64.539 64.8668 0
    endloop
  endfacet
  facet normal 0 -1 -0
    outer loop
      vertex 65.8165 65.738 1.5
      vertex 65.8011 65.738 0
      vertex 66.1835 65.738 1.5
    endloop
  endfacet
  facet normal 0 -1 0
    outer loop
      vertex 65.8011 65.738 0
      vertex 65.8165 65.738 1.5
      vertex 65.8011 65.738 1.50112
    endloop
  endfacet
  facet normal 0 -1 0
    outer loop
      vertex 66.1989 65.738 0
      vertex 66.1835 65.738 1.5
      vertex 65.8011 65.738 0
    endloop
  endfacet
  facet normal 0 -1 0
    outer loop
      vertex 66.1835 65.738 1.5
      vertex 66.1989 65.738 0
      vertex 66.1989 65.738 1.50112
    endloop
  endfacet
  facet normal 0.66323 0.748416 4.70549e-05
    outer loop
      vertex 65.0442 62.7584 1.5
      vertex 65.0627 62.7421 0
      vertex 64.7859 62.9873 1.5
    endloop
  endfacet
  facet normal 0.661085 0.750311 -0
    outer loop
      vertex 65.0627 62.7421 0
      vertex 65.0442 62.7584 1.5
      vertex 65.0627 62.7421 1.50375
    endloop
  endfacet
  facet normal 0.663067 0.74856 -6.50411e-06
    outer loop
      vertex 64.765 63.0058 0
      vertex 64.7859 62.9873 1.5
      vertex 65.0627 62.7421 0
    endloop
  endfacet
  facet normal 0.662806 0.748791 0
    outer loop
      vertex 64.7859 62.9873 1.5
      vertex 64.765 63.0058 0
      vertex 64.765 63.0058 1.50394
    endloop
  endfacet
  facet normal -0.464957 -0.885333 5.92508e-06
    outer loop
      vertex 66.5994 65.6353 1.5
      vertex 66.5851 65.6428 0
      vertex 66.9092 65.4726 1.5
    endloop
  endfacet
  facet normal -0.46447 -0.885589 0
    outer loop
      vertex 66.5851 65.6428 0
      vertex 66.5994 65.6353 1.5
      vertex 66.5851 65.6428 1.50281
    endloop
  endfacet
  facet normal -0.464824 -0.885403 -3.07536e-05
    outer loop
      vertex 66.9373 65.4579 0
      vertex 66.9092 65.4726 1.5
      vertex 66.5851 65.6428 0
    endloop
  endfacet
  facet normal -0.463536 -0.886078 0
    outer loop
      vertex 66.9092 65.4726 1.5
      vertex 66.9373 65.4579 0
      vertex 66.9373 65.4579 1.50375
    endloop
  endfacet
  facet normal 0.821496 0.570215 0
    outer loop
      vertex 64.5508 63.3162 1.5
      vertex 64.539 63.3332 0
      vertex 64.539 63.3332 1.50337
    endloop
  endfacet
  facet normal 0.823022 0.568009 -3.70019e-05
    outer loop
      vertex 64.7477 63.0309 1.5
      vertex 64.539 63.3332 0
      vertex 64.5508 63.3162 1.5
    endloop
  endfacet
  facet normal 0.823371 0.567503 -0
    outer loop
      vertex 64.765 63.0058 0
      vertex 64.7477 63.0309 1.5
      vertex 64.765 63.0058 1.50394
    endloop
  endfacet
  facet normal 0.82297 0.568085 -1.43781e-05
    outer loop
      vertex 64.7477 63.0309 1.5
      vertex 64.765 63.0058 0
      vertex 64.539 63.3332 0
    endloop
  endfacet
  facet normal -0.464733 0.885451 3.04487e-05
    outer loop
      vertex 66.9092 62.7273 1.5
      vertex 66.9373 62.7421 0
      vertex 66.5994 62.5647 1.5
    endloop
  endfacet
  facet normal -0.466006 0.884782 0
    outer loop
      vertex 66.9373 62.7421 0
      vertex 66.9092 62.7273 1.5
      vertex 66.9373 62.7421 1.50375
    endloop
  endfacet
  facet normal -0.464824 0.885403 4.30719e-06
    outer loop
      vertex 66.5851 62.5572 0
      vertex 66.5994 62.5647 1.5
      vertex 66.9373 62.7421 0
    endloop
  endfacet
  facet normal -0.46447 0.885589 0
    outer loop
      vertex 66.5994 62.5647 1.5
      vertex 66.5851 62.5572 0
      vertex 66.5851 62.5572 1.50281
    endloop
  endfacet
  facet normal 0.992896 -0.118983 0
    outer loop
      vertex 64.395 64.4707 1.5
      vertex 64.3979 64.4949 0
      vertex 64.3979 64.4949 1.50206
    endloop
  endfacet
  facet normal 0.992712 -0.120507 0
    outer loop
      vertex 64.35 64.1 0
      vertex 64.395 64.4707 1.5
      vertex 64.35 64.1 1.5
    endloop
  endfacet
  facet normal 0.992724 -0.120414 -2.34124e-05
    outer loop
      vertex 64.395 64.4707 1.5
      vertex 64.35 64.1 0
      vertex 64.3979 64.4949 0
    endloop
  endfacet
  facet normal -0.933346 0.358979 0
    outer loop
      vertex 67.6021 63.7051 0
      vertex 67.5981 63.6947 1.5
      vertex 67.6021 63.7051 1.50206
    endloop
  endfacet
  facet normal -0.935027 0.354578 -3.49978e-05
    outer loop
      vertex 67.6021 63.7051 0
      vertex 67.4722 63.3627 1.5
      vertex 67.5981 63.6947 1.5
    endloop
  endfacet
  facet normal -0.934969 0.35473 4.74314e-06
    outer loop
      vertex 67.461 63.3332 0
      vertex 67.4722 63.3627 1.5
      vertex 67.6021 63.7051 0
    endloop
  endfacet
  facet normal -0.934889 0.354941 0
    outer loop
      vertex 67.4722 63.3627 1.5
      vertex 67.461 63.3332 0
      vertex 67.461 63.3332 1.50337
    endloop
  endfacet
  facet normal -0.821496 0.570215 0
    outer loop
      vertex 67.461 63.3332 0
      vertex 67.4492 63.3162 1.5
      vertex 67.461 63.3332 1.50337
    endloop
  endfacet
  facet normal -0.823022 0.568009 -3.70019e-05
    outer loop
      vertex 67.461 63.3332 0
      vertex 67.2523 63.0309 1.5
      vertex 67.4492 63.3162 1.5
    endloop
  endfacet
  facet normal -0.82297 0.568085 -1.43781e-05
    outer loop
      vertex 67.235 63.0058 0
      vertex 67.2523 63.0309 1.5
      vertex 67.461 63.3332 0
    endloop
  endfacet
  facet normal -0.823371 0.567503 0
    outer loop
      vertex 67.2523 63.0309 1.5
      vertex 67.235 63.0058 0
      vertex 67.235 63.0058 1.50394
    endloop
  endfacet
  facet normal -0.66323 -0.748416 4.70549e-05
    outer loop
      vertex 66.9558 65.4416 1.5
      vertex 66.9373 65.4579 0
      vertex 67.2141 65.2127 1.5
    endloop
  endfacet
  facet normal -0.661085 -0.750311 0
    outer loop
      vertex 66.9373 65.4579 0
      vertex 66.9558 65.4416 1.5
      vertex 66.9373 65.4579 1.50375
    endloop
  endfacet
  facet normal -0.663067 -0.74856 -6.50411e-06
    outer loop
      vertex 67.235 65.1942 0
      vertex 67.2141 65.2127 1.5
      vertex 66.9373 65.4579 0
    endloop
  endfacet
  facet normal -0.662806 -0.748791 0
    outer loop
      vertex 67.2141 65.2127 1.5
      vertex 67.235 65.1942 0
      vertex 67.235 65.1942 1.50394
    endloop
  endfacet
  facet normal -0.239291 -0.970948 -2.88178e-05
    outer loop
      vertex 66.2044 65.7366 1.5
      vertex 66.1989 65.738 0
      vertex 66.5566 65.6498 1.5
    endloop
  endfacet
  facet normal -0.246679 -0.969097 0
    outer loop
      vertex 66.1989 65.738 0
      vertex 66.2044 65.7366 1.5
      vertex 66.1989 65.738 1.50112
    endloop
  endfacet
  facet normal -0.23934 -0.970936 -1.64253e-05
    outer loop
      vertex 66.5851 65.6428 0
      vertex 66.5566 65.6498 1.5
      vertex 66.1989 65.738 0
    endloop
  endfacet
  facet normal -0.238525 -0.971136 0
    outer loop
      vertex 66.5566 65.6498 1.5
      vertex 66.5851 65.6428 0
      vertex 66.5851 65.6428 1.50281
    endloop
  endfacet
  facet normal 0.992712 0.120507 0
    outer loop
      vertex 64.395 63.7293 1.5
      vertex 64.35 64.1 0
      vertex 64.35 64.1 1.5
    endloop
  endfacet
  facet normal 0.992896 0.118983 -0
    outer loop
      vertex 64.3979 63.7051 0
      vertex 64.395 63.7293 1.5
      vertex 64.3979 63.7051 1.50206
    endloop
  endfacet
  facet normal 0.992724 0.120414 -2.34124e-05
    outer loop
      vertex 64.395 63.7293 1.5
      vertex 64.3979 63.7051 0
      vertex 64.35 64.1 0
    endloop
  endfacet
  facet normal -0.23934 0.970936 -1.64253e-05
    outer loop
      vertex 66.1989 62.462 0
      vertex 66.5566 62.5502 1.5
      vertex 66.5851 62.5572 0
    endloop
  endfacet
  facet normal -0.238525 0.971136 0
    outer loop
      vertex 66.5851 62.5572 0
      vertex 66.5566 62.5502 1.5
      vertex 66.5851 62.5572 1.50281
    endloop
  endfacet
  facet normal -0.239291 0.970948 -2.88178e-05
    outer loop
      vertex 66.5566 62.5502 1.5
      vertex 66.1989 62.462 0
      vertex 66.2044 62.4634 1.5
    endloop
  endfacet
  facet normal -0.246679 0.969097 0
    outer loop
      vertex 66.2044 62.4634 1.5
      vertex 66.1989 62.462 0
      vertex 66.1989 62.462 1.50112
    endloop
  endfacet
  facet normal 0 1 0
    outer loop
      vertex 66.1835 62.462 1.5
      vertex 66.1989 62.462 0
      vertex 65.8165 62.462 1.5
    endloop
  endfacet
  facet normal 0 1 -0
    outer loop
      vertex 66.1989 62.462 0
      vertex 66.1835 62.462 1.5
      vertex 66.1989 62.462 1.50112
    endloop
  endfacet
  facet normal 0 1 0
    outer loop
      vertex 65.8011 62.462 0
      vertex 65.8165 62.462 1.5
      vertex 66.1989 62.462 0
    endloop
  endfacet
  facet normal 0 1 0
    outer loop
      vertex 65.8165 62.462 1.5
      vertex 65.8011 62.462 0
      vertex 65.8011 62.462 1.50112
    endloop
  endfacet
  facet normal 0.933346 0.358979 0
    outer loop
      vertex 64.4019 63.6947 1.5
      vertex 64.3979 63.7051 0
      vertex 64.3979 63.7051 1.50206
    endloop
  endfacet
  facet normal 0.935027 0.354578 -3.49978e-05
    outer loop
      vertex 64.5278 63.3627 1.5
      vertex 64.3979 63.7051 0
      vertex 64.4019 63.6947 1.5
    endloop
  endfacet
  facet normal 0.934889 0.354941 -0
    outer loop
      vertex 64.539 63.3332 0
      vertex 64.5278 63.3627 1.5
      vertex 64.539 63.3332 1.50337
    endloop
  endfacet
  facet normal 0.934969 0.35473 4.74314e-06
    outer loop
      vertex 64.5278 63.3627 1.5
      vertex 64.539 63.3332 0
      vertex 64.3979 63.7051 0
    endloop
  endfacet
  facet normal -0.744606 -0.0487416 0.665723
    outer loop
      vertex 67.65 64.1 1.5
      vertex 68.991 64.1014 3
      vertex 67.6359 64.3154 1.5
    endloop
  endfacet
  facet normal -0.744435 -0.0531739 0.665574
    outer loop
      vertex 68.991 64.1014 3
      vertex 67.65 64.1 1.5
      vertex 68.9911 64.1 3
    endloop
  endfacet
  facet normal 0.744612 0.048742 0.665715
    outer loop
      vertex 63.0344 63.711 3
      vertex 64.3641 63.8846 1.5
      vertex 64.35 64.1 1.5
    endloop
  endfacet
  facet normal 0.744189 0.0531564 0.665851
    outer loop
      vertex 64.3641 63.8846 1.5
      vertex 63.0344 63.711 3
      vertex 63.0345 63.7096 3
    endloop
  endfacet
  facet normal -0.145681 -0.731852 0.66571
    outer loop
      vertex 66.7727 66.9894 3
      vertex 66.3904 67.0655 3
      vertex 66.2154 65.7359 1.5
    endloop
  endfacet
  facet normal 0.0531739 0.744435 0.665574
    outer loop
      vertex 66 62.45 1.5
      vertex 65.9986 61.109 3
      vertex 66 61.1089 3
    endloop
  endfacet
  facet normal 0.0486937 0.744607 0.665724
    outer loop
      vertex 65.9986 61.109 3
      vertex 66 62.45 1.5
      vertex 65.8165 62.462 1.5
    endloop
  endfacet
  facet normal 0.0484183 0.744601 0.665752
    outer loop
      vertex 65.9986 61.109 3
      vertex 65.8165 62.462 1.5
      vertex 65.8011 62.462 1.50112
    endloop
  endfacet
  facet normal 0.0463751 0.728752 0.683205
    outer loop
      vertex 65.7846 62.4641 1.5
      vertex 65.8011 62.462 1.50112
      vertex 65.7956 62.4634 1.5
    endloop
  endfacet
  facet normal 0.0495896 0.744634 0.665628
    outer loop
      vertex 65.8011 62.462 1.50112
      vertex 65.7846 62.4641 1.5
      vertex 65.9986 61.109 3
    endloop
  endfacet
  facet normal 0.330114 0.669215 0.665715
    outer loop
      vertex 65.175 62.6711 1.5
      vertex 64.8554 61.3366 3
      vertex 65.3686 62.5756 1.5
    endloop
  endfacet
  facet normal 0.355148 0.65956 0.662458
    outer loop
      vertex 64.8554 61.3366 3
      vertex 65.175 62.6711 1.5
      vertex 64.8541 61.3373 3
    endloop
  endfacet
  facet normal 0.492075 -0.560977 0.665707
    outer loop
      vertex 64.9955 65.409 1.5
      vertex 64.1792 66.473 3
      vertex 63.8861 66.2159 3
    endloop
  endfacet
  facet normal -0.561063 0.491959 0.665721
    outer loop
      vertex 68.115 61.985 3
      vertex 68.372 62.2781 3
      vertex 67.1667 62.9333 1.5
    endloop
  endfacet
  facet normal -0.438546 0.603 0.666385
    outer loop
      vertex 67.0045 62.791 1.5
      vertex 67.8197 61.7262 3
      vertex 67.8208 61.727 3
    endloop
  endfacet
  facet normal -0.420137 0.627628 0.655414
    outer loop
      vertex 66.9373 62.7421 1.50375
      vertex 67.0045 62.791 1.5
      vertex 66.9558 62.7584 1.5
    endloop
  endfacet
  facet normal -0.414409 0.620547 0.665723
    outer loop
      vertex 67.0045 62.791 1.5
      vertex 66.9373 62.7421 1.50375
      vertex 67.8197 61.7262 3
    endloop
  endfacet
  facet normal -0.415324 0.619857 0.665795
    outer loop
      vertex 66.9092 62.7273 1.5
      vertex 67.8197 61.7262 3
      vertex 66.9373 62.7421 1.50375
    endloop
  endfacet
  facet normal -0.41427 0.620668 0.665696
    outer loop
      vertex 67.8197 61.7262 3
      vertex 66.9092 62.7273 1.5
      vertex 66.825 62.6711 1.5
    endloop
  endfacet
  facet normal 0.706598 -0.239872 0.665718
    outer loop
      vertex 64.4756 64.7314 1.5
      vertex 63.2366 65.2446 3
      vertex 63.1113 64.8755 3
    endloop
  endfacet
  facet normal -0.65956 -0.355148 0.662458
    outer loop
      vertex 67.4289 64.925 1.5
      vertex 68.7634 65.2446 3
      vertex 68.7627 65.2459 3
    endloop
  endfacet
  facet normal -0.663001 -0.326673 0.673583
    outer loop
      vertex 67.461 64.8668 1.50337
      vertex 67.4289 64.925 1.5
      vertex 67.4492 64.8838 1.5
    endloop
  endfacet
  facet normal -0.669077 -0.330482 0.66567
    outer loop
      vertex 67.4289 64.925 1.5
      vertex 67.461 64.8668 1.50337
      vertex 68.7634 65.2446 3
    endloop
  endfacet
  facet normal -0.67027 -0.330388 0.664517
    outer loop
      vertex 67.5244 64.7314 1.5
      vertex 67.461 64.8668 1.50337
      vertex 67.4722 64.8373 1.5
    endloop
  endfacet
  facet normal -0.669287 -0.329958 0.66572
    outer loop
      vertex 67.461 64.8668 1.50337
      vertex 67.5244 64.7314 1.5
      vertex 68.7634 65.2446 3
    endloop
  endfacet
  facet normal -0.240371 -0.706501 0.665642
    outer loop
      vertex 66.6314 65.6244 1.5
      vertex 66.7741 66.9891 3
      vertex 66.5851 65.6428 1.50281
    endloop
  endfacet
  facet normal -0.239782 -0.706647 0.665699
    outer loop
      vertex 66.427 65.6938 1.5
      vertex 66.5851 65.6428 1.50281
      vertex 66.7741 66.9891 3
    endloop
  endfacet
  facet normal -0.238751 -0.70323 0.669676
    outer loop
      vertex 66.5851 65.6428 1.50281
      vertex 66.427 65.6938 1.5
      vertex 66.5566 65.6498 1.5
    endloop
  endfacet
  facet normal -0.241378 -0.708634 0.663004
    outer loop
      vertex 66.6314 65.6244 1.5
      vertex 66.5851 65.6428 1.50281
      vertex 66.5994 65.6353 1.5
    endloop
  endfacet
  facet normal -0.204104 -0.714365 0.669346
    outer loop
      vertex 66.7741 66.9891 3
      vertex 66.6314 65.6244 1.5
      vertex 66.7755 66.9887 3
    endloop
  endfacet
  facet normal -0.355148 0.65956 0.662458
    outer loop
      vertex 66.825 62.6711 1.5
      vertex 67.1446 61.3366 3
      vertex 67.1459 61.3373 3
    endloop
  endfacet
  facet normal -0.330114 0.669215 0.665715
    outer loop
      vertex 67.1446 61.3366 3
      vertex 66.825 62.6711 1.5
      vertex 66.6314 62.5756 1.5
    endloop
  endfacet
  facet normal 0.239872 -0.706598 0.665718
    outer loop
      vertex 65.3686 65.6244 1.5
      vertex 65.2245 66.9887 3
      vertex 64.8554 66.8634 3
    endloop
  endfacet
  facet normal 0.0488106 -0.744601 0.665723
    outer loop
      vertex 66 65.75 1.5
      vertex 66 67.0911 3
      vertex 65.611 67.0656 3
    endloop
  endfacet
  facet normal -0.0495692 -0.744534 0.665742
    outer loop
      vertex 66.2154 65.7359 1.5
      vertex 66.389 67.0656 3
      vertex 66.1989 65.738 1.50112
    endloop
  endfacet
  facet normal -0.0486945 -0.74462 0.66571
    outer loop
      vertex 66.1835 65.738 1.5
      vertex 66.389 67.0656 3
      vertex 66 65.75 1.5
    endloop
  endfacet
  facet normal -0.0484144 -0.74465 0.665697
    outer loop
      vertex 66.389 67.0656 3
      vertex 66.1835 65.738 1.5
      vertex 66.1989 65.738 1.50112
    endloop
  endfacet
  facet normal -0.0463751 -0.728752 0.683205
    outer loop
      vertex 66.2154 65.7359 1.5
      vertex 66.1989 65.738 1.50112
      vertex 66.2044 65.7366 1.5
    endloop
  endfacet
  facet normal -0.0531564 -0.744189 0.665851
    outer loop
      vertex 66.389 67.0656 3
      vertex 66.2154 65.7359 1.5
      vertex 66.3904 67.0655 3
    endloop
  endfacet
  facet normal -0.0488111 0.744608 0.665715
    outer loop
      vertex 66.3904 61.1345 3
      vertex 66.2154 62.4641 1.5
      vertex 66.0014 61.109 3
    endloop
  endfacet
  facet normal 0.561063 -0.491959 0.665721
    outer loop
      vertex 64.8333 65.2667 1.5
      vertex 63.885 66.215 3
      vertex 63.628 65.9219 3
    endloop
  endfacet
  facet normal -0.552477 -0.502252 0.665216
    outer loop
      vertex 68.372 65.9219 3
      vertex 67.309 65.1045 1.5
      vertex 68.373 65.9208 3
    endloop
  endfacet
  facet normal -0.561004 -0.492053 0.665701
    outer loop
      vertex 67.235 65.1942 1.50394
      vertex 67.309 65.1045 1.5
      vertex 68.372 65.9219 3
    endloop
  endfacet
  facet normal -0.557981 -0.489745 0.669931
    outer loop
      vertex 67.309 65.1045 1.5
      vertex 67.235 65.1942 1.50394
      vertex 67.2523 65.1691 1.5
    endloop
  endfacet
  facet normal -0.560882 -0.492213 0.665686
    outer loop
      vertex 67.1667 65.2667 1.5
      vertex 67.235 65.1942 1.50394
      vertex 68.372 65.9219 3
    endloop
  endfacet
  facet normal -0.561653 -0.493006 0.664448
    outer loop
      vertex 67.235 65.1942 1.50394
      vertex 67.1667 65.2667 1.5
      vertex 67.2141 65.2127 1.5
    endloop
  endfacet
  facet normal 0.62051 0.41448 0.665713
    outer loop
      vertex 64.5711 63.275 1.5
      vertex 63.4105 62.6033 3
      vertex 64.691 63.0955 1.5
    endloop
  endfacet
  facet normal 0.620867 0.413911 0.665734
    outer loop
      vertex 63.4105 62.6033 3
      vertex 64.5711 63.275 1.5
      vertex 63.4097 62.6045 3
    endloop
  endfacet
  facet normal -0.239872 -0.706598 0.665718
    outer loop
      vertex 67.1446 66.8634 3
      vertex 66.7755 66.9887 3
      vertex 66.6314 65.6244 1.5
    endloop
  endfacet
  facet normal -0.620501 0.414497 0.665711
    outer loop
      vertex 68.373 62.2792 3
      vertex 68.5895 62.6033 3
      vertex 67.309 63.0955 1.5
    endloop
  endfacet
  facet normal -0.552477 0.502252 0.665216
    outer loop
      vertex 67.309 63.0955 1.5
      vertex 68.372 62.2781 3
      vertex 68.373 62.2792 3
    endloop
  endfacet
  facet normal -0.557981 0.489745 0.669931
    outer loop
      vertex 67.235 63.0058 1.50394
      vertex 67.309 63.0955 1.5
      vertex 67.2523 63.0309 1.5
    endloop
  endfacet
  facet normal -0.561004 0.492053 0.665701
    outer loop
      vertex 67.309 63.0955 1.5
      vertex 67.235 63.0058 1.50394
      vertex 68.372 62.2781 3
    endloop
  endfacet
  facet normal -0.561653 0.493006 0.664448
    outer loop
      vertex 67.1667 62.9333 1.5
      vertex 67.235 63.0058 1.50394
      vertex 67.2141 62.9873 1.5
    endloop
  endfacet
  facet normal -0.560882 0.492213 0.665686
    outer loop
      vertex 67.235 63.0058 1.50394
      vertex 67.1667 62.9333 1.5
      vertex 68.372 62.2781 3
    endloop
  endfacet
  facet normal -0.67027 0.330388 0.664517
    outer loop
      vertex 67.461 63.3332 1.50337
      vertex 67.5244 63.4686 1.5
      vertex 67.4722 63.3627 1.5
    endloop
  endfacet
  facet normal -0.663001 0.326673 0.673583
    outer loop
      vertex 67.4289 63.275 1.5
      vertex 67.461 63.3332 1.50337
      vertex 67.4492 63.3162 1.5
    endloop
  endfacet
  facet normal -0.669287 0.329958 0.66572
    outer loop
      vertex 67.461 63.3332 1.50337
      vertex 68.7634 62.9554 3
      vertex 67.5244 63.4686 1.5
    endloop
  endfacet
  facet normal -0.669077 0.330482 0.66567
    outer loop
      vertex 67.4289 63.275 1.5
      vertex 68.7634 62.9554 3
      vertex 67.461 63.3332 1.50337
    endloop
  endfacet
  facet normal -0.65956 0.355148 0.662458
    outer loop
      vertex 68.7634 62.9554 3
      vertex 67.4289 63.275 1.5
      vertex 68.7627 62.9541 3
    endloop
  endfacet
  facet normal -0.219671 0.713932 0.664865
    outer loop
      vertex 66.6314 62.5756 1.5
      vertex 67.1433 61.3362 3
      vertex 67.1446 61.3366 3
    endloop
  endfacet
  facet normal -0.240339 0.706435 0.665723
    outer loop
      vertex 67.1433 61.3362 3
      vertex 66.6314 62.5756 1.5
      vertex 66.5851 62.5572 1.50281
    endloop
  endfacet
  facet normal -0.241378 0.708634 0.663004
    outer loop
      vertex 66.5851 62.5572 1.50281
      vertex 66.6314 62.5756 1.5
      vertex 66.5994 62.5647 1.5
    endloop
  endfacet
  facet normal -0.239247 0.706861 0.665664
    outer loop
      vertex 66.5566 62.5502 1.5
      vertex 67.1433 61.3362 3
      vertex 66.5851 62.5572 1.50281
    endloop
  endfacet
  facet normal -0.239895 0.706601 0.665707
    outer loop
      vertex 67.1433 61.3362 3
      vertex 66.5566 62.5502 1.5
      vertex 66.427 62.5062 1.5
    endloop
  endfacet
  facet normal 0.731852 -0.145681 0.66571
    outer loop
      vertex 64.3641 64.3154 1.5
      vertex 63.1106 64.8727 3
      vertex 63.0345 64.4904 3
    endloop
  endfacet
  facet normal -0.620867 0.413911 0.665734
    outer loop
      vertex 67.4289 63.275 1.5
      vertex 68.5895 62.6033 3
      vertex 68.5903 62.6045 3
    endloop
  endfacet
  facet normal -0.62051 0.41448 0.665713
    outer loop
      vertex 68.5895 62.6033 3
      vertex 67.4289 63.275 1.5
      vertex 67.309 63.0955 1.5
    endloop
  endfacet
  facet normal -0.491959 0.561063 0.665721
    outer loop
      vertex 67.8219 61.728 3
      vertex 68.115 61.985 3
      vertex 67.1667 62.9333 1.5
    endloop
  endfacet
  facet normal 0.204104 -0.714365 0.669346
    outer loop
      vertex 65.3686 65.6244 1.5
      vertex 65.2259 66.9891 3
      vertex 65.2245 66.9887 3
    endloop
  endfacet
  facet normal 0.240371 -0.706501 0.665642
    outer loop
      vertex 65.2259 66.9891 3
      vertex 65.3686 65.6244 1.5
      vertex 65.4149 65.6428 1.50281
    endloop
  endfacet
  facet normal 0.241378 -0.708634 0.663004
    outer loop
      vertex 65.4149 65.6428 1.50281
      vertex 65.3686 65.6244 1.5
      vertex 65.4006 65.6353 1.5
    endloop
  endfacet
  facet normal 0.239236 -0.706782 0.665751
    outer loop
      vertex 65.4434 65.6498 1.5
      vertex 65.2259 66.9891 3
      vertex 65.4149 65.6428 1.50281
    endloop
  endfacet
  facet normal 0.239899 -0.706611 0.665695
    outer loop
      vertex 65.2259 66.9891 3
      vertex 65.4434 65.6498 1.5
      vertex 65.573 65.6938 1.5
    endloop
  endfacet
  facet normal -0.731852 -0.145681 0.66571
    outer loop
      vertex 68.9655 64.4904 3
      vertex 68.8894 64.8727 3
      vertex 67.6359 64.3154 1.5
    endloop
  endfacet
  facet normal -0.706598 0.239872 0.665718
    outer loop
      vertex 68.7634 62.9554 3
      vertex 68.8887 63.3245 3
      vertex 67.5244 63.4686 1.5
    endloop
  endfacet
  facet normal 0.744189 -0.0531564 0.665851
    outer loop
      vertex 63.0344 64.489 3
      vertex 64.3641 64.3154 1.5
      vertex 63.0345 64.4904 3
    endloop
  endfacet
  facet normal 0.744612 -0.048742 0.665715
    outer loop
      vertex 64.3641 64.3154 1.5
      vertex 63.0344 64.489 3
      vertex 64.35 64.1 1.5
    endloop
  endfacet
  facet normal 0.145681 -0.731852 0.66571
    outer loop
      vertex 65.7846 65.7359 1.5
      vertex 65.6096 67.0655 3
      vertex 65.2273 66.9894 3
    endloop
  endfacet
  facet normal -0.0484183 0.744601 0.665752
    outer loop
      vertex 66.1835 62.462 1.5
      vertex 66.0014 61.109 3
      vertex 66.1989 62.462 1.50112
    endloop
  endfacet
  facet normal -0.0495896 0.744634 0.665628
    outer loop
      vertex 66.2154 62.4641 1.5
      vertex 66.1989 62.462 1.50112
      vertex 66.0014 61.109 3
    endloop
  endfacet
  facet normal -0.0463751 0.728752 0.683205
    outer loop
      vertex 66.1989 62.462 1.50112
      vertex 66.2154 62.4641 1.5
      vertex 66.2044 62.4634 1.5
    endloop
  endfacet
  facet normal -0.0486937 0.744607 0.665724
    outer loop
      vertex 66 62.45 1.5
      vertex 66.0014 61.109 3
      vertex 66.1835 62.462 1.5
    endloop
  endfacet
  facet normal -0.0531739 0.744435 0.665574
    outer loop
      vertex 66.0014 61.109 3
      vertex 66 62.45 1.5
      vertex 66 61.1089 3
    endloop
  endfacet
  facet normal 0.0488111 0.744608 0.665715
    outer loop
      vertex 65.9986 61.109 3
      vertex 65.7846 62.4641 1.5
      vertex 65.6096 61.1345 3
    endloop
  endfacet
  facet normal 0.744601 -0.0488106 0.665723
    outer loop
      vertex 64.35 64.1 1.5
      vertex 63.0344 64.489 3
      vertex 63.0089 64.1 3
    endloop
  endfacet
  facet normal -0.561063 -0.491959 0.665721
    outer loop
      vertex 68.372 65.9219 3
      vertex 68.115 66.215 3
      vertex 67.1667 65.2667 1.5
    endloop
  endfacet
  facet normal -0.23982 0.706635 0.665697
    outer loop
      vertex 66.7741 61.2109 3
      vertex 67.1433 61.3362 3
      vertex 66.427 62.5062 1.5
    endloop
  endfacet
  facet normal -0.0488106 -0.744601 0.665723
    outer loop
      vertex 66.389 67.0656 3
      vertex 66 67.0911 3
      vertex 66 65.75 1.5
    endloop
  endfacet
  facet normal -0.669259 0.330035 0.66571
    outer loop
      vertex 68.5903 62.6045 3
      vertex 68.7627 62.9541 3
      vertex 67.4289 63.275 1.5
    endloop
  endfacet
  facet normal 0.330035 0.669259 0.66571
    outer loop
      vertex 64.8541 61.3373 3
      vertex 65.175 62.6711 1.5
      vertex 64.5045 61.5097 3
    endloop
  endfacet
  facet normal -0.330109 -0.669205 0.665728
    outer loop
      vertex 66.825 65.5289 1.5
      vertex 67.4942 66.691 3
      vertex 66.6314 65.6244 1.5
    endloop
  endfacet
  facet normal -0.353511 -0.65652 0.666341
    outer loop
      vertex 67.4942 66.691 3
      vertex 66.825 65.5289 1.5
      vertex 67.4955 66.6903 3
    endloop
  endfacet
  facet normal -0.706581 0.240023 0.665682
    outer loop
      vertex 67.5244 63.4686 1.5
      vertex 68.8891 63.3259 3
      vertex 67.5938 63.6729 1.5
    endloop
  endfacet
  facet normal -0.714365 0.204104 0.669346
    outer loop
      vertex 68.8891 63.3259 3
      vertex 67.5244 63.4686 1.5
      vertex 68.8887 63.3245 3
    endloop
  endfacet
  facet normal 0.744601 0.0488106 0.665723
    outer loop
      vertex 63.0344 63.711 3
      vertex 64.35 64.1 1.5
      vertex 63.0089 64.1 3
    endloop
  endfacet
  facet normal -0.731852 0.145681 0.66571
    outer loop
      vertex 68.8894 63.3273 3
      vertex 68.9655 63.7096 3
      vertex 67.6359 63.8846 1.5
    endloop
  endfacet
  facet normal 0.492124 0.560945 0.665698
    outer loop
      vertex 64.1781 61.728 3
      vertex 64.9955 62.791 1.5
      vertex 64.8333 62.9333 1.5
    endloop
  endfacet
  facet normal 0.502252 0.552477 0.665216
    outer loop
      vertex 64.9955 62.791 1.5
      vertex 64.1781 61.728 3
      vertex 64.1792 61.727 3
    endloop
  endfacet
  facet normal -0.744608 -0.0488111 0.665715
    outer loop
      vertex 68.991 64.1014 3
      vertex 68.9655 64.4904 3
      vertex 67.6359 64.3154 1.5
    endloop
  endfacet
  facet normal -0.744435 0.0531739 0.665574
    outer loop
      vertex 67.65 64.1 1.5
      vertex 68.991 64.0986 3
      vertex 68.9911 64.1 3
    endloop
  endfacet
  facet normal -0.744606 0.0487416 0.665723
    outer loop
      vertex 68.991 64.0986 3
      vertex 67.65 64.1 1.5
      vertex 67.6359 63.8846 1.5
    endloop
  endfacet
  facet normal -0.744608 0.0488111 0.665715
    outer loop
      vertex 68.9655 63.7096 3
      vertex 68.991 64.0986 3
      vertex 67.6359 63.8846 1.5
    endloop
  endfacet
  facet normal -0.473114 -0.57825 0.664673
    outer loop
      vertex 68.1139 66.2159 3
      vertex 67.1667 65.2667 1.5
      vertex 68.115 66.215 3
    endloop
  endfacet
  facet normal -0.492115 -0.560935 0.665714
    outer loop
      vertex 67.1667 65.2667 1.5
      vertex 68.1139 66.2159 3
      vertex 67.0045 65.409 1.5
    endloop
  endfacet
  facet normal -0.145681 0.731852 0.66571
    outer loop
      vertex 66.3904 61.1345 3
      vertex 66.7727 61.2106 3
      vertex 66.2154 62.4641 1.5
    endloop
  endfacet
  facet normal -0.156296 0.729382 0.666013
    outer loop
      vertex 66.427 62.5062 1.5
      vertex 66.7727 61.2106 3
      vertex 66.7741 61.2109 3
    endloop
  endfacet
  facet normal -0.145614 0.731873 0.665702
    outer loop
      vertex 66.7727 61.2106 3
      vertex 66.427 62.5062 1.5
      vertex 66.2154 62.4641 1.5
    endloop
  endfacet
  facet normal 0.62051 -0.41448 0.665713
    outer loop
      vertex 63.4105 65.5967 3
      vertex 64.5711 64.925 1.5
      vertex 64.691 65.1045 1.5
    endloop
  endfacet
  facet normal 0.620867 -0.413911 0.665734
    outer loop
      vertex 64.5711 64.925 1.5
      vertex 63.4105 65.5967 3
      vertex 63.4097 65.5955 3
    endloop
  endfacet
  facet normal 0.145614 0.731873 0.665702
    outer loop
      vertex 65.573 62.5062 1.5
      vertex 65.2273 61.2106 3
      vertex 65.7846 62.4641 1.5
    endloop
  endfacet
  facet normal 0.156296 0.729382 0.666013
    outer loop
      vertex 65.2273 61.2106 3
      vertex 65.573 62.5062 1.5
      vertex 65.2259 61.2109 3
    endloop
  endfacet
  facet normal 0.731852 0.145681 0.66571
    outer loop
      vertex 63.1106 63.3273 3
      vertex 64.3641 63.8846 1.5
      vertex 63.0345 63.7096 3
    endloop
  endfacet
  facet normal -0.330032 -0.669253 0.665718
    outer loop
      vertex 67.4942 66.691 3
      vertex 67.1446 66.8634 3
      vertex 66.6314 65.6244 1.5
    endloop
  endfacet
  facet normal 0.561653 -0.493006 0.664448
    outer loop
      vertex 64.8333 65.2667 1.5
      vertex 64.765 65.1942 1.50394
      vertex 64.7859 65.2127 1.5
    endloop
  endfacet
  facet normal 0.557981 -0.489745 0.669931
    outer loop
      vertex 64.765 65.1942 1.50394
      vertex 64.691 65.1045 1.5
      vertex 64.7477 65.1691 1.5
    endloop
  endfacet
  facet normal 0.560882 -0.492213 0.665686
    outer loop
      vertex 63.628 65.9219 3
      vertex 64.765 65.1942 1.50394
      vertex 64.8333 65.2667 1.5
    endloop
  endfacet
  facet normal 0.561004 -0.492053 0.665701
    outer loop
      vertex 63.628 65.9219 3
      vertex 64.691 65.1045 1.5
      vertex 64.765 65.1942 1.50394
    endloop
  endfacet
  facet normal 0.552477 -0.502252 0.665216
    outer loop
      vertex 64.691 65.1045 1.5
      vertex 63.628 65.9219 3
      vertex 63.627 65.9208 3
    endloop
  endfacet
  facet normal 0.145681 0.731852 0.66571
    outer loop
      vertex 65.6096 61.1345 3
      vertex 65.7846 62.4641 1.5
      vertex 65.2273 61.2106 3
    endloop
  endfacet
  facet normal 0.355148 -0.65956 0.662458
    outer loop
      vertex 65.175 65.5289 1.5
      vertex 64.8554 66.8634 3
      vertex 64.8541 66.8627 3
    endloop
  endfacet
  facet normal 0.330114 -0.669215 0.665715
    outer loop
      vertex 64.8554 66.8634 3
      vertex 65.175 65.5289 1.5
      vertex 65.3686 65.6244 1.5
    endloop
  endfacet
  facet normal -0.145614 -0.731873 0.665702
    outer loop
      vertex 66.427 65.6938 1.5
      vertex 66.7727 66.9894 3
      vertex 66.2154 65.7359 1.5
    endloop
  endfacet
  facet normal -0.156296 -0.729382 0.666013
    outer loop
      vertex 66.7727 66.9894 3
      vertex 66.427 65.6938 1.5
      vertex 66.7741 66.9891 3
    endloop
  endfacet
  facet normal -0.330035 0.669259 0.66571
    outer loop
      vertex 67.1459 61.3373 3
      vertex 67.4955 61.5097 3
      vertex 66.825 62.6711 1.5
    endloop
  endfacet
  facet normal 0.414406 0.620556 0.665716
    outer loop
      vertex 64.5045 61.5097 3
      vertex 65.175 62.6711 1.5
      vertex 64.1803 61.7262 3
    endloop
  endfacet
  facet normal 0.620501 -0.414497 0.665711
    outer loop
      vertex 64.691 65.1045 1.5
      vertex 63.627 65.9208 3
      vertex 63.4105 65.5967 3
    endloop
  endfacet
  facet normal 0.731871 0.14562 0.665703
    outer loop
      vertex 63.1106 63.3273 3
      vertex 64.395 63.7293 1.5
      vertex 64.3641 63.8846 1.5
    endloop
  endfacet
  facet normal 0.719127 0.141846 0.680247
    outer loop
      vertex 64.3979 63.7051 1.50206
      vertex 64.4062 63.6729 1.5
      vertex 64.4019 63.6947 1.5
    endloop
  endfacet
  facet normal 0.732173 0.144401 0.665635
    outer loop
      vertex 64.395 63.7293 1.5
      vertex 63.1106 63.3273 3
      vertex 64.3979 63.7051 1.50206
    endloop
  endfacet
  facet normal 0.731781 0.146038 0.66571
    outer loop
      vertex 63.1106 63.3273 3
      vertex 64.4062 63.6729 1.5
      vertex 64.3979 63.7051 1.50206
    endloop
  endfacet
  facet normal 0.729387 0.156297 0.666007
    outer loop
      vertex 64.4062 63.6729 1.5
      vertex 63.1106 63.3273 3
      vertex 63.1109 63.3259 3
    endloop
  endfacet
  facet normal 0.240339 0.706435 0.665723
    outer loop
      vertex 65.3686 62.5756 1.5
      vertex 64.8567 61.3362 3
      vertex 65.4149 62.5572 1.50281
    endloop
  endfacet
  facet normal 0.239784 0.706652 0.665693
    outer loop
      vertex 65.573 62.5062 1.5
      vertex 65.4149 62.5572 1.50281
      vertex 64.8567 61.3362 3
    endloop
  endfacet
  facet normal 0.238751 0.70323 0.669676
    outer loop
      vertex 65.4149 62.5572 1.50281
      vertex 65.573 62.5062 1.5
      vertex 65.4434 62.5502 1.5
    endloop
  endfacet
  facet normal 0.241378 0.708634 0.663004
    outer loop
      vertex 65.3686 62.5756 1.5
      vertex 65.4149 62.5572 1.50281
      vertex 65.4006 62.5647 1.5
    endloop
  endfacet
  facet normal 0.219671 0.713932 0.664865
    outer loop
      vertex 64.8567 61.3362 3
      vertex 65.3686 62.5756 1.5
      vertex 64.8554 61.3366 3
    endloop
  endfacet
  facet normal -0.669259 -0.330035 0.66571
    outer loop
      vertex 68.7627 65.2459 3
      vertex 68.5903 65.5955 3
      vertex 67.4289 64.925 1.5
    endloop
  endfacet
  facet normal -0.620867 -0.413911 0.665734
    outer loop
      vertex 68.5895 65.5967 3
      vertex 67.4289 64.925 1.5
      vertex 68.5903 65.5955 3
    endloop
  endfacet
  facet normal -0.62051 -0.41448 0.665713
    outer loop
      vertex 67.4289 64.925 1.5
      vertex 68.5895 65.5967 3
      vertex 67.309 65.1045 1.5
    endloop
  endfacet
  facet normal -0.414406 0.620556 0.665716
    outer loop
      vertex 67.4955 61.5097 3
      vertex 67.8197 61.7262 3
      vertex 66.825 62.6711 1.5
    endloop
  endfacet
  facet normal 0.492115 -0.560935 0.665714
    outer loop
      vertex 63.8861 66.2159 3
      vertex 64.8333 65.2667 1.5
      vertex 64.9955 65.409 1.5
    endloop
  endfacet
  facet normal 0.473114 -0.57825 0.664673
    outer loop
      vertex 64.8333 65.2667 1.5
      vertex 63.8861 66.2159 3
      vertex 63.885 66.215 3
    endloop
  endfacet
  facet normal 0.669259 -0.330035 0.66571
    outer loop
      vertex 64.5711 64.925 1.5
      vertex 63.4097 65.5955 3
      vertex 63.2373 65.2459 3
    endloop
  endfacet
  facet normal 0.561063 0.491959 0.665721
    outer loop
      vertex 63.885 61.985 3
      vertex 64.8333 62.9333 1.5
      vertex 63.628 62.2781 3
    endloop
  endfacet
  facet normal 0.706581 0.240023 0.665682
    outer loop
      vertex 63.1109 63.3259 3
      vertex 64.4756 63.4686 1.5
      vertex 64.4062 63.6729 1.5
    endloop
  endfacet
  facet normal 0.714365 0.204104 0.669346
    outer loop
      vertex 64.4756 63.4686 1.5
      vertex 63.1109 63.3259 3
      vertex 63.1113 63.3245 3
    endloop
  endfacet
  facet normal 0.729387 -0.156297 0.666007
    outer loop
      vertex 63.1106 64.8727 3
      vertex 64.4062 64.5271 1.5
      vertex 63.1109 64.8741 3
    endloop
  endfacet
  facet normal 0.731781 -0.146038 0.66571
    outer loop
      vertex 64.3979 64.4949 1.50206
      vertex 64.4062 64.5271 1.5
      vertex 63.1106 64.8727 3
    endloop
  endfacet
  facet normal 0.719127 -0.141846 0.680247
    outer loop
      vertex 64.4062 64.5271 1.5
      vertex 64.3979 64.4949 1.50206
      vertex 64.4019 64.5053 1.5
    endloop
  endfacet
  facet normal 0.732173 -0.144401 0.665635
    outer loop
      vertex 63.1106 64.8727 3
      vertex 64.395 64.4707 1.5
      vertex 64.3979 64.4949 1.50206
    endloop
  endfacet
  facet normal 0.731871 -0.14562 0.665703
    outer loop
      vertex 64.395 64.4707 1.5
      vertex 63.1106 64.8727 3
      vertex 64.3641 64.3154 1.5
    endloop
  endfacet
  facet normal 0.714365 -0.204104 0.669346
    outer loop
      vertex 63.1109 64.8741 3
      vertex 64.4756 64.7314 1.5
      vertex 63.1113 64.8755 3
    endloop
  endfacet
  facet normal 0.706581 -0.240023 0.665682
    outer loop
      vertex 64.4756 64.7314 1.5
      vertex 63.1109 64.8741 3
      vertex 64.4062 64.5271 1.5
    endloop
  endfacet
  facet normal 0.156296 -0.729382 0.666013
    outer loop
      vertex 65.573 65.6938 1.5
      vertex 65.2273 66.9894 3
      vertex 65.2259 66.9891 3
    endloop
  endfacet
  facet normal 0.145614 -0.731873 0.665702
    outer loop
      vertex 65.2273 66.9894 3
      vertex 65.573 65.6938 1.5
      vertex 65.7846 65.7359 1.5
    endloop
  endfacet
  facet normal 0.669259 0.330035 0.66571
    outer loop
      vertex 63.4097 62.6045 3
      vertex 64.5711 63.275 1.5
      vertex 63.2373 62.9541 3
    endloop
  endfacet
  facet normal -0.492124 0.560945 0.665698
    outer loop
      vertex 67.0045 62.791 1.5
      vertex 67.8219 61.728 3
      vertex 67.1667 62.9333 1.5
    endloop
  endfacet
  facet normal -0.502252 0.552477 0.665216
    outer loop
      vertex 67.8219 61.728 3
      vertex 67.0045 62.791 1.5
      vertex 67.8208 61.727 3
    endloop
  endfacet
  facet normal 0.0531564 -0.744189 0.665851
    outer loop
      vertex 65.7846 65.7359 1.5
      vertex 65.611 67.0656 3
      vertex 65.6096 67.0655 3
    endloop
  endfacet
  facet normal 0.0495692 -0.744534 0.665742
    outer loop
      vertex 65.611 67.0656 3
      vertex 65.7846 65.7359 1.5
      vertex 65.8011 65.738 1.50112
    endloop
  endfacet
  facet normal 0.0463751 -0.728752 0.683205
    outer loop
      vertex 65.8011 65.738 1.50112
      vertex 65.7846 65.7359 1.5
      vertex 65.7956 65.7366 1.5
    endloop
  endfacet
  facet normal 0.0484144 -0.74465 0.665697
    outer loop
      vertex 65.8165 65.738 1.5
      vertex 65.611 67.0656 3
      vertex 65.8011 65.738 1.50112
    endloop
  endfacet
  facet normal 0.0486945 -0.74462 0.66571
    outer loop
      vertex 65.611 67.0656 3
      vertex 65.8165 65.738 1.5
      vertex 66 65.75 1.5
    endloop
  endfacet
  facet normal -0.732173 0.144401 0.665635
    outer loop
      vertex 68.8894 63.3273 3
      vertex 67.605 63.7293 1.5
      vertex 67.6021 63.7051 1.50206
    endloop
  endfacet
  facet normal -0.719127 0.141846 0.680247
    outer loop
      vertex 67.5938 63.6729 1.5
      vertex 67.6021 63.7051 1.50206
      vertex 67.5981 63.6947 1.5
    endloop
  endfacet
  facet normal -0.731871 0.14562 0.665703
    outer loop
      vertex 67.605 63.7293 1.5
      vertex 68.8894 63.3273 3
      vertex 67.6359 63.8846 1.5
    endloop
  endfacet
  facet normal -0.731781 0.146038 0.66571
    outer loop
      vertex 67.5938 63.6729 1.5
      vertex 68.8894 63.3273 3
      vertex 67.6021 63.7051 1.50206
    endloop
  endfacet
  facet normal -0.729387 0.156297 0.666007
    outer loop
      vertex 68.8894 63.3273 3
      vertex 67.5938 63.6729 1.5
      vertex 68.8891 63.3259 3
    endloop
  endfacet
  facet normal 0.706598 0.239872 0.665718
    outer loop
      vertex 63.2366 62.9554 3
      vertex 64.4756 63.4686 1.5
      vertex 63.1113 63.3245 3
    endloop
  endfacet
  facet normal 0.620501 0.414497 0.665711
    outer loop
      vertex 63.627 62.2792 3
      vertex 64.691 63.0955 1.5
      vertex 63.4105 62.6033 3
    endloop
  endfacet
  facet normal 0.23982 0.706635 0.665697
    outer loop
      vertex 65.2259 61.2109 3
      vertex 65.573 62.5062 1.5
      vertex 64.8567 61.3362 3
    endloop
  endfacet
  facet normal -0.413911 -0.620867 0.665734
    outer loop
      vertex 66.825 65.5289 1.5
      vertex 67.4967 66.6895 3
      vertex 67.4955 66.6903 3
    endloop
  endfacet
  facet normal -0.414409 -0.620547 0.665722
    outer loop
      vertex 67.4967 66.6895 3
      vertex 66.9373 65.4579 1.50375
      vertex 67.0045 65.409 1.5
    endloop
  endfacet
  facet normal -0.420137 -0.627628 0.655414
    outer loop
      vertex 67.0045 65.409 1.5
      vertex 66.9373 65.4579 1.50375
      vertex 66.9558 65.4416 1.5
    endloop
  endfacet
  facet normal -0.413692 -0.620954 0.665789
    outer loop
      vertex 67.4967 66.6895 3
      vertex 66.9092 65.4726 1.5
      vertex 66.9373 65.4579 1.50375
    endloop
  endfacet
  facet normal -0.414777 -0.620323 0.665702
    outer loop
      vertex 67.4967 66.6895 3
      vertex 66.825 65.5289 1.5
      vertex 66.9092 65.4726 1.5
    endloop
  endfacet
  facet normal 0.414406 -0.620556 0.665716
    outer loop
      vertex 65.175 65.5289 1.5
      vertex 64.5045 66.6903 3
      vertex 64.1803 66.4738 3
    endloop
  endfacet
  facet normal -0.620501 -0.414497 0.665711
    outer loop
      vertex 68.5895 65.5967 3
      vertex 68.373 65.9208 3
      vertex 67.309 65.1045 1.5
    endloop
  endfacet
  facet normal 0.491959 0.561063 0.665721
    outer loop
      vertex 64.1781 61.728 3
      vertex 64.8333 62.9333 1.5
      vertex 63.885 61.985 3
    endloop
  endfacet
  facet normal -0.706598 -0.239872 0.665718
    outer loop
      vertex 68.8887 64.8755 3
      vertex 68.7634 65.2446 3
      vertex 67.5244 64.7314 1.5
    endloop
  endfacet
  facet normal 0.417312 0.625226 0.659502
    outer loop
      vertex 65.0627 62.7421 1.50375
      vertex 65.175 62.6711 1.5
      vertex 65.0908 62.7273 1.5
    endloop
  endfacet
  facet normal 0.420137 0.627628 0.655414
    outer loop
      vertex 64.9955 62.791 1.5
      vertex 65.0627 62.7421 1.50375
      vertex 65.0442 62.7584 1.5
    endloop
  endfacet
  facet normal 0.414513 0.620469 0.665731
    outer loop
      vertex 65.0627 62.7421 1.50375
      vertex 64.1803 61.7262 3
      vertex 65.175 62.6711 1.5
    endloop
  endfacet
  facet normal 0.414409 0.620547 0.665723
    outer loop
      vertex 64.9955 62.791 1.5
      vertex 64.1803 61.7262 3
      vertex 65.0627 62.7421 1.50375
    endloop
  endfacet
  facet normal 0.438546 0.603 0.666385
    outer loop
      vertex 64.1803 61.7262 3
      vertex 64.9955 62.791 1.5
      vertex 64.1792 61.727 3
    endloop
  endfacet
  facet normal 0.67027 0.330388 0.664517
    outer loop
      vertex 64.4756 63.4686 1.5
      vertex 64.539 63.3332 1.50337
      vertex 64.5278 63.3627 1.5
    endloop
  endfacet
  facet normal 0.663001 0.326673 0.673583
    outer loop
      vertex 64.539 63.3332 1.50337
      vertex 64.5711 63.275 1.5
      vertex 64.5508 63.3162 1.5
    endloop
  endfacet
  facet normal 0.669287 0.329958 0.66572
    outer loop
      vertex 63.2366 62.9554 3
      vertex 64.539 63.3332 1.50337
      vertex 64.4756 63.4686 1.5
    endloop
  endfacet
  facet normal 0.669077 0.330482 0.66567
    outer loop
      vertex 63.2366 62.9554 3
      vertex 64.5711 63.275 1.5
      vertex 64.539 63.3332 1.50337
    endloop
  endfacet
  facet normal 0.65956 0.355148 0.662458
    outer loop
      vertex 64.5711 63.275 1.5
      vertex 63.2366 62.9554 3
      vertex 63.2373 62.9541 3
    endloop
  endfacet
  facet normal 0 0 1
    outer loop
      vertex 67.65 64.1 1.5
      vertex 67.6359 64.3154 1.5
      vertex 67.605 64.4707 1.5
    endloop
  endfacet
  facet normal 0 0 1
    outer loop
      vertex 64.5508 64.8838 1.5
      vertex 64.691 65.1045 1.5
      vertex 64.5711 64.925 1.5
    endloop
  endfacet
  facet normal -0 0 1
    outer loop
      vertex 64.691 65.1045 1.5
      vertex 64.5508 64.8838 1.5
      vertex 64.7477 65.1691 1.5
    endloop
  endfacet
  facet normal 0 0 1
    outer loop
      vertex 65.4006 62.5647 1.5
      vertex 65.175 62.6711 1.5
      vertex 65.3686 62.5756 1.5
    endloop
  endfacet
  facet normal -0 -0 1
    outer loop
      vertex 65.175 62.6711 1.5
      vertex 65.4006 62.5647 1.5
      vertex 65.0908 62.7273 1.5
    endloop
  endfacet
  facet normal -0 -0 1
    outer loop
      vertex 64.3641 63.8846 1.5
      vertex 64.395 63.7293 1.5
      vertex 64.35 64.1 1.5
    endloop
  endfacet
  facet normal 0 -0 1
    outer loop
      vertex 66 62.45 1.5
      vertex 66.1835 62.462 1.5
      vertex 65.8165 62.462 1.5
    endloop
  endfacet
  facet normal 0 0 1
    outer loop
      vertex 67.2141 62.9873 1.5
      vertex 67.0045 62.791 1.5
      vertex 67.1667 62.9333 1.5
    endloop
  endfacet
  facet normal 0 -0 1
    outer loop
      vertex 67.0045 62.791 1.5
      vertex 67.2141 62.9873 1.5
      vertex 66.9558 62.7584 1.5
    endloop
  endfacet
  facet normal 0 0 1
    outer loop
      vertex 67.309 65.1045 1.5
      vertex 67.4492 64.8838 1.5
      vertex 67.4289 64.925 1.5
    endloop
  endfacet
  facet normal 0 0 1
    outer loop
      vertex 67.4492 64.8838 1.5
      vertex 67.309 65.1045 1.5
      vertex 67.2523 65.1691 1.5
    endloop
  endfacet
  facet normal 0 0 1
    outer loop
      vertex 66.2044 65.7366 1.5
      vertex 66.427 65.6938 1.5
      vertex 66.2154 65.7359 1.5
    endloop
  endfacet
  facet normal 0 0 1
    outer loop
      vertex 66.427 65.6938 1.5
      vertex 66.2044 65.7366 1.5
      vertex 66.5566 65.6498 1.5
    endloop
  endfacet
  facet normal 0 0 1
    outer loop
      vertex 66.5994 62.5647 1.5
      vertex 66.825 62.6711 1.5
      vertex 66.9092 62.7273 1.5
    endloop
  endfacet
  facet normal 0 0 1
    outer loop
      vertex 66.825 62.6711 1.5
      vertex 66.5994 62.5647 1.5
      vertex 66.6314 62.5756 1.5
    endloop
  endfacet
  facet normal 0 0 1
    outer loop
      vertex 66.1835 65.738 1.5
      vertex 66 65.75 1.5
      vertex 65.8165 65.738 1.5
    endloop
  endfacet
  facet normal 0 0 1
    outer loop
      vertex 67.0045 65.409 1.5
      vertex 67.2141 65.2127 1.5
      vertex 67.1667 65.2667 1.5
    endloop
  endfacet
  facet normal 0 0 1
    outer loop
      vertex 67.2141 65.2127 1.5
      vertex 67.0045 65.409 1.5
      vertex 66.9558 65.4416 1.5
    endloop
  endfacet
  facet normal 0 0 1
    outer loop
      vertex 67.4492 63.3162 1.5
      vertex 67.309 63.0955 1.5
      vertex 67.4289 63.275 1.5
    endloop
  endfacet
  facet normal 0 -0 1
    outer loop
      vertex 67.309 63.0955 1.5
      vertex 67.4492 63.3162 1.5
      vertex 67.2523 63.0309 1.5
    endloop
  endfacet
  facet normal 0 0 1
    outer loop
      vertex 67.5981 63.6947 1.5
      vertex 67.5244 63.4686 1.5
      vertex 67.5938 63.6729 1.5
    endloop
  endfacet
  facet normal 0 -0 1
    outer loop
      vertex 67.5244 63.4686 1.5
      vertex 67.5981 63.6947 1.5
      vertex 67.4722 63.3627 1.5
    endloop
  endfacet
  facet normal 0 0 1
    outer loop
      vertex 65.175 65.5289 1.5
      vertex 65.4006 65.6353 1.5
      vertex 65.3686 65.6244 1.5
    endloop
  endfacet
  facet normal 0 0 1
    outer loop
      vertex 65.4006 65.6353 1.5
      vertex 65.175 65.5289 1.5
      vertex 65.0908 65.4726 1.5
    endloop
  endfacet
  facet normal 0 0 1
    outer loop
      vertex 64.395 64.4707 1.5
      vertex 64.3641 64.3154 1.5
      vertex 64.35 64.1 1.5
    endloop
  endfacet
  facet normal 0 -0 1
    outer loop
      vertex 67.6359 63.8846 1.5
      vertex 67.65 64.1 1.5
      vertex 67.605 63.7293 1.5
    endloop
  endfacet
  facet normal 0 0 1
    outer loop
      vertex 64.5508 63.3162 1.5
      vertex 64.691 63.0955 1.5
      vertex 64.7477 63.0309 1.5
    endloop
  endfacet
  facet normal 0 0 1
    outer loop
      vertex 64.691 63.0955 1.5
      vertex 64.5508 63.3162 1.5
      vertex 64.5711 63.275 1.5
    endloop
  endfacet
  facet normal 0 0 1
    outer loop
      vertex 64.4019 63.6947 1.5
      vertex 64.4756 63.4686 1.5
      vertex 64.5278 63.3627 1.5
    endloop
  endfacet
  facet normal 0 0 1
    outer loop
      vertex 64.4756 63.4686 1.5
      vertex 64.4019 63.6947 1.5
      vertex 64.4062 63.6729 1.5
    endloop
  endfacet
  facet normal 0 0 1
    outer loop
      vertex 65.7956 62.4634 1.5
      vertex 65.573 62.5062 1.5
      vertex 65.7846 62.4641 1.5
    endloop
  endfacet
  facet normal -0 -0 1
    outer loop
      vertex 65.573 62.5062 1.5
      vertex 65.7956 62.4634 1.5
      vertex 65.4434 62.5502 1.5
    endloop
  endfacet
  facet normal 0 0 1
    outer loop
      vertex 64.8333 65.2667 1.5
      vertex 65.0442 65.4416 1.5
      vertex 64.9955 65.409 1.5
    endloop
  endfacet
  facet normal 0 0 1
    outer loop
      vertex 65.0442 65.4416 1.5
      vertex 64.8333 65.2667 1.5
      vertex 64.7859 65.2127 1.5
    endloop
  endfacet
  facet normal 0 0 1
    outer loop
      vertex 65.0442 62.7584 1.5
      vertex 64.8333 62.9333 1.5
      vertex 64.9955 62.791 1.5
    endloop
  endfacet
  facet normal -0 -0 1
    outer loop
      vertex 64.8333 62.9333 1.5
      vertex 65.0442 62.7584 1.5
      vertex 64.7859 62.9873 1.5
    endloop
  endfacet
  facet normal 0 0 1
    outer loop
      vertex 65.573 65.6938 1.5
      vertex 65.7956 65.7366 1.5
      vertex 65.7846 65.7359 1.5
    endloop
  endfacet
  facet normal 0 0 1
    outer loop
      vertex 65.7956 65.7366 1.5
      vertex 65.573 65.6938 1.5
      vertex 65.4434 65.6498 1.5
    endloop
  endfacet
  facet normal 0 0 1
    outer loop
      vertex 66.2044 62.4634 1.5
      vertex 66.427 62.5062 1.5
      vertex 66.5566 62.5502 1.5
    endloop
  endfacet
  facet normal 0 0 1
    outer loop
      vertex 66.427 62.5062 1.5
      vertex 66.2044 62.4634 1.5
      vertex 66.2154 62.4641 1.5
    endloop
  endfacet
  facet normal 0 0 1
    outer loop
      vertex 64.4019 64.5053 1.5
      vertex 64.4756 64.7314 1.5
      vertex 64.4062 64.5271 1.5
    endloop
  endfacet
  facet normal -0 0 1
    outer loop
      vertex 64.4756 64.7314 1.5
      vertex 64.4019 64.5053 1.5
      vertex 64.5278 64.8373 1.5
    endloop
  endfacet
  facet normal 0 0 1
    outer loop
      vertex 66.5994 65.6353 1.5
      vertex 66.825 65.5289 1.5
      vertex 66.6314 65.6244 1.5
    endloop
  endfacet
  facet normal 0 0 1
    outer loop
      vertex 66.825 65.5289 1.5
      vertex 66.5994 65.6353 1.5
      vertex 66.9092 65.4726 1.5
    endloop
  endfacet
  facet normal 0 0 1
    outer loop
      vertex 67.5244 64.7314 1.5
      vertex 67.5981 64.5053 1.5
      vertex 67.5938 64.5271 1.5
    endloop
  endfacet
  facet normal 0 0 1
    outer loop
      vertex 67.5981 64.5053 1.5
      vertex 67.5244 64.7314 1.5
      vertex 67.4722 64.8373 1.5
    endloop
  endfacet
  facet normal -0.414497 -0.620501 0.665711
    outer loop
      vertex 67.8208 66.473 3
      vertex 67.4967 66.6895 3
      vertex 67.0045 65.409 1.5
    endloop
  endfacet
  facet normal -0.492075 -0.560977 0.665707
    outer loop
      vertex 68.1139 66.2159 3
      vertex 67.8208 66.473 3
      vertex 67.0045 65.409 1.5
    endloop
  endfacet
  facet normal 0.411833 -0.61592 0.671592
    outer loop
      vertex 65.175 65.5289 1.5
      vertex 65.0627 65.4579 1.50375
      vertex 65.0908 65.4726 1.5
    endloop
  endfacet
  facet normal 0.420137 -0.627628 0.655414
    outer loop
      vertex 65.0627 65.4579 1.50375
      vertex 64.9955 65.409 1.5
      vertex 65.0442 65.4416 1.5
    endloop
  endfacet
  facet normal 0.414513 -0.620469 0.665731
    outer loop
      vertex 64.1803 66.4738 3
      vertex 65.0627 65.4579 1.50375
      vertex 65.175 65.5289 1.5
    endloop
  endfacet
  facet normal 0.414409 -0.620547 0.665723
    outer loop
      vertex 64.1803 66.4738 3
      vertex 64.9955 65.409 1.5
      vertex 65.0627 65.4579 1.50375
    endloop
  endfacet
  facet normal 0.438546 -0.603 0.666385
    outer loop
      vertex 64.9955 65.409 1.5
      vertex 64.1803 66.4738 3
      vertex 64.1792 66.473 3
    endloop
  endfacet
  facet normal 0.561653 0.493006 0.664448
    outer loop
      vertex 64.765 63.0058 1.50394
      vertex 64.8333 62.9333 1.5
      vertex 64.7859 62.9873 1.5
    endloop
  endfacet
  facet normal 0.557981 0.489745 0.669931
    outer loop
      vertex 64.691 63.0955 1.5
      vertex 64.765 63.0058 1.50394
      vertex 64.7477 63.0309 1.5
    endloop
  endfacet
  facet normal 0.560882 0.492213 0.665686
    outer loop
      vertex 64.765 63.0058 1.50394
      vertex 63.628 62.2781 3
      vertex 64.8333 62.9333 1.5
    endloop
  endfacet
  facet normal 0.561004 0.492053 0.665701
    outer loop
      vertex 64.691 63.0955 1.5
      vertex 63.628 62.2781 3
      vertex 64.765 63.0058 1.50394
    endloop
  endfacet
  facet normal 0.552477 0.502252 0.665216
    outer loop
      vertex 63.628 62.2781 3
      vertex 64.691 63.0955 1.5
      vertex 63.627 62.2792 3
    endloop
  endfacet
  facet normal 0.330035 -0.669259 0.66571
    outer loop
      vertex 65.175 65.5289 1.5
      vertex 64.8541 66.8627 3
      vertex 64.5045 66.6903 3
    endloop
  endfacet
  facet normal 0.65956 -0.355148 0.662458
    outer loop
      vertex 63.2366 65.2446 3
      vertex 64.5711 64.925 1.5
      vertex 63.2373 65.2459 3
    endloop
  endfacet
  facet normal 0.669077 -0.330482 0.66567
    outer loop
      vertex 64.539 64.8668 1.50337
      vertex 64.5711 64.925 1.5
      vertex 63.2366 65.2446 3
    endloop
  endfacet
  facet normal 0.663001 -0.326673 0.673583
    outer loop
      vertex 64.5711 64.925 1.5
      vertex 64.539 64.8668 1.50337
      vertex 64.5508 64.8838 1.5
    endloop
  endfacet
  facet normal 0.669287 -0.329958 0.66572
    outer loop
      vertex 64.4756 64.7314 1.5
      vertex 64.539 64.8668 1.50337
      vertex 63.2366 65.2446 3
    endloop
  endfacet
  facet normal 0.67027 -0.330388 0.664517
    outer loop
      vertex 64.539 64.8668 1.50337
      vertex 64.4756 64.7314 1.5
      vertex 64.5278 64.8373 1.5
    endloop
  endfacet
  facet normal -0.714365 -0.204104 0.669346
    outer loop
      vertex 67.5244 64.7314 1.5
      vertex 68.8891 64.8741 3
      vertex 68.8887 64.8755 3
    endloop
  endfacet
  facet normal -0.706581 -0.240023 0.665682
    outer loop
      vertex 68.8891 64.8741 3
      vertex 67.5244 64.7314 1.5
      vertex 67.5938 64.5271 1.5
    endloop
  endfacet
  facet normal -0.729387 -0.156297 0.666007
    outer loop
      vertex 67.5938 64.5271 1.5
      vertex 68.8894 64.8727 3
      vertex 68.8891 64.8741 3
    endloop
  endfacet
  facet normal -0.719127 -0.141846 0.680247
    outer loop
      vertex 67.6021 64.4949 1.50206
      vertex 67.5938 64.5271 1.5
      vertex 67.5981 64.5053 1.5
    endloop
  endfacet
  facet normal -0.731781 -0.146038 0.66571
    outer loop
      vertex 67.5938 64.5271 1.5
      vertex 67.6021 64.4949 1.50206
      vertex 68.8894 64.8727 3
    endloop
  endfacet
  facet normal -0.732173 -0.144401 0.665635
    outer loop
      vertex 67.605 64.4707 1.5
      vertex 68.8894 64.8727 3
      vertex 67.6021 64.4949 1.50206
    endloop
  endfacet
  facet normal -0.731871 -0.14562 0.665703
    outer loop
      vertex 68.8894 64.8727 3
      vertex 67.605 64.4707 1.5
      vertex 67.6359 64.3154 1.5
    endloop
  endfacet
  facet normal -1 0 0
    outer loop
      vertex 24.75 9 3.5
      vertex 24.75 20.3523 3.50811
      vertex 24.75 20.75 3.5
    endloop
  endfacet
  facet normal -1 0 0
    outer loop
      vertex 24.75 9 3.5
      vertex 24.75 19.9553 3.53244
      vertex 24.75 20.3523 3.50811
    endloop
  endfacet
  facet normal -1 0 0
    outer loop
      vertex 24.75 9 3.5
      vertex 24.75 19.5596 3.57294
      vertex 24.75 19.9553 3.53244
    endloop
  endfacet
  facet normal -1 0 0
    outer loop
      vertex 24.75 9 3.5
      vertex 24.75 19.1659 3.62955
      vertex 24.75 19.5596 3.57294
    endloop
  endfacet
  facet normal -1 0 0
    outer loop
      vertex 24.75 9 3.5
      vertex 24.75 18.7748 3.70217
      vertex 24.75 19.1659 3.62955
    endloop
  endfacet
  facet normal -1 0 0
    outer loop
      vertex 24.75 9 3.5
      vertex 24.75 18.387 3.79069
      vertex 24.75 18.7748 3.70217
    endloop
  endfacet
  facet normal -1 0 0
    outer loop
      vertex 24.75 9 3.5
      vertex 24.75 18.0031 3.89494
      vertex 24.75 18.387 3.79069
    endloop
  endfacet
  facet normal -1 0 0
    outer loop
      vertex 24.75 9 3.5
      vertex 24.75 17.6238 4.01477
      vertex 24.75 18.0031 3.89494
    endloop
  endfacet
  facet normal -1 0 0
    outer loop
      vertex 24.75 9 3.5
      vertex 24.75 17.2497 4.14997
      vertex 24.75 17.6238 4.01477
    endloop
  endfacet
  facet normal -1 0 0
    outer loop
      vertex 24.75 9 3.5
      vertex 24.75 16.8815 4.30031
      vertex 24.75 17.2497 4.14997
    endloop
  endfacet
  facet normal -1 0 0
    outer loop
      vertex 24.75 9 3.5
      vertex 24.75 16.5196 4.46555
      vertex 24.75 16.8815 4.30031
    endloop
  endfacet
  facet normal -1 0 0
    outer loop
      vertex 24.75 9 3.5
      vertex 24.75 16.1648 4.64541
      vertex 24.75 16.5196 4.46555
    endloop
  endfacet
  facet normal -1 0 0
    outer loop
      vertex 24.75 9 3.5
      vertex 24.75 15.8177 4.8396
      vertex 24.75 16.1648 4.64541
    endloop
  endfacet
  facet normal -1 0 0
    outer loop
      vertex 24.75 9 3.5
      vertex 24.75 15.4788 5.04778
      vertex 24.75 15.8177 4.8396
    endloop
  endfacet
  facet normal -1 0 0
    outer loop
      vertex 24.75 9 3.5
      vertex 24.75 15.1486 5.26961
      vertex 24.75 15.4788 5.04778
    endloop
  endfacet
  facet normal -1 0 0
    outer loop
      vertex 24.75 9 3.5
      vertex 24.75 14.8277 5.50473
      vertex 24.75 15.1486 5.26961
    endloop
  endfacet
  facet normal -1 0 0
    outer loop
      vertex 24.75 9 3.5
      vertex 24.75 14.5167 5.75273
      vertex 24.75 14.8277 5.50473
    endloop
  endfacet
  facet normal -1 0 0
    outer loop
      vertex 24.75 9 3.5
      vertex 24.75 14.2161 6.01322
      vertex 24.75 14.5167 5.75273
    endloop
  endfacet
  facet normal -1 0 0
    outer loop
      vertex 24.75 9 3.5
      vertex 24.75 13.9264 6.28575
      vertex 24.75 14.2161 6.01322
    endloop
  endfacet
  facet normal -1 0 0
    outer loop
      vertex 24.75 9 3.5
      vertex 24.75 13.7165 6.5
      vertex 24.75 13.9264 6.28575
    endloop
  endfacet
  facet normal -1 -0 0
    outer loop
      vertex 24.75 13.7165 6.5
      vertex 24.75 9 3.5
      vertex 24.75 9 6.5
    endloop
  endfacet
  facet normal -1 0 0
    outer loop
      vertex 24.75 32.5 3.5
      vertex 24.75 27.7835 6.5
      vertex 24.75 32.5 6.5
    endloop
  endfacet
  facet normal -1 0 0
    outer loop
      vertex 24.75 32.5 3.5
      vertex 24.75 27.5736 6.28575
      vertex 24.75 27.7835 6.5
    endloop
  endfacet
  facet normal -1 0 0
    outer loop
      vertex 24.75 32.5 3.5
      vertex 24.75 27.2839 6.01322
      vertex 24.75 27.5736 6.28575
    endloop
  endfacet
  facet normal -1 0 0
    outer loop
      vertex 24.75 32.5 3.5
      vertex 24.75 26.9833 5.75273
      vertex 24.75 27.2839 6.01322
    endloop
  endfacet
  facet normal -1 0 0
    outer loop
      vertex 24.75 32.5 3.5
      vertex 24.75 26.6723 5.50473
      vertex 24.75 26.9833 5.75273
    endloop
  endfacet
  facet normal -1 0 0
    outer loop
      vertex 24.75 32.5 3.5
      vertex 24.75 26.3514 5.26961
      vertex 24.75 26.6723 5.50473
    endloop
  endfacet
  facet normal -1 0 0
    outer loop
      vertex 24.75 32.5 3.5
      vertex 24.75 26.0212 5.04778
      vertex 24.75 26.3514 5.26961
    endloop
  endfacet
  facet normal -1 0 0
    outer loop
      vertex 24.75 32.5 3.5
      vertex 24.75 25.6823 4.8396
      vertex 24.75 26.0212 5.04778
    endloop
  endfacet
  facet normal -1 0 0
    outer loop
      vertex 24.75 32.5 3.5
      vertex 24.75 25.3352 4.64541
      vertex 24.75 25.6823 4.8396
    endloop
  endfacet
  facet normal -1 0 0
    outer loop
      vertex 24.75 32.5 3.5
      vertex 24.75 24.9804 4.46555
      vertex 24.75 25.3352 4.64541
    endloop
  endfacet
  facet normal -1 0 0
    outer loop
      vertex 24.75 32.5 3.5
      vertex 24.75 24.6185 4.30031
      vertex 24.75 24.9804 4.46555
    endloop
  endfacet
  facet normal -1 0 0
    outer loop
      vertex 24.75 32.5 3.5
      vertex 24.75 24.2503 4.14997
      vertex 24.75 24.6185 4.30031
    endloop
  endfacet
  facet normal -1 0 0
    outer loop
      vertex 24.75 32.5 3.5
      vertex 24.75 23.8762 4.01477
      vertex 24.75 24.2503 4.14997
    endloop
  endfacet
  facet normal -1 0 0
    outer loop
      vertex 24.75 32.5 3.5
      vertex 24.75 23.4969 3.89494
      vertex 24.75 23.8762 4.01477
    endloop
  endfacet
  facet normal -1 0 0
    outer loop
      vertex 24.75 32.5 3.5
      vertex 24.75 23.113 3.79069
      vertex 24.75 23.4969 3.89494
    endloop
  endfacet
  facet normal -1 0 0
    outer loop
      vertex 24.75 32.5 3.5
      vertex 24.75 22.7252 3.70217
      vertex 24.75 23.113 3.79069
    endloop
  endfacet
  facet normal -1 0 0
    outer loop
      vertex 24.75 32.5 3.5
      vertex 24.75 22.3341 3.62955
      vertex 24.75 22.7252 3.70217
    endloop
  endfacet
  facet normal -1 0 0
    outer loop
      vertex 24.75 32.5 3.5
      vertex 24.75 21.9404 3.57294
      vertex 24.75 22.3341 3.62955
    endloop
  endfacet
  facet normal -1 0 0
    outer loop
      vertex 24.75 32.5 3.5
      vertex 24.75 21.5447 3.53244
      vertex 24.75 21.9404 3.57294
    endloop
  endfacet
  facet normal -1 0 0
    outer loop
      vertex 24.75 32.5 3.5
      vertex 24.75 21.1477 3.50811
      vertex 24.75 21.5447 3.53244
    endloop
  endfacet
  facet normal -1 0 -0
    outer loop
      vertex 24.75 21.1477 3.50811
      vertex 24.75 32.5 3.5
      vertex 24.75 20.75 3.5
    endloop
  endfacet
  facet normal 0 0 -1
    outer loop
      vertex 20.25 27.7835 6.5
      vertex 24.75 32.5 6.5
      vertex 24.75 27.7835 6.5
    endloop
  endfacet
  facet normal -0 0 -1
    outer loop
      vertex 24.75 32.5 6.5
      vertex 20.25 27.7835 6.5
      vertex 20.25 32.5 6.5
    endloop
  endfacet
  facet normal 0 0 -1
    outer loop
      vertex 20.25 9 6.5
      vertex 24.75 13.7165 6.5
      vertex 24.75 9 6.5
    endloop
  endfacet
  facet normal -0 0 -1
    outer loop
      vertex 24.75 13.7165 6.5
      vertex 20.25 9 6.5
      vertex 20.25 13.7165 6.5
    endloop
  endfacet
  facet normal 0 0 1
    outer loop
      vertex 20.25 20.75 3.5
      vertex 24.75 20.75 3.5
      vertex 24.75 32.5 3.5
    endloop
  endfacet
  facet normal 0 0 1
    outer loop
      vertex 20.25 20.75 3.5
      vertex 24.75 32.5 3.5
      vertex 20.25 32.5 3.5
    endloop
  endfacet
  facet normal 0 0 1
    outer loop
      vertex 24.75 20.75 3.5
      vertex 20.25 20.75 3.5
      vertex 24.75 9 3.5
    endloop
  endfacet
  facet normal 0 0 1
    outer loop
      vertex 24.75 9 3.5
      vertex 20.25 20.75 3.5
      vertex 20.25 9 3.5
    endloop
  endfacet
  facet normal 1 0 0
    outer loop
      vertex 20.25 9 3.5
      vertex 20.25 13.7165 6.5
      vertex 20.25 9 6.5
    endloop
  endfacet
  facet normal 1 0 0
    outer loop
      vertex 20.25 13.7165 6.5
      vertex 20.25 9 3.5
      vertex 20.25 13.9264 6.28575
    endloop
  endfacet
  facet normal 1 0 0
    outer loop
      vertex 20.25 13.9264 6.28575
      vertex 20.25 9 3.5
      vertex 20.25 14.2161 6.01322
    endloop
  endfacet
  facet normal 1 0 0
    outer loop
      vertex 20.25 14.2161 6.01322
      vertex 20.25 9 3.5
      vertex 20.25 14.5167 5.75273
    endloop
  endfacet
  facet normal 1 0 0
    outer loop
      vertex 20.25 14.5167 5.75273
      vertex 20.25 9 3.5
      vertex 20.25 14.8277 5.50473
    endloop
  endfacet
  facet normal 1 0 0
    outer loop
      vertex 20.25 14.8277 5.50473
      vertex 20.25 9 3.5
      vertex 20.25 15.1486 5.26961
    endloop
  endfacet
  facet normal 1 0 0
    outer loop
      vertex 20.25 15.1486 5.26961
      vertex 20.25 9 3.5
      vertex 20.25 15.4788 5.04778
    endloop
  endfacet
  facet normal 1 0 0
    outer loop
      vertex 20.25 15.4788 5.04778
      vertex 20.25 9 3.5
      vertex 20.25 15.8177 4.8396
    endloop
  endfacet
  facet normal 1 0 0
    outer loop
      vertex 20.25 15.8177 4.8396
      vertex 20.25 9 3.5
      vertex 20.25 16.1648 4.64541
    endloop
  endfacet
  facet normal 1 0 0
    outer loop
      vertex 20.25 16.1648 4.64541
      vertex 20.25 9 3.5
      vertex 20.25 16.5196 4.46555
    endloop
  endfacet
  facet normal 1 0 0
    outer loop
      vertex 20.25 16.5196 4.46555
      vertex 20.25 9 3.5
      vertex 20.25 16.8815 4.30031
    endloop
  endfacet
  facet normal 1 0 0
    outer loop
      vertex 20.25 16.8815 4.30031
      vertex 20.25 9 3.5
      vertex 20.25 17.2497 4.14997
    endloop
  endfacet
  facet normal 1 0 0
    outer loop
      vertex 20.25 17.2497 4.14997
      vertex 20.25 9 3.5
      vertex 20.25 17.6238 4.01477
    endloop
  endfacet
  facet normal 1 0 0
    outer loop
      vertex 20.25 20.3523 3.50811
      vertex 20.25 9 3.5
      vertex 20.25 20.75 3.5
    endloop
  endfacet
  facet normal 1 0 0
    outer loop
      vertex 20.25 19.9553 3.53244
      vertex 20.25 9 3.5
      vertex 20.25 20.3523 3.50811
    endloop
  endfacet
  facet normal 1 0 0
    outer loop
      vertex 20.25 19.5596 3.57294
      vertex 20.25 9 3.5
      vertex 20.25 19.9553 3.53244
    endloop
  endfacet
  facet normal 1 0 0
    outer loop
      vertex 20.25 19.1659 3.62955
      vertex 20.25 9 3.5
      vertex 20.25 19.5596 3.57294
    endloop
  endfacet
  facet normal 1 0 0
    outer loop
      vertex 20.25 18.7748 3.70217
      vertex 20.25 9 3.5
      vertex 20.25 19.1659 3.62955
    endloop
  endfacet
  facet normal 1 0 0
    outer loop
      vertex 20.25 18.387 3.79069
      vertex 20.25 9 3.5
      vertex 20.25 18.7748 3.70217
    endloop
  endfacet
  facet normal 1 0 0
    outer loop
      vertex 20.25 18.0031 3.89494
      vertex 20.25 9 3.5
      vertex 20.25 18.387 3.79069
    endloop
  endfacet
  facet normal 1 0 0
    outer loop
      vertex 20.25 17.6238 4.01477
      vertex 20.25 9 3.5
      vertex 20.25 18.0031 3.89494
    endloop
  endfacet
  facet normal 1 -0 0
    outer loop
      vertex 20.25 27.7835 6.5
      vertex 20.25 32.5 3.5
      vertex 20.25 32.5 6.5
    endloop
  endfacet
  facet normal 1 -0 0
    outer loop
      vertex 20.25 27.5736 6.28575
      vertex 20.25 32.5 3.5
      vertex 20.25 27.7835 6.5
    endloop
  endfacet
  facet normal 1 -0 0
    outer loop
      vertex 20.25 27.2839 6.01322
      vertex 20.25 32.5 3.5
      vertex 20.25 27.5736 6.28575
    endloop
  endfacet
  facet normal 1 -0 0
    outer loop
      vertex 20.25 26.9833 5.75273
      vertex 20.25 32.5 3.5
      vertex 20.25 27.2839 6.01322
    endloop
  endfacet
  facet normal 1 -0 0
    outer loop
      vertex 20.25 26.6723 5.50473
      vertex 20.25 32.5 3.5
      vertex 20.25 26.9833 5.75273
    endloop
  endfacet
  facet normal 1 -0 0
    outer loop
      vertex 20.25 26.3514 5.26961
      vertex 20.25 32.5 3.5
      vertex 20.25 26.6723 5.50473
    endloop
  endfacet
  facet normal 1 -0 0
    outer loop
      vertex 20.25 26.0212 5.04778
      vertex 20.25 32.5 3.5
      vertex 20.25 26.3514 5.26961
    endloop
  endfacet
  facet normal 1 -0 0
    outer loop
      vertex 20.25 25.6823 4.8396
      vertex 20.25 32.5 3.5
      vertex 20.25 26.0212 5.04778
    endloop
  endfacet
  facet normal 1 -0 0
    outer loop
      vertex 20.25 25.3352 4.64541
      vertex 20.25 32.5 3.5
      vertex 20.25 25.6823 4.8396
    endloop
  endfacet
  facet normal 1 -0 0
    outer loop
      vertex 20.25 24.9804 4.46555
      vertex 20.25 32.5 3.5
      vertex 20.25 25.3352 4.64541
    endloop
  endfacet
  facet normal 1 -0 0
    outer loop
      vertex 20.25 24.6185 4.30031
      vertex 20.25 32.5 3.5
      vertex 20.25 24.9804 4.46555
    endloop
  endfacet
  facet normal 1 -0 0
    outer loop
      vertex 20.25 24.2503 4.14997
      vertex 20.25 32.5 3.5
      vertex 20.25 24.6185 4.30031
    endloop
  endfacet
  facet normal 1 -0 0
    outer loop
      vertex 20.25 23.8762 4.01477
      vertex 20.25 32.5 3.5
      vertex 20.25 24.2503 4.14997
    endloop
  endfacet
  facet normal 1 -0 0
    outer loop
      vertex 20.25 23.4969 3.89494
      vertex 20.25 32.5 3.5
      vertex 20.25 23.8762 4.01477
    endloop
  endfacet
  facet normal 1 -0 0
    outer loop
      vertex 20.25 23.113 3.79069
      vertex 20.25 32.5 3.5
      vertex 20.25 23.4969 3.89494
    endloop
  endfacet
  facet normal 1 -0 0
    outer loop
      vertex 20.25 22.7252 3.70217
      vertex 20.25 32.5 3.5
      vertex 20.25 23.113 3.79069
    endloop
  endfacet
  facet normal 1 -0 0
    outer loop
      vertex 20.25 22.3341 3.62955
      vertex 20.25 32.5 3.5
      vertex 20.25 22.7252 3.70217
    endloop
  endfacet
  facet normal 1 -0 0
    outer loop
      vertex 20.25 21.9404 3.57294
      vertex 20.25 32.5 3.5
      vertex 20.25 22.3341 3.62955
    endloop
  endfacet
  facet normal 1 -0 0
    outer loop
      vertex 20.25 21.5447 3.53244
      vertex 20.25 32.5 3.5
      vertex 20.25 21.9404 3.57294
    endloop
  endfacet
  facet normal 1 -0 0
    outer loop
      vertex 20.25 21.1477 3.50811
      vertex 20.25 32.5 3.5
      vertex 20.25 21.5447 3.53244
    endloop
  endfacet
  facet normal 1 0 0
    outer loop
      vertex 20.25 32.5 3.5
      vertex 20.25 21.1477 3.50811
      vertex 20.25 20.75 3.5
    endloop
  endfacet
  facet normal -1 0 0
    outer loop
      vertex 59.75 9 3.5
      vertex 59.75 20.3523 3.50811
      vertex 59.75 20.75 3.5
    endloop
  endfacet
  facet normal -1 0 0
    outer loop
      vertex 59.75 9 3.5
      vertex 59.75 19.9553 3.53244
      vertex 59.75 20.3523 3.50811
    endloop
  endfacet
  facet normal -1 0 0
    outer loop
      vertex 59.75 9 3.5
      vertex 59.75 19.5596 3.57294
      vertex 59.75 19.9553 3.53244
    endloop
  endfacet
  facet normal -1 0 0
    outer loop
      vertex 59.75 9 3.5
      vertex 59.75 19.1659 3.62955
      vertex 59.75 19.5596 3.57294
    endloop
  endfacet
  facet normal -1 0 0
    outer loop
      vertex 59.75 9 3.5
      vertex 59.75 18.7748 3.70217
      vertex 59.75 19.1659 3.62955
    endloop
  endfacet
  facet normal -1 0 0
    outer loop
      vertex 59.75 9 3.5
      vertex 59.75 18.387 3.79069
      vertex 59.75 18.7748 3.70217
    endloop
  endfacet
  facet normal -1 0 0
    outer loop
      vertex 59.75 9 3.5
      vertex 59.75 18.0031 3.89494
      vertex 59.75 18.387 3.79069
    endloop
  endfacet
  facet normal -1 0 0
    outer loop
      vertex 59.75 9 3.5
      vertex 59.75 17.6238 4.01477
      vertex 59.75 18.0031 3.89494
    endloop
  endfacet
  facet normal -1 0 0
    outer loop
      vertex 59.75 9 3.5
      vertex 59.75 17.2497 4.14997
      vertex 59.75 17.6238 4.01477
    endloop
  endfacet
  facet normal -1 0 0
    outer loop
      vertex 59.75 9 3.5
      vertex 59.75 16.8815 4.30031
      vertex 59.75 17.2497 4.14997
    endloop
  endfacet
  facet normal -1 0 0
    outer loop
      vertex 59.75 9 3.5
      vertex 59.75 16.5196 4.46555
      vertex 59.75 16.8815 4.30031
    endloop
  endfacet
  facet normal -1 0 0
    outer loop
      vertex 59.75 9 3.5
      vertex 59.75 16.1648 4.64541
      vertex 59.75 16.5196 4.46555
    endloop
  endfacet
  facet normal -1 0 0
    outer loop
      vertex 59.75 9 3.5
      vertex 59.75 15.8177 4.8396
      vertex 59.75 16.1648 4.64541
    endloop
  endfacet
  facet normal -1 0 0
    outer loop
      vertex 59.75 9 3.5
      vertex 59.75 15.4788 5.04778
      vertex 59.75 15.8177 4.8396
    endloop
  endfacet
  facet normal -1 0 0
    outer loop
      vertex 59.75 9 3.5
      vertex 59.75 15.1486 5.26961
      vertex 59.75 15.4788 5.04778
    endloop
  endfacet
  facet normal -1 0 0
    outer loop
      vertex 59.75 9 3.5
      vertex 59.75 14.8277 5.50473
      vertex 59.75 15.1486 5.26961
    endloop
  endfacet
  facet normal -1 0 0
    outer loop
      vertex 59.75 9 3.5
      vertex 59.75 14.5167 5.75273
      vertex 59.75 14.8277 5.50473
    endloop
  endfacet
  facet normal -1 0 0
    outer loop
      vertex 59.75 9 3.5
      vertex 59.75 14.2161 6.01322
      vertex 59.75 14.5167 5.75273
    endloop
  endfacet
  facet normal -1 0 0
    outer loop
      vertex 59.75 9 3.5
      vertex 59.75 13.9264 6.28575
      vertex 59.75 14.2161 6.01322
    endloop
  endfacet
  facet normal -1 0 0
    outer loop
      vertex 59.75 9 3.5
      vertex 59.75 13.7165 6.5
      vertex 59.75 13.9264 6.28575
    endloop
  endfacet
  facet normal -1 -0 0
    outer loop
      vertex 59.75 13.7165 6.5
      vertex 59.75 9 3.5
      vertex 59.75 9 6.5
    endloop
  endfacet
  facet normal -1 0 0
    outer loop
      vertex 59.75 32.5 3.5
      vertex 59.75 27.7835 6.5
      vertex 59.75 32.5 6.5
    endloop
  endfacet
  facet normal -1 0 0
    outer loop
      vertex 59.75 32.5 3.5
      vertex 59.75 27.5736 6.28575
      vertex 59.75 27.7835 6.5
    endloop
  endfacet
  facet normal -1 0 0
    outer loop
      vertex 59.75 32.5 3.5
      vertex 59.75 27.2839 6.01322
      vertex 59.75 27.5736 6.28575
    endloop
  endfacet
  facet normal -1 0 0
    outer loop
      vertex 59.75 32.5 3.5
      vertex 59.75 26.9833 5.75273
      vertex 59.75 27.2839 6.01322
    endloop
  endfacet
  facet normal -1 0 0
    outer loop
      vertex 59.75 32.5 3.5
      vertex 59.75 26.6723 5.50473
      vertex 59.75 26.9833 5.75273
    endloop
  endfacet
  facet normal -1 0 0
    outer loop
      vertex 59.75 32.5 3.5
      vertex 59.75 26.3514 5.26961
      vertex 59.75 26.6723 5.50473
    endloop
  endfacet
  facet normal -1 0 0
    outer loop
      vertex 59.75 32.5 3.5
      vertex 59.75 26.0212 5.04778
      vertex 59.75 26.3514 5.26961
    endloop
  endfacet
  facet normal -1 0 0
    outer loop
      vertex 59.75 32.5 3.5
      vertex 59.75 25.6823 4.8396
      vertex 59.75 26.0212 5.04778
    endloop
  endfacet
  facet normal -1 0 0
    outer loop
      vertex 59.75 32.5 3.5
      vertex 59.75 25.3352 4.64541
      vertex 59.75 25.6823 4.8396
    endloop
  endfacet
  facet normal -1 0 0
    outer loop
      vertex 59.75 32.5 3.5
      vertex 59.75 24.9804 4.46555
      vertex 59.75 25.3352 4.64541
    endloop
  endfacet
  facet normal -1 0 0
    outer loop
      vertex 59.75 32.5 3.5
      vertex 59.75 24.6185 4.30031
      vertex 59.75 24.9804 4.46555
    endloop
  endfacet
  facet normal -1 0 0
    outer loop
      vertex 59.75 32.5 3.5
      vertex 59.75 24.2503 4.14997
      vertex 59.75 24.6185 4.30031
    endloop
  endfacet
  facet normal -1 0 0
    outer loop
      vertex 59.75 32.5 3.5
      vertex 59.75 23.8762 4.01477
      vertex 59.75 24.2503 4.14997
    endloop
  endfacet
  facet normal -1 0 0
    outer loop
      vertex 59.75 32.5 3.5
      vertex 59.75 23.4969 3.89494
      vertex 59.75 23.8762 4.01477
    endloop
  endfacet
  facet normal -1 0 0
    outer loop
      vertex 59.75 32.5 3.5
      vertex 59.75 23.113 3.79069
      vertex 59.75 23.4969 3.89494
    endloop
  endfacet
  facet normal -1 0 0
    outer loop
      vertex 59.75 32.5 3.5
      vertex 59.75 22.7252 3.70217
      vertex 59.75 23.113 3.79069
    endloop
  endfacet
  facet normal -1 0 0
    outer loop
      vertex 59.75 32.5 3.5
      vertex 59.75 22.3341 3.62955
      vertex 59.75 22.7252 3.70217
    endloop
  endfacet
  facet normal -1 0 0
    outer loop
      vertex 59.75 32.5 3.5
      vertex 59.75 21.9404 3.57294
      vertex 59.75 22.3341 3.62955
    endloop
  endfacet
  facet normal -1 0 0
    outer loop
      vertex 59.75 32.5 3.5
      vertex 59.75 21.5447 3.53244
      vertex 59.75 21.9404 3.57294
    endloop
  endfacet
  facet normal -1 0 0
    outer loop
      vertex 59.75 32.5 3.5
      vertex 59.75 21.1477 3.50811
      vertex 59.75 21.5447 3.53244
    endloop
  endfacet
  facet normal -1 0 -0
    outer loop
      vertex 59.75 21.1477 3.50811
      vertex 59.75 32.5 3.5
      vertex 59.75 20.75 3.5
    endloop
  endfacet
  facet normal 0 0 -1
    outer loop
      vertex 55.25 27.7835 6.5
      vertex 59.75 32.5 6.5
      vertex 59.75 27.7835 6.5
    endloop
  endfacet
  facet normal -0 0 -1
    outer loop
      vertex 59.75 32.5 6.5
      vertex 55.25 27.7835 6.5
      vertex 55.25 32.5 6.5
    endloop
  endfacet
  facet normal 0 0 -1
    outer loop
      vertex 55.25 9 6.5
      vertex 59.75 13.7165 6.5
      vertex 59.75 9 6.5
    endloop
  endfacet
  facet normal -0 0 -1
    outer loop
      vertex 59.75 13.7165 6.5
      vertex 55.25 9 6.5
      vertex 55.25 13.7165 6.5
    endloop
  endfacet
  facet normal 0 0 1
    outer loop
      vertex 55.25 20.75 3.5
      vertex 59.75 20.75 3.5
      vertex 59.75 32.5 3.5
    endloop
  endfacet
  facet normal 0 0 1
    outer loop
      vertex 55.25 20.75 3.5
      vertex 59.75 32.5 3.5
      vertex 55.25 32.5 3.5
    endloop
  endfacet
  facet normal 0 0 1
    outer loop
      vertex 59.75 20.75 3.5
      vertex 55.25 20.75 3.5
      vertex 59.75 9 3.5
    endloop
  endfacet
  facet normal 0 0 1
    outer loop
      vertex 59.75 9 3.5
      vertex 55.25 20.75 3.5
      vertex 55.25 9 3.5
    endloop
  endfacet
  facet normal 1 0 0
    outer loop
      vertex 55.25 9 3.5
      vertex 55.25 13.7165 6.5
      vertex 55.25 9 6.5
    endloop
  endfacet
  facet normal 1 0 0
    outer loop
      vertex 55.25 13.7165 6.5
      vertex 55.25 9 3.5
      vertex 55.25 13.9264 6.28575
    endloop
  endfacet
  facet normal 1 0 0
    outer loop
      vertex 55.25 13.9264 6.28575
      vertex 55.25 9 3.5
      vertex 55.25 14.2161 6.01322
    endloop
  endfacet
  facet normal 1 0 0
    outer loop
      vertex 55.25 14.2161 6.01322
      vertex 55.25 9 3.5
      vertex 55.25 14.5167 5.75273
    endloop
  endfacet
  facet normal 1 0 0
    outer loop
      vertex 55.25 14.5167 5.75273
      vertex 55.25 9 3.5
      vertex 55.25 14.8277 5.50473
    endloop
  endfacet
  facet normal 1 0 0
    outer loop
      vertex 55.25 14.8277 5.50473
      vertex 55.25 9 3.5
      vertex 55.25 15.1486 5.26961
    endloop
  endfacet
  facet normal 1 0 0
    outer loop
      vertex 55.25 15.1486 5.26961
      vertex 55.25 9 3.5
      vertex 55.25 15.4788 5.04778
    endloop
  endfacet
  facet normal 1 0 0
    outer loop
      vertex 55.25 15.4788 5.04778
      vertex 55.25 9 3.5
      vertex 55.25 15.8177 4.8396
    endloop
  endfacet
  facet normal 1 0 0
    outer loop
      vertex 55.25 15.8177 4.8396
      vertex 55.25 9 3.5
      vertex 55.25 16.1648 4.64541
    endloop
  endfacet
  facet normal 1 0 0
    outer loop
      vertex 55.25 16.1648 4.64541
      vertex 55.25 9 3.5
      vertex 55.25 16.5196 4.46555
    endloop
  endfacet
  facet normal 1 0 0
    outer loop
      vertex 55.25 16.5196 4.46555
      vertex 55.25 9 3.5
      vertex 55.25 16.8815 4.30031
    endloop
  endfacet
  facet normal 1 0 0
    outer loop
      vertex 55.25 16.8815 4.30031
      vertex 55.25 9 3.5
      vertex 55.25 17.2497 4.14997
    endloop
  endfacet
  facet normal 1 0 0
    outer loop
      vertex 55.25 17.2497 4.14997
      vertex 55.25 9 3.5
      vertex 55.25 17.6238 4.01477
    endloop
  endfacet
  facet normal 1 0 0
    outer loop
      vertex 55.25 20.3523 3.50811
      vertex 55.25 9 3.5
      vertex 55.25 20.75 3.5
    endloop
  endfacet
  facet normal 1 0 0
    outer loop
      vertex 55.25 19.9553 3.53244
      vertex 55.25 9 3.5
      vertex 55.25 20.3523 3.50811
    endloop
  endfacet
  facet normal 1 0 0
    outer loop
      vertex 55.25 19.5596 3.57294
      vertex 55.25 9 3.5
      vertex 55.25 19.9553 3.53244
    endloop
  endfacet
  facet normal 1 0 0
    outer loop
      vertex 55.25 19.1659 3.62955
      vertex 55.25 9 3.5
      vertex 55.25 19.5596 3.57294
    endloop
  endfacet
  facet normal 1 0 0
    outer loop
      vertex 55.25 18.7748 3.70217
      vertex 55.25 9 3.5
      vertex 55.25 19.1659 3.62955
    endloop
  endfacet
  facet normal 1 0 0
    outer loop
      vertex 55.25 18.387 3.79069
      vertex 55.25 9 3.5
      vertex 55.25 18.7748 3.70217
    endloop
  endfacet
  facet normal 1 0 0
    outer loop
      vertex 55.25 18.0031 3.89494
      vertex 55.25 9 3.5
      vertex 55.25 18.387 3.79069
    endloop
  endfacet
  facet normal 1 0 0
    outer loop
      vertex 55.25 17.6238 4.01477
      vertex 55.25 9 3.5
      vertex 55.25 18.0031 3.89494
    endloop
  endfacet
  facet normal 1 -0 0
    outer loop
      vertex 55.25 27.7835 6.5
      vertex 55.25 32.5 3.5
      vertex 55.25 32.5 6.5
    endloop
  endfacet
  facet normal 1 -0 0
    outer loop
      vertex 55.25 27.5736 6.28575
      vertex 55.25 32.5 3.5
      vertex 55.25 27.7835 6.5
    endloop
  endfacet
  facet normal 1 -0 0
    outer loop
      vertex 55.25 27.2839 6.01322
      vertex 55.25 32.5 3.5
      vertex 55.25 27.5736 6.28575
    endloop
  endfacet
  facet normal 1 -0 0
    outer loop
      vertex 55.25 26.9833 5.75273
      vertex 55.25 32.5 3.5
      vertex 55.25 27.2839 6.01322
    endloop
  endfacet
  facet normal 1 -0 0
    outer loop
      vertex 55.25 26.6723 5.50473
      vertex 55.25 32.5 3.5
      vertex 55.25 26.9833 5.75273
    endloop
  endfacet
  facet normal 1 -0 0
    outer loop
      vertex 55.25 26.3514 5.26961
      vertex 55.25 32.5 3.5
      vertex 55.25 26.6723 5.50473
    endloop
  endfacet
  facet normal 1 -0 0
    outer loop
      vertex 55.25 26.0212 5.04778
      vertex 55.25 32.5 3.5
      vertex 55.25 26.3514 5.26961
    endloop
  endfacet
  facet normal 1 -0 0
    outer loop
      vertex 55.25 25.6823 4.8396
      vertex 55.25 32.5 3.5
      vertex 55.25 26.0212 5.04778
    endloop
  endfacet
  facet normal 1 -0 0
    outer loop
      vertex 55.25 25.3352 4.64541
      vertex 55.25 32.5 3.5
      vertex 55.25 25.6823 4.8396
    endloop
  endfacet
  facet normal 1 -0 0
    outer loop
      vertex 55.25 24.9804 4.46555
      vertex 55.25 32.5 3.5
      vertex 55.25 25.3352 4.64541
    endloop
  endfacet
  facet normal 1 -0 0
    outer loop
      vertex 55.25 24.6185 4.30031
      vertex 55.25 32.5 3.5
      vertex 55.25 24.9804 4.46555
    endloop
  endfacet
  facet normal 1 -0 0
    outer loop
      vertex 55.25 24.2503 4.14997
      vertex 55.25 32.5 3.5
      vertex 55.25 24.6185 4.30031
    endloop
  endfacet
  facet normal 1 -0 0
    outer loop
      vertex 55.25 23.8762 4.01477
      vertex 55.25 32.5 3.5
      vertex 55.25 24.2503 4.14997
    endloop
  endfacet
  facet normal 1 -0 0
    outer loop
      vertex 55.25 23.4969 3.89494
      vertex 55.25 32.5 3.5
      vertex 55.25 23.8762 4.01477
    endloop
  endfacet
  facet normal 1 -0 0
    outer loop
      vertex 55.25 23.113 3.79069
      vertex 55.25 32.5 3.5
      vertex 55.25 23.4969 3.89494
    endloop
  endfacet
  facet normal 1 -0 0
    outer loop
      vertex 55.25 22.7252 3.70217
      vertex 55.25 32.5 3.5
      vertex 55.25 23.113 3.79069
    endloop
  endfacet
  facet normal 1 -0 0
    outer loop
      vertex 55.25 22.3341 3.62955
      vertex 55.25 32.5 3.5
      vertex 55.25 22.7252 3.70217
    endloop
  endfacet
  facet normal 1 -0 0
    outer loop
      vertex 55.25 21.9404 3.57294
      vertex 55.25 32.5 3.5
      vertex 55.25 22.3341 3.62955
    endloop
  endfacet
  facet normal 1 -0 0
    outer loop
      vertex 55.25 21.5447 3.53244
      vertex 55.25 32.5 3.5
      vertex 55.25 21.9404 3.57294
    endloop
  endfacet
  facet normal 1 -0 0
    outer loop
      vertex 55.25 21.1477 3.50811
      vertex 55.25 32.5 3.5
      vertex 55.25 21.5447 3.53244
    endloop
  endfacet
  facet normal 1 0 0
    outer loop
      vertex 55.25 32.5 3.5
      vertex 55.25 21.1477 3.50811
      vertex 55.25 20.75 3.5
    endloop
  endfacet
  facet normal 0 0 -1
    outer loop
      vertex 0 42.3 14.1
      vertex 3 54.3 14.1
      vertex 3 42.3 14.1
    endloop
  endfacet
  facet normal -0 0 -1
    outer loop
      vertex 3 54.3 14.1
      vertex 0 42.3 14.1
      vertex 0 54.3 14.1
    endloop
  endfacet
  facet normal -0 0 1
    outer loop
      vertex 0 54.3 8.1
      vertex 3 42.3 8.1
      vertex 3 54.3 8.1
    endloop
  endfacet
  facet normal 0 0 1
    outer loop
      vertex 3 42.3 8.1
      vertex 0 54.3 8.1
      vertex 0 42.3 8.1
    endloop
  endfacet
  facet normal 0 -1 0
    outer loop
      vertex 0 54.3 8.1
      vertex 3 54.3 14.1
      vertex 0 54.3 14.1
    endloop
  endfacet
  facet normal 0 -1 -0
    outer loop
      vertex 3 54.3 14.1
      vertex 0 54.3 8.1
      vertex 3 54.3 8.1
    endloop
  endfacet
  facet normal 0 1 -0
    outer loop
      vertex 3 42.3 8.1
      vertex 0 42.3 14.1
      vertex 3 42.3 14.1
    endloop
  endfacet
  facet normal 0 1 0
    outer loop
      vertex 0 42.3 14.1
      vertex 3 42.3 8.1
      vertex 0 42.3 8.1
    endloop
  endfacet
  facet normal 0 -0.855063 -0.518525
    outer loop
      vertex 77 51.0485 17.5339
      vertex 80 50.8425 17.8736
      vertex 77 50.8425 17.8736
    endloop
  endfacet
  facet normal 0 -0.855063 -0.518525
    outer loop
      vertex 80 50.8425 17.8736
      vertex 77 51.0485 17.5339
      vertex 80 51.0485 17.5339
    endloop
  endfacet
  facet normal 0 0.938463 0.345379
    outer loop
      vertex 80 45.4653 14.8452
      vertex 77 45.3281 15.218
      vertex 80 45.3281 15.218
    endloop
  endfacet
  facet normal 0 0.938463 0.345379
    outer loop
      vertex 77 45.3281 15.218
      vertex 80 45.4653 14.8452
      vertex 77 45.4653 14.8452
    endloop
  endfacet
  facet normal 0 -0.938463 0.345379
    outer loop
      vertex 77 51.1347 14.8452
      vertex 80 51.2719 15.218
      vertex 77 51.2719 15.218
    endloop
  endfacet
  facet normal 0 -0.938463 0.345379
    outer loop
      vertex 80 51.2719 15.218
      vertex 77 51.1347 14.8452
      vertex 80 51.1347 14.8452
    endloop
  endfacet
  facet normal 0 0.855063 -0.518525
    outer loop
      vertex 80 45.5515 17.5339
      vertex 77 45.7575 17.8736
      vertex 80 45.7575 17.8736
    endloop
  endfacet
  facet normal 0 0.855063 -0.518525
    outer loop
      vertex 77 45.7575 17.8736
      vertex 80 45.5515 17.5339
      vertex 77 45.5515 17.5339
    endloop
  endfacet
  facet normal 0 -0.974915 0.222579
    outer loop
      vertex 77 51.2719 15.218
      vertex 80 51.3603 15.6052
      vertex 77 51.3603 15.6052
    endloop
  endfacet
  facet normal 0 -0.974915 0.222579
    outer loop
      vertex 80 51.3603 15.6052
      vertex 77 51.2719 15.218
      vertex 80 51.2719 15.218
    endloop
  endfacet
  facet normal 0 0.88654 0.462652
    outer loop
      vertex 80 45.6491 14.493
      vertex 77 45.4653 14.8452
      vertex 80 45.4653 14.8452
    endloop
  endfacet
  facet normal 0 0.88654 0.462652
    outer loop
      vertex 77 45.4653 14.8452
      vertex 80 45.6491 14.493
      vertex 77 45.6491 14.493
    endloop
  endfacet
  facet normal 0 0.127875 -0.99179
    outer loop
      vertex 77 47.7074 19.1428
      vertex 80 48.1014 19.1936
      vertex 80 47.7074 19.1428
    endloop
  endfacet
  facet normal 0 0.127875 -0.99179
    outer loop
      vertex 80 48.1014 19.1936
      vertex 77 47.7074 19.1428
      vertex 77 48.1014 19.1936
    endloop
  endfacet
  facet normal 0 -0.0641963 0.997937
    outer loop
      vertex 77 48.6964 13.0255
      vertex 80 48.3 13
      vertex 80 48.6964 13.0255
    endloop
  endfacet
  facet normal 0 -0.0641963 0.997937
    outer loop
      vertex 80 48.3 13
      vertex 77 48.6964 13.0255
      vertex 77 48.3 13
    endloop
  endfacet
  facet normal -0 0.0641963 0.997937
    outer loop
      vertex 77 48.3 13
      vertex 80 47.9036 13.0255
      vertex 80 48.3 13
    endloop
  endfacet
  facet normal 0 0.0641963 0.997937
    outer loop
      vertex 80 47.9036 13.0255
      vertex 77 48.3 13
      vertex 77 47.9036 13.0255
    endloop
  endfacet
  facet normal 0 -0.545546 0.838081
    outer loop
      vertex 77 50.1541 13.6156
      vertex 80 49.8212 13.3989
      vertex 80 50.1541 13.6156
    endloop
  endfacet
  facet normal 0 -0.545546 0.838081
    outer loop
      vertex 80 49.8212 13.3989
      vertex 77 50.1541 13.6156
      vertex 77 49.8212 13.3989
    endloop
  endfacet
  facet normal -0 0.191079 0.981575
    outer loop
      vertex 77 47.9036 13.0255
      vertex 80 47.5137 13.1014
      vertex 80 47.9036 13.0255
    endloop
  endfacet
  facet normal 0 0.191079 0.981575
    outer loop
      vertex 80 47.5137 13.1014
      vertex 77 47.9036 13.0255
      vertex 77 47.5137 13.1014
    endloop
  endfacet
  facet normal 0 -0.43377 0.901024
    outer loop
      vertex 77 49.8212 13.3989
      vertex 80 49.4633 13.2266
      vertex 80 49.8212 13.3989
    endloop
  endfacet
  facet normal 0 -0.43377 0.901024
    outer loop
      vertex 80 49.4633 13.2266
      vertex 77 49.8212 13.3989
      vertex 77 49.4633 13.2266
    endloop
  endfacet
  facet normal 0 -0.191079 0.981575
    outer loop
      vertex 77 49.0863 13.1014
      vertex 80 48.6964 13.0255
      vertex 80 49.0863 13.1014
    endloop
  endfacet
  facet normal 0 -0.191079 0.981575
    outer loop
      vertex 80 48.6964 13.0255
      vertex 77 49.0863 13.1014
      vertex 77 48.6964 13.0255
    endloop
  endfacet
  facet normal 0 0.820248 0.572008
    outer loop
      vertex 80 45.8763 14.1672
      vertex 77 45.6491 14.493
      vertex 80 45.6491 14.493
    endloop
  endfacet
  facet normal 0 0.820248 0.572008
    outer loop
      vertex 77 45.6491 14.493
      vertex 80 45.8763 14.1672
      vertex 77 45.8763 14.1672
    endloop
  endfacet
  facet normal 0 -0.69569 -0.718342
    outer loop
      vertex 77 50.3095 18.4605
      vertex 80 50.5949 18.1841
      vertex 80 50.3095 18.4605
    endloop
  endfacet
  facet normal -0 -0.69569 -0.718342
    outer loop
      vertex 80 50.5949 18.1841
      vertex 77 50.3095 18.4605
      vertex 77 50.5949 18.1841
    endloop
  endfacet
  facet normal 0 -0.99539 0.0959139
    outer loop
      vertex 77 51.3603 15.6052
      vertex 80 51.3984 16.0006
      vertex 77 51.3984 16.0006
    endloop
  endfacet
  facet normal 0 -0.99539 0.0959139
    outer loop
      vertex 80 51.3984 16.0006
      vertex 77 51.3603 15.6052
      vertex 80 51.3603 15.6052
    endloop
  endfacet
  facet normal 0 0.78185 -0.623466
    outer loop
      vertex 80 45.7575 17.8736
      vertex 77 46.0051 18.1841
      vertex 80 46.0051 18.1841
    endloop
  endfacet
  facet normal 0 0.78185 -0.623466
    outer loop
      vertex 77 46.0051 18.1841
      vertex 80 45.7575 17.8736
      vertex 77 45.7575 17.8736
    endloop
  endfacet
  facet normal 0 -0.914433 -0.404737
    outer loop
      vertex 77 51.2093 17.1706
      vertex 80 51.0485 17.5339
      vertex 77 51.0485 17.5339
    endloop
  endfacet
  facet normal 0 -0.914433 -0.404737
    outer loop
      vertex 80 51.0485 17.5339
      vertex 77 51.2093 17.1706
      vertex 80 51.2093 17.1706
    endloop
  endfacet
  facet normal -0 0.43377 0.901024
    outer loop
      vertex 77 47.1367 13.2266
      vertex 80 46.7788 13.3989
      vertex 80 47.1367 13.2266
    endloop
  endfacet
  facet normal 0 0.43377 0.901024
    outer loop
      vertex 80 46.7788 13.3989
      vertex 77 47.1367 13.2266
      vertex 77 46.7788 13.3989
    endloop
  endfacet
  facet normal -0 0.648196 0.761473
    outer loop
      vertex 77 46.4459 13.6156
      vertex 80 46.1434 13.8731
      vertex 80 46.4459 13.6156
    endloop
  endfacet
  facet normal 0 0.648196 0.761473
    outer loop
      vertex 80 46.1434 13.8731
      vertex 77 46.4459 13.6156
      vertex 77 46.1434 13.8731
    endloop
  endfacet
  facet normal -0 0.545546 0.838081
    outer loop
      vertex 77 46.7788 13.3989
      vertex 80 46.4459 13.6156
      vertex 80 46.7788 13.3989
    endloop
  endfacet
  facet normal 0 0.545546 0.838081
    outer loop
      vertex 80 46.4459 13.6156
      vertex 77 46.7788 13.3989
      vertex 77 46.4459 13.6156
    endloop
  endfacet
  facet normal 0 0.375337 -0.926888
    outer loop
      vertex 77 46.955 18.893
      vertex 80 47.3232 19.0421
      vertex 80 46.955 18.893
    endloop
  endfacet
  facet normal 0 0.375337 -0.926888
    outer loop
      vertex 80 47.3232 19.0421
      vertex 77 46.955 18.893
      vertex 77 47.3232 19.0421
    endloop
  endfacet
  facet normal 0 0.914433 -0.404737
    outer loop
      vertex 80 45.3907 17.1706
      vertex 77 45.5515 17.5339
      vertex 80 45.5515 17.5339
    endloop
  endfacet
  facet normal 0 0.914433 -0.404737
    outer loop
      vertex 77 45.5515 17.5339
      vertex 80 45.3907 17.1706
      vertex 77 45.3907 17.1706
    endloop
  endfacet
  facet normal 0 0.598186 -0.801357
    outer loop
      vertex 77 46.2905 18.4605
      vertex 80 46.6088 18.6981
      vertex 80 46.2905 18.4605
    endloop
  endfacet
  facet normal 0 0.598186 -0.801357
    outer loop
      vertex 80 46.6088 18.6981
      vertex 77 46.2905 18.4605
      vertex 77 46.6088 18.6981
    endloop
  endfacet
  facet normal 0 -0.74027 0.672309
    outer loop
      vertex 77 50.4566 13.8731
      vertex 80 50.7237 14.1672
      vertex 77 50.7237 14.1672
    endloop
  endfacet
  facet normal 0 -0.74027 0.672309
    outer loop
      vertex 80 50.7237 14.1672
      vertex 77 50.4566 13.8731
      vertex 80 50.4566 13.8731
    endloop
  endfacet
  facet normal 0 -0.88654 0.462652
    outer loop
      vertex 77 50.9509 14.493
      vertex 80 51.1347 14.8452
      vertex 77 51.1347 14.8452
    endloop
  endfacet
  facet normal 0 -0.88654 0.462652
    outer loop
      vertex 80 51.1347 14.8452
      vertex 77 50.9509 14.493
      vertex 80 50.9509 14.493
    endloop
  endfacet
  facet normal 0 -0.958681 -0.284483
    outer loop
      vertex 77 51.3223 16.7898
      vertex 80 51.2093 17.1706
      vertex 77 51.2093 17.1706
    endloop
  endfacet
  facet normal 0 -0.958681 -0.284483
    outer loop
      vertex 80 51.2093 17.1706
      vertex 77 51.3223 16.7898
      vertex 80 51.3223 16.7898
    endloop
  endfacet
  facet normal 0 -0.78185 -0.623466
    outer loop
      vertex 77 50.8425 17.8736
      vertex 80 50.5949 18.1841
      vertex 77 50.5949 18.1841
    endloop
  endfacet
  facet normal 0 -0.78185 -0.623466
    outer loop
      vertex 80 50.5949 18.1841
      vertex 77 50.8425 17.8736
      vertex 80 50.8425 17.8736
    endloop
  endfacet
  facet normal 0 0.974915 0.222579
    outer loop
      vertex 80 45.3281 15.218
      vertex 77 45.2397 15.6052
      vertex 80 45.2397 15.6052
    endloop
  endfacet
  facet normal 0 0.974915 0.222579
    outer loop
      vertex 77 45.2397 15.6052
      vertex 80 45.3281 15.218
      vertex 77 45.3281 15.218
    endloop
  endfacet
  facet normal 0 -0.987178 -0.15962
    outer loop
      vertex 77 51.3857 16.3977
      vertex 80 51.3223 16.7898
      vertex 77 51.3223 16.7898
    endloop
  endfacet
  facet normal 0 -0.987178 -0.15962
    outer loop
      vertex 80 51.3223 16.7898
      vertex 77 51.3857 16.3977
      vertex 80 51.3857 16.3977
    endloop
  endfacet
  facet normal 0 -0.820248 0.572008
    outer loop
      vertex 77 50.7237 14.1672
      vertex 80 50.9509 14.493
      vertex 77 50.9509 14.493
    endloop
  endfacet
  facet normal 0 -0.820248 0.572008
    outer loop
      vertex 80 50.9509 14.493
      vertex 77 50.7237 14.1672
      vertex 80 50.7237 14.1672
    endloop
  endfacet
  facet normal 0 0.490572 -0.871401
    outer loop
      vertex 77 46.6088 18.6981
      vertex 80 46.955 18.893
      vertex 80 46.6088 18.6981
    endloop
  endfacet
  facet normal 0 0.490572 -0.871401
    outer loop
      vertex 80 46.955 18.893
      vertex 77 46.6088 18.6981
      vertex 77 46.955 18.893
    endloop
  endfacet
  facet normal 0 -0.253539 -0.967325
    outer loop
      vertex 77 48.8926 19.1428
      vertex 80 49.2768 19.0421
      vertex 80 48.8926 19.1428
    endloop
  endfacet
  facet normal -0 -0.253539 -0.967325
    outer loop
      vertex 80 49.2768 19.0421
      vertex 77 48.8926 19.1428
      vertex 77 49.2768 19.0421
    endloop
  endfacet
  facet normal 0 0.987178 -0.15962
    outer loop
      vertex 80 45.2143 16.3977
      vertex 77 45.2777 16.7898
      vertex 80 45.2777 16.7898
    endloop
  endfacet
  facet normal 0 0.987178 -0.15962
    outer loop
      vertex 77 45.2777 16.7898
      vertex 80 45.2143 16.3977
      vertex 77 45.2143 16.3977
    endloop
  endfacet
  facet normal 0 -0.999489 -0.0319655
    outer loop
      vertex 77 51.3984 16.0006
      vertex 80 51.3857 16.3977
      vertex 77 51.3857 16.3977
    endloop
  endfacet
  facet normal 0 -0.999489 -0.0319655
    outer loop
      vertex 80 51.3857 16.3977
      vertex 77 51.3984 16.0006
      vertex 80 51.3984 16.0006
    endloop
  endfacet
  facet normal 0 0 -1
    outer loop
      vertex 77 48.1014 19.1936
      vertex 80 48.4986 19.1936
      vertex 80 48.1014 19.1936
    endloop
  endfacet
  facet normal -0 0 -1
    outer loop
      vertex 80 48.4986 19.1936
      vertex 77 48.1014 19.1936
      vertex 77 48.4986 19.1936
    endloop
  endfacet
  facet normal 0 0.958681 -0.284483
    outer loop
      vertex 80 45.2777 16.7898
      vertex 77 45.3907 17.1706
      vertex 80 45.3907 17.1706
    endloop
  endfacet
  facet normal 0 0.958681 -0.284483
    outer loop
      vertex 77 45.3907 17.1706
      vertex 80 45.2777 16.7898
      vertex 77 45.2777 16.7898
    endloop
  endfacet
  facet normal 0 0.253539 -0.967325
    outer loop
      vertex 77 47.3232 19.0421
      vertex 80 47.7074 19.1428
      vertex 80 47.3232 19.0421
    endloop
  endfacet
  facet normal 0 0.253539 -0.967325
    outer loop
      vertex 80 47.7074 19.1428
      vertex 77 47.3232 19.0421
      vertex 77 47.7074 19.1428
    endloop
  endfacet
  facet normal 0 0.99539 0.0959139
    outer loop
      vertex 80 45.2397 15.6052
      vertex 77 45.2016 16.0006
      vertex 80 45.2016 16.0006
    endloop
  endfacet
  facet normal 0 0.99539 0.0959139
    outer loop
      vertex 77 45.2016 16.0006
      vertex 80 45.2397 15.6052
      vertex 77 45.2397 15.6052
    endloop
  endfacet
  facet normal 0 -0.127875 -0.99179
    outer loop
      vertex 77 48.4986 19.1936
      vertex 80 48.8926 19.1428
      vertex 80 48.4986 19.1936
    endloop
  endfacet
  facet normal -0 -0.127875 -0.99179
    outer loop
      vertex 80 48.8926 19.1428
      vertex 77 48.4986 19.1936
      vertex 77 48.8926 19.1428
    endloop
  endfacet
  facet normal 0 -0.648196 0.761473
    outer loop
      vertex 77 50.4566 13.8731
      vertex 80 50.1541 13.6156
      vertex 80 50.4566 13.8731
    endloop
  endfacet
  facet normal 0 -0.648196 0.761473
    outer loop
      vertex 80 50.1541 13.6156
      vertex 77 50.4566 13.8731
      vertex 77 50.1541 13.6156
    endloop
  endfacet
  facet normal 0 -0.31517 0.949035
    outer loop
      vertex 77 49.4633 13.2266
      vertex 80 49.0863 13.1014
      vertex 80 49.4633 13.2266
    endloop
  endfacet
  facet normal 0 -0.31517 0.949035
    outer loop
      vertex 80 49.0863 13.1014
      vertex 77 49.4633 13.2266
      vertex 77 49.0863 13.1014
    endloop
  endfacet
  facet normal 0 0.69569 -0.718342
    outer loop
      vertex 77 46.0051 18.1841
      vertex 80 46.2905 18.4605
      vertex 80 46.0051 18.1841
    endloop
  endfacet
  facet normal 0 0.69569 -0.718342
    outer loop
      vertex 80 46.2905 18.4605
      vertex 77 46.0051 18.1841
      vertex 77 46.2905 18.4605
    endloop
  endfacet
  facet normal 0 -0.598186 -0.801357
    outer loop
      vertex 77 49.9912 18.6981
      vertex 80 50.3095 18.4605
      vertex 80 49.9912 18.6981
    endloop
  endfacet
  facet normal -0 -0.598186 -0.801357
    outer loop
      vertex 80 50.3095 18.4605
      vertex 77 49.9912 18.6981
      vertex 77 50.3095 18.4605
    endloop
  endfacet
  facet normal 0 -0.490572 -0.871401
    outer loop
      vertex 77 49.645 18.893
      vertex 80 49.9912 18.6981
      vertex 80 49.645 18.893
    endloop
  endfacet
  facet normal -0 -0.490572 -0.871401
    outer loop
      vertex 80 49.9912 18.6981
      vertex 77 49.645 18.893
      vertex 77 49.9912 18.6981
    endloop
  endfacet
  facet normal -0 0.31517 0.949035
    outer loop
      vertex 77 47.5137 13.1014
      vertex 80 47.1367 13.2266
      vertex 80 47.5137 13.1014
    endloop
  endfacet
  facet normal 0 0.31517 0.949035
    outer loop
      vertex 80 47.1367 13.2266
      vertex 77 47.5137 13.1014
      vertex 77 47.1367 13.2266
    endloop
  endfacet
  facet normal 0 -0.375337 -0.926888
    outer loop
      vertex 77 49.2768 19.0421
      vertex 80 49.645 18.893
      vertex 80 49.2768 19.0421
    endloop
  endfacet
  facet normal -0 -0.375337 -0.926888
    outer loop
      vertex 80 49.645 18.893
      vertex 77 49.2768 19.0421
      vertex 77 49.645 18.893
    endloop
  endfacet
  facet normal 0 0.74027 0.672309
    outer loop
      vertex 80 46.1434 13.8731
      vertex 77 45.8763 14.1672
      vertex 80 45.8763 14.1672
    endloop
  endfacet
  facet normal 0 0.74027 0.672309
    outer loop
      vertex 77 45.8763 14.1672
      vertex 80 46.1434 13.8731
      vertex 77 46.1434 13.8731
    endloop
  endfacet
  facet normal 0 0.999489 -0.0319655
    outer loop
      vertex 80 45.2016 16.0006
      vertex 77 45.2143 16.3977
      vertex 80 45.2143 16.3977
    endloop
  endfacet
  facet normal 0 0.999489 -0.0319655
    outer loop
      vertex 77 45.2143 16.3977
      vertex 80 45.2016 16.0006
      vertex 77 45.2016 16.0006
    endloop
  endfacet
  facet normal -0 0 1
    outer loop
      vertex 0 58.3 18
      vertex 3 38.3 18
      vertex 3 58.3 18
    endloop
  endfacet
  facet normal 0 0 1
    outer loop
      vertex 3 38.3 18
      vertex 0 58.3 18
      vertex 0 38.3 18
    endloop
  endfacet
  facet normal 0 -1 0
    outer loop
      vertex 0 58.3 18
      vertex 3 58.3 25
      vertex 0 58.3 25
    endloop
  endfacet
  facet normal 0 -1 -0
    outer loop
      vertex 3 58.3 25
      vertex 0 58.3 18
      vertex 3 58.3 18
    endloop
  endfacet
  facet normal 0 1 -0
    outer loop
      vertex 3 38.3 18
      vertex 0 38.3 25
      vertex 3 38.3 25
    endloop
  endfacet
  facet normal 0 1 0
    outer loop
      vertex 0 38.3 25
      vertex 3 38.3 18
      vertex 0 38.3 18
    endloop
  endfacet
endsolid OpenSCAD_Model
